regulator,p_value,overlap_genes,n_overlap,fdr
CD40L,8.048379546901594e-5,"NFKB2,SEMA3C,SQSTM1",3,0.0016901597048493348
IL1A,0.003458357516845509,"NFKB2,SQSTM1",2,0.010376091765964341
IL1B,0.003458357516845509,"NFKB2,SQSTM1",2,0.010376091765964341
IL36,0.0034580178284142555,"NFKB2,SEMA3C",2,0.010376091765964341
TNFA,0.0034580178284142555,"NFKB2,SQSTM1",2,0.010376091765964341
TRAIL,0.003458697255321447,"NFKB2,SQSTM1",2,0.010376091765964341
TWEAK,0.0034580178284142555,"NFKB2,SQSTM1",2,0.010376091765964341
