Source	Target	Type	Class	FDR_log
ADIPOQ	ACSL5	Directed	cytokine	11.906578314837764
ADIPOQ	BAX	Directed	cytokine	11.906578314837764
ADIPOQ	BCL3	Directed	cytokine	11.906578314837764
ADIPOQ	CCL2	Directed	cytokine	11.906578314837764
ADIPOQ	CCL20	Directed	cytokine	11.906578314837764
ADIPOQ	CCL5	Directed	cytokine	11.906578314837764
ADIPOQ	CD163	Directed	cytokine	11.906578314837764
ADIPOQ	CDKN1A	Directed	cytokine	11.906578314837764
ADIPOQ	CDKN2A	Directed	cytokine	11.906578314837764
ADIPOQ	CMKLR1	Directed	cytokine	11.906578314837764
ADIPOQ	CXCL1	Directed	cytokine	11.906578314837764
ADIPOQ	CXCL10	Directed	cytokine	11.906578314837764
ADIPOQ	CXCL11	Directed	cytokine	11.906578314837764
ADIPOQ	CXCL3	Directed	cytokine	11.906578314837764
ADIPOQ	CXCL8	Directed	cytokine	11.906578314837764
ADIPOQ	CXCL9	Directed	cytokine	11.906578314837764
ADIPOQ	CYBA	Directed	cytokine	11.906578314837764
ADIPOQ	CYBB	Directed	cytokine	11.906578314837764
ADIPOQ	CYP19A1	Directed	cytokine	11.906578314837764
ADIPOQ	FOXP3	Directed	cytokine	11.906578314837764
ADIPOQ	FZD2	Directed	cytokine	11.906578314837764
ADIPOQ	GK	Directed	cytokine	11.906578314837764
ADIPOQ	GPI	Directed	cytokine	11.906578314837764
ADIPOQ	HBEGF	Directed	cytokine	11.906578314837764
ADIPOQ	ICAM1	Directed	cytokine	11.906578314837764
ADIPOQ	IFNB1	Directed	cytokine	11.906578314837764
ADIPOQ	IFNG	Directed	cytokine	11.906578314837764
ADIPOQ	IL10	Directed	cytokine	11.906578314837764
ADIPOQ	IL12A	Directed	cytokine	11.906578314837764
ADIPOQ	IL12B	Directed	cytokine	11.906578314837764
ADIPOQ	IL13	Directed	cytokine	11.906578314837764
ADIPOQ	IL17A	Directed	cytokine	11.906578314837764
ADIPOQ	IL1B	Directed	cytokine	11.906578314837764
ADIPOQ	IL4	Directed	cytokine	11.906578314837764
ADIPOQ	IL4R	Directed	cytokine	11.906578314837764
ADIPOQ	IL6	Directed	cytokine	11.906578314837764
ADIPOQ	ITGA4	Directed	cytokine	11.906578314837764
ADIPOQ	KLRK1	Directed	cytokine	11.906578314837764
ADIPOQ	LDLR	Directed	cytokine	11.906578314837764
ADIPOQ	MMP1	Directed	cytokine	11.906578314837764
ADIPOQ	MMP13	Directed	cytokine	11.906578314837764
ADIPOQ	MMP3	Directed	cytokine	11.906578314837764
ADIPOQ	MMP9	Directed	cytokine	11.906578314837764
ADIPOQ	MSR1	Directed	cytokine	11.906578314837764
ADIPOQ	NCF1	Directed	cytokine	11.906578314837764
ADIPOQ	NCF2	Directed	cytokine	11.906578314837764
ADIPOQ	NCF4	Directed	cytokine	11.906578314837764
ADIPOQ	NFKBIA	Directed	cytokine	11.906578314837764
ADIPOQ	NOS2	Directed	cytokine	11.906578314837764
ADIPOQ	PGAM1	Directed	cytokine	11.906578314837764
ADIPOQ	PTGS2	Directed	cytokine	11.906578314837764
ADIPOQ	RUNX2	Directed	cytokine	11.906578314837764
ADIPOQ	SIGLEC10	Directed	cytokine	11.906578314837764
ADIPOQ	SLC27A2	Directed	cytokine	11.906578314837764
ADIPOQ	SLC2A3	Directed	cytokine	11.906578314837764
ADIPOQ	SOCS3	Directed	cytokine	11.906578314837764
ADIPOQ	SOD2	Directed	cytokine	11.906578314837764
ADIPOQ	SPI1	Directed	cytokine	11.906578314837764
ADIPOQ	STAT3	Directed	cytokine	11.906578314837764
ADIPOQ	TGFB1	Directed	cytokine	11.906578314837764
ADIPOQ	TIMP1	Directed	cytokine	11.906578314837764
ADIPOQ	TNF	Directed	cytokine	11.906578314837764
ADIPOQ	TNFAIP3	Directed	cytokine	11.906578314837764
ADIPOQ	TNIP3	Directed	cytokine	11.906578314837764
ADIPOQ	TRAF1	Directed	cytokine	11.906578314837764
ADIPOQ	UCP2	Directed	cytokine	11.906578314837764
ADIPOQ	VCAM1	Directed	cytokine	11.906578314837764
ADIPOQ	VEGFC	Directed	cytokine	11.906578314837764
ADIPOQ	WNT1	Directed	cytokine	11.906578314837764
CCL20	C3	Directed	cytokine	12.161780778092375
CCL20	C3AR1	Directed	cytokine	12.161780778092375
CCL20	CASP1	Directed	cytokine	12.161780778092375
CCL20	CCL2	Directed	cytokine	12.161780778092375
CCL20	CCR2	Directed	cytokine	12.161780778092375
CCL20	CLEC7A	Directed	cytokine	12.161780778092375
CCL20	CYBB	Directed	cytokine	12.161780778092375
CCL20	FCER1G	Directed	cytokine	12.161780778092375
CCL20	FCGR1A	Directed	cytokine	12.161780778092375
CCL20	HAVCR2	Directed	cytokine	12.161780778092375
CCL20	IL1B	Directed	cytokine	12.161780778092375
CCL20	IL1RN	Directed	cytokine	12.161780778092375
CCL20	ITGAM	Directed	cytokine	12.161780778092375
CCL20	NCF1	Directed	cytokine	12.161780778092375
CCL20	NLRC4	Directed	cytokine	12.161780778092375
CCL20	NLRP3	Directed	cytokine	12.161780778092375
CCL20	OLR1	Directed	cytokine	12.161780778092375
CCL20	PIK3CG	Directed	cytokine	12.161780778092375
CCL20	PLA2G7	Directed	cytokine	12.161780778092375
CCL20	PLD4	Directed	cytokine	12.161780778092375
CCL20	SYK	Directed	cytokine	12.161780778092375
CCL20	TLR4	Directed	cytokine	12.161780778092375
CCL20	ZC3H12A	Directed	cytokine	12.161780778092375
CCL3	APOBEC3G	Directed	cytokine	12.3767507096021
CCL3	CCL2	Directed	cytokine	12.3767507096021
CCL3	CCL20	Directed	cytokine	12.3767507096021
CCL3	CCL3	Directed	cytokine	12.3767507096021
CCL3	CCL4	Directed	cytokine	12.3767507096021
CCL3	CCR1	Directed	cytokine	12.3767507096021
CCL3	CCR5	Directed	cytokine	12.3767507096021
CCL3	CXCL9	Directed	cytokine	12.3767507096021
CCL3	IFNG	Directed	cytokine	12.3767507096021
CCL3	IL1B	Directed	cytokine	12.3767507096021
CCL3	IL6	Directed	cytokine	12.3767507096021
CCL3	ITGA5	Directed	cytokine	12.3767507096021
CCL3	ITGAM	Directed	cytokine	12.3767507096021
CCL3	SELE	Directed	cytokine	12.3767507096021
CCL3	STAT1	Directed	cytokine	12.3767507096021
CCL3	STAT3	Directed	cytokine	12.3767507096021
CCL3	TNF	Directed	cytokine	12.3767507096021
CCL3	TNFSF11	Directed	cytokine	12.3767507096021
CD40LG	ANXA6	Directed	cytokine	107.06803388527183
CD40LG	APOBEC3G	Directed	cytokine	107.06803388527183
CD40LG	ARSB	Directed	cytokine	107.06803388527183
CD40LG	ASCC3	Directed	cytokine	107.06803388527183
CD40LG	ATF3	Directed	cytokine	107.06803388527183
CD40LG	ATF5	Directed	cytokine	107.06803388527183
CD40LG	B2M	Directed	cytokine	107.06803388527183
CD40LG	BAK1	Directed	cytokine	107.06803388527183
CD40LG	BATF	Directed	cytokine	107.06803388527183
CD40LG	BATF3	Directed	cytokine	107.06803388527183
CD40LG	BAX	Directed	cytokine	107.06803388527183
CD40LG	BCL2A1	Directed	cytokine	107.06803388527183
CD40LG	BIRC3	Directed	cytokine	107.06803388527183
CD40LG	CA2	Directed	cytokine	107.06803388527183
CD40LG	CASP1	Directed	cytokine	107.06803388527183
CD40LG	CCL17	Directed	cytokine	107.06803388527183
CD40LG	CCL18	Directed	cytokine	107.06803388527183
CD40LG	CCL19	Directed	cytokine	107.06803388527183
CD40LG	CCL2	Directed	cytokine	107.06803388527183
CD40LG	CCL20	Directed	cytokine	107.06803388527183
CD40LG	CCL22	Directed	cytokine	107.06803388527183
CD40LG	CCL3	Directed	cytokine	107.06803388527183
CD40LG	CCL4	Directed	cytokine	107.06803388527183
CD40LG	CCL5	Directed	cytokine	107.06803388527183
CD40LG	CCND3	Directed	cytokine	107.06803388527183
CD40LG	CCR1	Directed	cytokine	107.06803388527183
CD40LG	CCR2	Directed	cytokine	107.06803388527183
CD40LG	CCR5	Directed	cytokine	107.06803388527183
CD40LG	CCR7	Directed	cytokine	107.06803388527183
CD40LG	CD1C	Directed	cytokine	107.06803388527183
CD40LG	CD1D	Directed	cytokine	107.06803388527183
CD40LG	CD27	Directed	cytokine	107.06803388527183
CD40LG	CD38	Directed	cytokine	107.06803388527183
CD40LG	CD40	Directed	cytokine	107.06803388527183
CD40LG	CD40LG	Directed	cytokine	107.06803388527183
CD40LG	CD63	Directed	cytokine	107.06803388527183
CD40LG	CD69	Directed	cytokine	107.06803388527183
CD40LG	CD80	Directed	cytokine	107.06803388527183
CD40LG	CD83	Directed	cytokine	107.06803388527183
CD40LG	CD86	Directed	cytokine	107.06803388527183
CD40LG	CD8A	Directed	cytokine	107.06803388527183
CD40LG	CDC25B	Directed	cytokine	107.06803388527183
CD40LG	CDKN1A	Directed	cytokine	107.06803388527183
CD40LG	CELF2	Directed	cytokine	107.06803388527183
CD40LG	CFLAR	Directed	cytokine	107.06803388527183
CD40LG	CFP	Directed	cytokine	107.06803388527183
CD40LG	CIITA	Directed	cytokine	107.06803388527183
CD40LG	CLU	Directed	cytokine	107.06803388527183
CD40LG	CSF1	Directed	cytokine	107.06803388527183
CD40LG	CSF2RA	Directed	cytokine	107.06803388527183
CD40LG	CTSC	Directed	cytokine	107.06803388527183
CD40LG	CXCL1	Directed	cytokine	107.06803388527183
CD40LG	CXCL10	Directed	cytokine	107.06803388527183
CD40LG	CXCL2	Directed	cytokine	107.06803388527183
CD40LG	CXCL5	Directed	cytokine	107.06803388527183
CD40LG	CXCL8	Directed	cytokine	107.06803388527183
CD40LG	CXCR3	Directed	cytokine	107.06803388527183
CD40LG	CXCR4	Directed	cytokine	107.06803388527183
CD40LG	CYTIP	Directed	cytokine	107.06803388527183
CD40LG	DAPP1	Directed	cytokine	107.06803388527183
CD40LG	DUSP5	Directed	cytokine	107.06803388527183
CD40LG	EBI3	Directed	cytokine	107.06803388527183
CD40LG	EGR4	Directed	cytokine	107.06803388527183
CD40LG	EIF2AK2	Directed	cytokine	107.06803388527183
CD40LG	FAS	Directed	cytokine	107.06803388527183
CD40LG	FASLG	Directed	cytokine	107.06803388527183
CD40LG	FCER2	Directed	cytokine	107.06803388527183
CD40LG	FCGR2B	Directed	cytokine	107.06803388527183
CD40LG	FLT1	Directed	cytokine	107.06803388527183
CD40LG	FSCN1	Directed	cytokine	107.06803388527183
CD40LG	G0S2	Directed	cytokine	107.06803388527183
CD40LG	GCH1	Directed	cytokine	107.06803388527183
CD40LG	GPR183	Directed	cytokine	107.06803388527183
CD40LG	GZMB	Directed	cytokine	107.06803388527183
CD40LG	HIF1A	Directed	cytokine	107.06803388527183
CD40LG	HK2	Directed	cytokine	107.06803388527183
CD40LG	HLA-DQA1	Directed	cytokine	107.06803388527183
CD40LG	HLA-DQA2	Directed	cytokine	107.06803388527183
CD40LG	HLA-DRB4	Directed	cytokine	107.06803388527183
CD40LG	HSP90AA1	Directed	cytokine	107.06803388527183
CD40LG	ICAM1	Directed	cytokine	107.06803388527183
CD40LG	IDO1	Directed	cytokine	107.06803388527183
CD40LG	IDO2	Directed	cytokine	107.06803388527183
CD40LG	IFI44	Directed	cytokine	107.06803388527183
CD40LG	IFI6	Directed	cytokine	107.06803388527183
CD40LG	IFIT1	Directed	cytokine	107.06803388527183
CD40LG	IFIT2	Directed	cytokine	107.06803388527183
CD40LG	IFIT3	Directed	cytokine	107.06803388527183
CD40LG	IFITM1	Directed	cytokine	107.06803388527183
CD40LG	IFNG	Directed	cytokine	107.06803388527183
CD40LG	IGHG1	Directed	cytokine	107.06803388527183
CD40LG	IGHG3	Directed	cytokine	107.06803388527183
CD40LG	IL10	Directed	cytokine	107.06803388527183
CD40LG	IL10RA	Directed	cytokine	107.06803388527183
CD40LG	IL12A	Directed	cytokine	107.06803388527183
CD40LG	IL12B	Directed	cytokine	107.06803388527183
CD40LG	IL12RB1	Directed	cytokine	107.06803388527183
CD40LG	IL13RA1	Directed	cytokine	107.06803388527183
CD40LG	IL15	Directed	cytokine	107.06803388527183
CD40LG	IL1B	Directed	cytokine	107.06803388527183
CD40LG	IL2	Directed	cytokine	107.06803388527183
CD40LG	IL21R	Directed	cytokine	107.06803388527183
CD40LG	IL24	Directed	cytokine	107.06803388527183
CD40LG	IL27	Directed	cytokine	107.06803388527183
CD40LG	IL2RA	Directed	cytokine	107.06803388527183
CD40LG	IL2RB	Directed	cytokine	107.06803388527183
CD40LG	IL36A	Directed	cytokine	107.06803388527183
CD40LG	IL3RA	Directed	cytokine	107.06803388527183
CD40LG	IL4	Directed	cytokine	107.06803388527183
CD40LG	IL4R	Directed	cytokine	107.06803388527183
CD40LG	IL6	Directed	cytokine	107.06803388527183
CD40LG	IL7R	Directed	cytokine	107.06803388527183
CD40LG	INHBA	Directed	cytokine	107.06803388527183
CD40LG	IRF1	Directed	cytokine	107.06803388527183
CD40LG	IRF2	Directed	cytokine	107.06803388527183
CD40LG	IRF4	Directed	cytokine	107.06803388527183
CD40LG	ISG15	Directed	cytokine	107.06803388527183
CD40LG	ITGA4	Directed	cytokine	107.06803388527183
CD40LG	ITGAM	Directed	cytokine	107.06803388527183
CD40LG	ITGB2	Directed	cytokine	107.06803388527183
CD40LG	ITGB7	Directed	cytokine	107.06803388527183
CD40LG	JAK2	Directed	cytokine	107.06803388527183
CD40LG	JUNB	Directed	cytokine	107.06803388527183
CD40LG	KIF2A	Directed	cytokine	107.06803388527183
CD40LG	LAMP3	Directed	cytokine	107.06803388527183
CD40LG	LIG4	Directed	cytokine	107.06803388527183
CD40LG	LTA	Directed	cytokine	107.06803388527183
CD40LG	LTB	Directed	cytokine	107.06803388527183
CD40LG	LYL1	Directed	cytokine	107.06803388527183
CD40LG	MARCKS	Directed	cytokine	107.06803388527183
CD40LG	MARCKSL1	Directed	cytokine	107.06803388527183
CD40LG	MCL1	Directed	cytokine	107.06803388527183
CD40LG	MT1E	Directed	cytokine	107.06803388527183
CD40LG	MT1G	Directed	cytokine	107.06803388527183
CD40LG	MT2A	Directed	cytokine	107.06803388527183
CD40LG	MX1	Directed	cytokine	107.06803388527183
CD40LG	NAMPT	Directed	cytokine	107.06803388527183
CD40LG	NEFH	Directed	cytokine	107.06803388527183
CD40LG	NFKB1	Directed	cytokine	107.06803388527183
CD40LG	NFKB2	Directed	cytokine	107.06803388527183
CD40LG	NFKBIA	Directed	cytokine	107.06803388527183
CD40LG	NFKBIB	Directed	cytokine	107.06803388527183
CD40LG	NFKBIE	Directed	cytokine	107.06803388527183
CD40LG	NINJ1	Directed	cytokine	107.06803388527183
CD40LG	NOS2	Directed	cytokine	107.06803388527183
CD40LG	NR4A3	Directed	cytokine	107.06803388527183
CD40LG	PALM2AKAP2	Directed	cytokine	107.06803388527183
CD40LG	PIM1	Directed	cytokine	107.06803388527183
CD40LG	PLAU	Directed	cytokine	107.06803388527183
CD40LG	PLAUR	Directed	cytokine	107.06803388527183
CD40LG	PLEK	Directed	cytokine	107.06803388527183
CD40LG	PMAIP1	Directed	cytokine	107.06803388527183
CD40LG	PML	Directed	cytokine	107.06803388527183
CD40LG	PSMA2	Directed	cytokine	107.06803388527183
CD40LG	PSMB10	Directed	cytokine	107.06803388527183
CD40LG	PSMB8	Directed	cytokine	107.06803388527183
CD40LG	PSMB9	Directed	cytokine	107.06803388527183
CD40LG	PSME1	Directed	cytokine	107.06803388527183
CD40LG	PSME2	Directed	cytokine	107.06803388527183
CD40LG	PTGS2	Directed	cytokine	107.06803388527183
CD40LG	PTPN1	Directed	cytokine	107.06803388527183
CD40LG	PTPN7	Directed	cytokine	107.06803388527183
CD40LG	RASSF2	Directed	cytokine	107.06803388527183
CD40LG	RB1	Directed	cytokine	107.06803388527183
CD40LG	RELB	Directed	cytokine	107.06803388527183
CD40LG	RGS1	Directed	cytokine	107.06803388527183
CD40LG	RUNX3	Directed	cytokine	107.06803388527183
CD40LG	SAMSN1	Directed	cytokine	107.06803388527183
CD40LG	SELE	Directed	cytokine	107.06803388527183
CD40LG	SELL	Directed	cytokine	107.06803388527183
CD40LG	SELP	Directed	cytokine	107.06803388527183
CD40LG	SELPLG	Directed	cytokine	107.06803388527183
CD40LG	SEMA4D	Directed	cytokine	107.06803388527183
CD40LG	SERPINE1	Directed	cytokine	107.06803388527183
CD40LG	SLAMF1	Directed	cytokine	107.06803388527183
CD40LG	SOCS1	Directed	cytokine	107.06803388527183
CD40LG	SOD2	Directed	cytokine	107.06803388527183
CD40LG	STAT1	Directed	cytokine	107.06803388527183
CD40LG	STAT3	Directed	cytokine	107.06803388527183
CD40LG	STAT4	Directed	cytokine	107.06803388527183
CD40LG	STAT5A	Directed	cytokine	107.06803388527183
CD40LG	STK4	Directed	cytokine	107.06803388527183
CD40LG	TANK	Directed	cytokine	107.06803388527183
CD40LG	TAP1	Directed	cytokine	107.06803388527183
CD40LG	TAP2	Directed	cytokine	107.06803388527183
CD40LG	TFRC	Directed	cytokine	107.06803388527183
CD40LG	TGM2	Directed	cytokine	107.06803388527183
CD40LG	TICAM1	Directed	cytokine	107.06803388527183
CD40LG	TNF	Directed	cytokine	107.06803388527183
CD40LG	TNFAIP2	Directed	cytokine	107.06803388527183
CD40LG	TNFAIP3	Directed	cytokine	107.06803388527183
CD40LG	TNFAIP6	Directed	cytokine	107.06803388527183
CD40LG	TNFRSF11B	Directed	cytokine	107.06803388527183
CD40LG	TNFRSF13B	Directed	cytokine	107.06803388527183
CD40LG	TNFSF10	Directed	cytokine	107.06803388527183
CD40LG	TNFSF11	Directed	cytokine	107.06803388527183
CD40LG	TNFSF13B	Directed	cytokine	107.06803388527183
CD40LG	TNFSF8	Directed	cytokine	107.06803388527183
CD40LG	TNIP1	Directed	cytokine	107.06803388527183
CD40LG	TRADD	Directed	cytokine	107.06803388527183
CD40LG	TRAF1	Directed	cytokine	107.06803388527183
CD40LG	TRAF2	Directed	cytokine	107.06803388527183
CD40LG	TRAF3	Directed	cytokine	107.06803388527183
CD40LG	TUBB	Directed	cytokine	107.06803388527183
CD40LG	TYMP	Directed	cytokine	107.06803388527183
CD40LG	UBD	Directed	cytokine	107.06803388527183
CD40LG	VCAM1	Directed	cytokine	107.06803388527183
CD40LG	VEGFA	Directed	cytokine	107.06803388527183
CD40LG	ZAP70	Directed	cytokine	107.06803388527183
CSF1	ADGRE1	Directed	cytokine	92.85078088734463
CSF1	ADGRE5	Directed	cytokine	92.85078088734463
CSF1	ALOX5	Directed	cytokine	92.85078088734463
CSF1	APOL6	Directed	cytokine	92.85078088734463
CSF1	BAX	Directed	cytokine	92.85078088734463
CSF1	BCL2L11	Directed	cytokine	92.85078088734463
CSF1	BHLHE40	Directed	cytokine	92.85078088734463
CSF1	BST2	Directed	cytokine	92.85078088734463
CSF1	C5AR1	Directed	cytokine	92.85078088734463
CSF1	CCL2	Directed	cytokine	92.85078088734463
CSF1	CCL3	Directed	cytokine	92.85078088734463
CSF1	CCL5	Directed	cytokine	92.85078088734463
CSF1	CCND2	Directed	cytokine	92.85078088734463
CSF1	CCND3	Directed	cytokine	92.85078088734463
CSF1	CCR1	Directed	cytokine	92.85078088734463
CSF1	CCR2	Directed	cytokine	92.85078088734463
CSF1	CD163	Directed	cytokine	92.85078088734463
CSF1	CD209	Directed	cytokine	92.85078088734463
CSF1	CD274	Directed	cytokine	92.85078088734463
CSF1	CD68	Directed	cytokine	92.85078088734463
CSF1	CD74	Directed	cytokine	92.85078088734463
CSF1	CD80	Directed	cytokine	92.85078088734463
CSF1	CD83	Directed	cytokine	92.85078088734463
CSF1	CD86	Directed	cytokine	92.85078088734463
CSF1	CDKN1A	Directed	cytokine	92.85078088734463
CSF1	CFP	Directed	cytokine	92.85078088734463
CSF1	CIMAP1B	Directed	cytokine	92.85078088734463
CSF1	CLEC7A	Directed	cytokine	92.85078088734463
CSF1	CMPK2	Directed	cytokine	92.85078088734463
CSF1	CMTR1	Directed	cytokine	92.85078088734463
CSF1	CSF1	Directed	cytokine	92.85078088734463
CSF1	CSF1R	Directed	cytokine	92.85078088734463
CSF1	CTSH	Directed	cytokine	92.85078088734463
CSF1	CXCL10	Directed	cytokine	92.85078088734463
CSF1	CXCL11	Directed	cytokine	92.85078088734463
CSF1	CXCL9	Directed	cytokine	92.85078088734463
CSF1	CYBB	Directed	cytokine	92.85078088734463
CSF1	DDX60	Directed	cytokine	92.85078088734463
CSF1	DDX60L	Directed	cytokine	92.85078088734463
CSF1	DHX58	Directed	cytokine	92.85078088734463
CSF1	DOK2	Directed	cytokine	92.85078088734463
CSF1	DTX3L	Directed	cytokine	92.85078088734463
CSF1	DUSP5	Directed	cytokine	92.85078088734463
CSF1	EIF2AK2	Directed	cytokine	92.85078088734463
CSF1	ENO1	Directed	cytokine	92.85078088734463
CSF1	FAS	Directed	cytokine	92.85078088734463
CSF1	FASLG	Directed	cytokine	92.85078088734463
CSF1	FCER1G	Directed	cytokine	92.85078088734463
CSF1	FCGR2A	Directed	cytokine	92.85078088734463
CSF1	FCGR3A	Directed	cytokine	92.85078088734463
CSF1	FERMT3	Directed	cytokine	92.85078088734463
CSF1	GAB3	Directed	cytokine	92.85078088734463
CSF1	GBP1	Directed	cytokine	92.85078088734463
CSF1	GLS	Directed	cytokine	92.85078088734463
CSF1	GPI	Directed	cytokine	92.85078088734463
CSF1	GPR68	Directed	cytokine	92.85078088734463
CSF1	GRAP2	Directed	cytokine	92.85078088734463
CSF1	HELZ2	Directed	cytokine	92.85078088734463
CSF1	HERC5	Directed	cytokine	92.85078088734463
CSF1	HIF1A	Directed	cytokine	92.85078088734463
CSF1	HK2	Directed	cytokine	92.85078088734463
CSF1	HLA-A	Directed	cytokine	92.85078088734463
CSF1	HSP90B1	Directed	cytokine	92.85078088734463
CSF1	HSPA5	Directed	cytokine	92.85078088734463
CSF1	IDO1	Directed	cytokine	92.85078088734463
CSF1	IDO2	Directed	cytokine	92.85078088734463
CSF1	IFI16	Directed	cytokine	92.85078088734463
CSF1	IFI35	Directed	cytokine	92.85078088734463
CSF1	IFI44	Directed	cytokine	92.85078088734463
CSF1	IFI44L	Directed	cytokine	92.85078088734463
CSF1	IFI6	Directed	cytokine	92.85078088734463
CSF1	IFIH1	Directed	cytokine	92.85078088734463
CSF1	IFIT1	Directed	cytokine	92.85078088734463
CSF1	IFIT2	Directed	cytokine	92.85078088734463
CSF1	IFIT3	Directed	cytokine	92.85078088734463
CSF1	IFIT5	Directed	cytokine	92.85078088734463
CSF1	IFITM1	Directed	cytokine	92.85078088734463
CSF1	IFNB1	Directed	cytokine	92.85078088734463
CSF1	IFNG	Directed	cytokine	92.85078088734463
CSF1	IKBKE	Directed	cytokine	92.85078088734463
CSF1	IL10	Directed	cytokine	92.85078088734463
CSF1	IL10RA	Directed	cytokine	92.85078088734463
CSF1	IL12A	Directed	cytokine	92.85078088734463
CSF1	IL12B	Directed	cytokine	92.85078088734463
CSF1	IL18BP	Directed	cytokine	92.85078088734463
CSF1	IL1B	Directed	cytokine	92.85078088734463
CSF1	IL1RL1	Directed	cytokine	92.85078088734463
CSF1	IL23A	Directed	cytokine	92.85078088734463
CSF1	IL27	Directed	cytokine	92.85078088734463
CSF1	IL2RB	Directed	cytokine	92.85078088734463
CSF1	IL3	Directed	cytokine	92.85078088734463
CSF1	IL6	Directed	cytokine	92.85078088734463
CSF1	IL7R	Directed	cytokine	92.85078088734463
CSF1	IRF1	Directed	cytokine	92.85078088734463
CSF1	IRF4	Directed	cytokine	92.85078088734463
CSF1	IRF5	Directed	cytokine	92.85078088734463
CSF1	IRF7	Directed	cytokine	92.85078088734463
CSF1	IRF8	Directed	cytokine	92.85078088734463
CSF1	IRF9	Directed	cytokine	92.85078088734463
CSF1	ISG15	Directed	cytokine	92.85078088734463
CSF1	ITGA4	Directed	cytokine	92.85078088734463
CSF1	ITGA5	Directed	cytokine	92.85078088734463
CSF1	ITGAM	Directed	cytokine	92.85078088734463
CSF1	ITGAX	Directed	cytokine	92.85078088734463
CSF1	ITGB3	Directed	cytokine	92.85078088734463
CSF1	JUNB	Directed	cytokine	92.85078088734463
CSF1	LAG3	Directed	cytokine	92.85078088734463
CSF1	LAP3	Directed	cytokine	92.85078088734463
CSF1	LDHA	Directed	cytokine	92.85078088734463
CSF1	LGALS3BP	Directed	cytokine	92.85078088734463
CSF1	LGALS9	Directed	cytokine	92.85078088734463
CSF1	LY6E	Directed	cytokine	92.85078088734463
CSF1	MMP12	Directed	cytokine	92.85078088734463
CSF1	MMP9	Directed	cytokine	92.85078088734463
CSF1	MPO	Directed	cytokine	92.85078088734463
CSF1	MRC1	Directed	cytokine	92.85078088734463
CSF1	MSR1	Directed	cytokine	92.85078088734463
CSF1	MX1	Directed	cytokine	92.85078088734463
CSF1	MX2	Directed	cytokine	92.85078088734463
CSF1	MYD88	Directed	cytokine	92.85078088734463
CSF1	NBN	Directed	cytokine	92.85078088734463
CSF1	NCF2	Directed	cytokine	92.85078088734463
CSF1	NFKB2	Directed	cytokine	92.85078088734463
CSF1	NOS2	Directed	cytokine	92.85078088734463
CSF1	OAS1	Directed	cytokine	92.85078088734463
CSF1	OAS2	Directed	cytokine	92.85078088734463
CSF1	OAS3	Directed	cytokine	92.85078088734463
CSF1	OASL	Directed	cytokine	92.85078088734463
CSF1	OGFR	Directed	cytokine	92.85078088734463
CSF1	OSCAR	Directed	cytokine	92.85078088734463
CSF1	P2RY12	Directed	cytokine	92.85078088734463
CSF1	PARP10	Directed	cytokine	92.85078088734463
CSF1	PARP14	Directed	cytokine	92.85078088734463
CSF1	PARP9	Directed	cytokine	92.85078088734463
CSF1	PHF11	Directed	cytokine	92.85078088734463
CSF1	PKM	Directed	cytokine	92.85078088734463
CSF1	PLAU	Directed	cytokine	92.85078088734463
CSF1	PLSCR1	Directed	cytokine	92.85078088734463
CSF1	PSMB9	Directed	cytokine	92.85078088734463
CSF1	PTPRC	Directed	cytokine	92.85078088734463
CSF1	PTPRJ	Directed	cytokine	92.85078088734463
CSF1	RIGI	Directed	cytokine	92.85078088734463
CSF1	RSAD2	Directed	cytokine	92.85078088734463
CSF1	RUNX1	Directed	cytokine	92.85078088734463
CSF1	SAMD9	Directed	cytokine	92.85078088734463
CSF1	SAMD9L	Directed	cytokine	92.85078088734463
CSF1	SAMHD1	Directed	cytokine	92.85078088734463
CSF1	SERPINE2	Directed	cytokine	92.85078088734463
CSF1	SHISA5	Directed	cytokine	92.85078088734463
CSF1	SIGLEC1	Directed	cytokine	92.85078088734463
CSF1	SLC16A3	Directed	cytokine	92.85078088734463
CSF1	SLCO2B1	Directed	cytokine	92.85078088734463
CSF1	SOCS1	Directed	cytokine	92.85078088734463
CSF1	SOCS2	Directed	cytokine	92.85078088734463
CSF1	SP110	Directed	cytokine	92.85078088734463
CSF1	SPI1	Directed	cytokine	92.85078088734463
CSF1	SPP1	Directed	cytokine	92.85078088734463
CSF1	STAT1	Directed	cytokine	92.85078088734463
CSF1	STAT2	Directed	cytokine	92.85078088734463
CSF1	TDO2	Directed	cytokine	92.85078088734463
CSF1	TGFB1	Directed	cytokine	92.85078088734463
CSF1	THBS1	Directed	cytokine	92.85078088734463
CSF1	TLR1	Directed	cytokine	92.85078088734463
CSF1	TLR2	Directed	cytokine	92.85078088734463
CSF1	TLR6	Directed	cytokine	92.85078088734463
CSF1	TLR9	Directed	cytokine	92.85078088734463
CSF1	TNF	Directed	cytokine	92.85078088734463
CSF1	TNFAIP3	Directed	cytokine	92.85078088734463
CSF1	TNFRSF1B	Directed	cytokine	92.85078088734463
CSF1	TPI1	Directed	cytokine	92.85078088734463
CSF1	TRAF2	Directed	cytokine	92.85078088734463
CSF1	TRANK1	Directed	cytokine	92.85078088734463
CSF1	TRIM14	Directed	cytokine	92.85078088734463
CSF1	TRIM21	Directed	cytokine	92.85078088734463
CSF1	TRIM22	Directed	cytokine	92.85078088734463
CSF1	TRIM25	Directed	cytokine	92.85078088734463
CSF1	TRIM5	Directed	cytokine	92.85078088734463
CSF1	TYMP	Directed	cytokine	92.85078088734463
CSF1	UBE2L6	Directed	cytokine	92.85078088734463
CSF1	USP18	Directed	cytokine	92.85078088734463
CSF1	VCAM1	Directed	cytokine	92.85078088734463
CSF1	VEGFA	Directed	cytokine	92.85078088734463
CSF1	XAF1	Directed	cytokine	92.85078088734463
CSF1	ZNFX1	Directed	cytokine	92.85078088734463
CSF2	ADAM8	Directed	cytokine	79.95078197732983
CSF2	ADGRE5	Directed	cytokine	79.95078197732983
CSF2	AKR1A1	Directed	cytokine	79.95078197732983
CSF2	ALOX5	Directed	cytokine	79.95078197732983
CSF2	ALOX5AP	Directed	cytokine	79.95078197732983
CSF2	ANXA1	Directed	cytokine	79.95078197732983
CSF2	BATF3	Directed	cytokine	79.95078197732983
CSF2	BAX	Directed	cytokine	79.95078197732983
CSF2	BCL2L11	Directed	cytokine	79.95078197732983
CSF2	BCL3	Directed	cytokine	79.95078197732983
CSF2	BID	Directed	cytokine	79.95078197732983
CSF2	BIRC3	Directed	cytokine	79.95078197732983
CSF2	C3	Directed	cytokine	79.95078197732983
CSF2	C5AR1	Directed	cytokine	79.95078197732983
CSF2	CARD11	Directed	cytokine	79.95078197732983
CSF2	CARD16	Directed	cytokine	79.95078197732983
CSF2	CARD6	Directed	cytokine	79.95078197732983
CSF2	CASP1	Directed	cytokine	79.95078197732983
CSF2	CASP3	Directed	cytokine	79.95078197732983
CSF2	CCL17	Directed	cytokine	79.95078197732983
CSF2	CCL18	Directed	cytokine	79.95078197732983
CSF2	CCL2	Directed	cytokine	79.95078197732983
CSF2	CCL25	Directed	cytokine	79.95078197732983
CSF2	CCL3	Directed	cytokine	79.95078197732983
CSF2	CCL4	Directed	cytokine	79.95078197732983
CSF2	CCND2	Directed	cytokine	79.95078197732983
CSF2	CCND3	Directed	cytokine	79.95078197732983
CSF2	CCR1	Directed	cytokine	79.95078197732983
CSF2	CCR2	Directed	cytokine	79.95078197732983
CSF2	CCR5	Directed	cytokine	79.95078197732983
CSF2	CCR7	Directed	cytokine	79.95078197732983
CSF2	CCRL2	Directed	cytokine	79.95078197732983
CSF2	CD14	Directed	cytokine	79.95078197732983
CSF2	CD163	Directed	cytokine	79.95078197732983
CSF2	CD180	Directed	cytokine	79.95078197732983
CSF2	CD1B	Directed	cytokine	79.95078197732983
CSF2	CD1C	Directed	cytokine	79.95078197732983
CSF2	CD209	Directed	cytokine	79.95078197732983
CSF2	CD274	Directed	cytokine	79.95078197732983
CSF2	CD28	Directed	cytokine	79.95078197732983
CSF2	CD33	Directed	cytokine	79.95078197732983
CSF2	CD38	Directed	cytokine	79.95078197732983
CSF2	CD40	Directed	cytokine	79.95078197732983
CSF2	CD40LG	Directed	cytokine	79.95078197732983
CSF2	CD5	Directed	cytokine	79.95078197732983
CSF2	CD63	Directed	cytokine	79.95078197732983
CSF2	CD69	Directed	cytokine	79.95078197732983
CSF2	CD74	Directed	cytokine	79.95078197732983
CSF2	CD80	Directed	cytokine	79.95078197732983
CSF2	CD83	Directed	cytokine	79.95078197732983
CSF2	CD86	Directed	cytokine	79.95078197732983
CSF2	CD8A	Directed	cytokine	79.95078197732983
CSF2	CDKN1A	Directed	cytokine	79.95078197732983
CSF2	CEACAM1	Directed	cytokine	79.95078197732983
CSF2	CHST11	Directed	cytokine	79.95078197732983
CSF2	CIITA	Directed	cytokine	79.95078197732983
CSF2	CISH	Directed	cytokine	79.95078197732983
CSF2	CLEC4C	Directed	cytokine	79.95078197732983
CSF2	CLEC4E	Directed	cytokine	79.95078197732983
CSF2	CLEC7A	Directed	cytokine	79.95078197732983
CSF2	CSF1	Directed	cytokine	79.95078197732983
CSF2	CSF1R	Directed	cytokine	79.95078197732983
CSF2	CSF2	Directed	cytokine	79.95078197732983
CSF2	CSF2RA	Directed	cytokine	79.95078197732983
CSF2	CSF2RB	Directed	cytokine	79.95078197732983
CSF2	CSF3	Directed	cytokine	79.95078197732983
CSF2	CTLA4	Directed	cytokine	79.95078197732983
CSF2	CTSC	Directed	cytokine	79.95078197732983
CSF2	CXCL1	Directed	cytokine	79.95078197732983
CSF2	CXCL2	Directed	cytokine	79.95078197732983
CSF2	CXCL8	Directed	cytokine	79.95078197732983
CSF2	CXCL9	Directed	cytokine	79.95078197732983
CSF2	CXCR3	Directed	cytokine	79.95078197732983
CSF2	CXCR4	Directed	cytokine	79.95078197732983
CSF2	CYBB	Directed	cytokine	79.95078197732983
CSF2	DOK2	Directed	cytokine	79.95078197732983
CSF2	DUSP6	Directed	cytokine	79.95078197732983
CSF2	FAS	Directed	cytokine	79.95078197732983
CSF2	FCGR1A	Directed	cytokine	79.95078197732983
CSF2	FCGR2B	Directed	cytokine	79.95078197732983
CSF2	FFAR2	Directed	cytokine	79.95078197732983
CSF2	FLT1	Directed	cytokine	79.95078197732983
CSF2	FOSL1	Directed	cytokine	79.95078197732983
CSF2	FOXP3	Directed	cytokine	79.95078197732983
CSF2	FPR2	Directed	cytokine	79.95078197732983
CSF2	GCH1	Directed	cytokine	79.95078197732983
CSF2	GCLM	Directed	cytokine	79.95078197732983
CSF2	GK	Directed	cytokine	79.95078197732983
CSF2	GRK3	Directed	cytokine	79.95078197732983
CSF2	HAS2	Directed	cytokine	79.95078197732983
CSF2	HBEGF	Directed	cytokine	79.95078197732983
CSF2	HCAR2	Directed	cytokine	79.95078197732983
CSF2	HCAR3	Directed	cytokine	79.95078197732983
CSF2	HIF1A	Directed	cytokine	79.95078197732983
CSF2	HK2	Directed	cytokine	79.95078197732983
CSF2	HLA-DMA	Directed	cytokine	79.95078197732983
CSF2	HLA-DMB	Directed	cytokine	79.95078197732983
CSF2	HSPH1	Directed	cytokine	79.95078197732983
CSF2	ICAM1	Directed	cytokine	79.95078197732983
CSF2	ICOS	Directed	cytokine	79.95078197732983
CSF2	IDO1	Directed	cytokine	79.95078197732983
CSF2	IDO2	Directed	cytokine	79.95078197732983
CSF2	IER3	Directed	cytokine	79.95078197732983
CSF2	IFNG	Directed	cytokine	79.95078197732983
CSF2	IL10	Directed	cytokine	79.95078197732983
CSF2	IL12B	Directed	cytokine	79.95078197732983
CSF2	IL13	Directed	cytokine	79.95078197732983
CSF2	IL15	Directed	cytokine	79.95078197732983
CSF2	IL1B	Directed	cytokine	79.95078197732983
CSF2	IL1RL1	Directed	cytokine	79.95078197732983
CSF2	IL1RN	Directed	cytokine	79.95078197732983
CSF2	IL23A	Directed	cytokine	79.95078197732983
CSF2	IL24	Directed	cytokine	79.95078197732983
CSF2	IL2RA	Directed	cytokine	79.95078197732983
CSF2	IL32	Directed	cytokine	79.95078197732983
CSF2	IL3RA	Directed	cytokine	79.95078197732983
CSF2	IL4	Directed	cytokine	79.95078197732983
CSF2	IL5	Directed	cytokine	79.95078197732983
CSF2	IL6	Directed	cytokine	79.95078197732983
CSF2	INHBA	Directed	cytokine	79.95078197732983
CSF2	INPP5D	Directed	cytokine	79.95078197732983
CSF2	IRF2	Directed	cytokine	79.95078197732983
CSF2	IRF4	Directed	cytokine	79.95078197732983
CSF2	IRF5	Directed	cytokine	79.95078197732983
CSF2	ITGA4	Directed	cytokine	79.95078197732983
CSF2	ITGAM	Directed	cytokine	79.95078197732983
CSF2	ITGAX	Directed	cytokine	79.95078197732983
CSF2	ITGB3	Directed	cytokine	79.95078197732983
CSF2	JAK2	Directed	cytokine	79.95078197732983
CSF2	JUNB	Directed	cytokine	79.95078197732983
CSF2	KLF1	Directed	cytokine	79.95078197732983
CSF2	LAMP3	Directed	cytokine	79.95078197732983
CSF2	LCP1	Directed	cytokine	79.95078197732983
CSF2	LDHA	Directed	cytokine	79.95078197732983
CSF2	LTA	Directed	cytokine	79.95078197732983
CSF2	LTB	Directed	cytokine	79.95078197732983
CSF2	LY75	Directed	cytokine	79.95078197732983
CSF2	LY9	Directed	cytokine	79.95078197732983
CSF2	LY96	Directed	cytokine	79.95078197732983
CSF2	MCL1	Directed	cytokine	79.95078197732983
CSF2	MET	Directed	cytokine	79.95078197732983
CSF2	MME	Directed	cytokine	79.95078197732983
CSF2	MMP1	Directed	cytokine	79.95078197732983
CSF2	MMP9	Directed	cytokine	79.95078197732983
CSF2	MPO	Directed	cytokine	79.95078197732983
CSF2	MRC1	Directed	cytokine	79.95078197732983
CSF2	NFKB1	Directed	cytokine	79.95078197732983
CSF2	NFKB2	Directed	cytokine	79.95078197732983
CSF2	NFKBIA	Directed	cytokine	79.95078197732983
CSF2	NLRP3	Directed	cytokine	79.95078197732983
CSF2	NOS2	Directed	cytokine	79.95078197732983
CSF2	NR4A3	Directed	cytokine	79.95078197732983
CSF2	ODC1	Directed	cytokine	79.95078197732983
CSF2	OLR1	Directed	cytokine	79.95078197732983
CSF2	OSM	Directed	cytokine	79.95078197732983
CSF2	OSMR	Directed	cytokine	79.95078197732983
CSF2	PDE1B	Directed	cytokine	79.95078197732983
CSF2	PDE4B	Directed	cytokine	79.95078197732983
CSF2	PIK3CG	Directed	cytokine	79.95078197732983
CSF2	PIM1	Directed	cytokine	79.95078197732983
CSF2	PIM2	Directed	cytokine	79.95078197732983
CSF2	PIM3	Directed	cytokine	79.95078197732983
CSF2	PLAU	Directed	cytokine	79.95078197732983
CSF2	PLAUR	Directed	cytokine	79.95078197732983
CSF2	PROK2	Directed	cytokine	79.95078197732983
CSF2	PTGER2	Directed	cytokine	79.95078197732983
CSF2	PTGER4	Directed	cytokine	79.95078197732983
CSF2	PTGS2	Directed	cytokine	79.95078197732983
CSF2	RB1	Directed	cytokine	79.95078197732983
CSF2	REC8	Directed	cytokine	79.95078197732983
CSF2	RELB	Directed	cytokine	79.95078197732983
CSF2	RHOH	Directed	cytokine	79.95078197732983
CSF2	RIPK2	Directed	cytokine	79.95078197732983
CSF2	RIPOR2	Directed	cytokine	79.95078197732983
CSF2	SCIMP	Directed	cytokine	79.95078197732983
CSF2	SERPINB9	Directed	cytokine	79.95078197732983
CSF2	SLAMF7	Directed	cytokine	79.95078197732983
CSF2	SLC2A3	Directed	cytokine	79.95078197732983
CSF2	SLC30A7	Directed	cytokine	79.95078197732983
CSF2	SNRPD1	Directed	cytokine	79.95078197732983
CSF2	SOCS1	Directed	cytokine	79.95078197732983
CSF2	SOCS2	Directed	cytokine	79.95078197732983
CSF2	SOCS3	Directed	cytokine	79.95078197732983
CSF2	SOD2	Directed	cytokine	79.95078197732983
CSF2	SPHK1	Directed	cytokine	79.95078197732983
CSF2	SPI1	Directed	cytokine	79.95078197732983
CSF2	SPP1	Directed	cytokine	79.95078197732983
CSF2	TARP	Directed	cytokine	79.95078197732983
CSF2	TGFB1	Directed	cytokine	79.95078197732983
CSF2	TGM2	Directed	cytokine	79.95078197732983
CSF2	THBS1	Directed	cytokine	79.95078197732983
CSF2	TICAM1	Directed	cytokine	79.95078197732983
CSF2	TIFA	Directed	cytokine	79.95078197732983
CSF2	TLR1	Directed	cytokine	79.95078197732983
CSF2	TLR2	Directed	cytokine	79.95078197732983
CSF2	TLR4	Directed	cytokine	79.95078197732983
CSF2	TLR9	Directed	cytokine	79.95078197732983
CSF2	TNF	Directed	cytokine	79.95078197732983
CSF2	TNFAIP3	Directed	cytokine	79.95078197732983
CSF2	TNFRSF1B	Directed	cytokine	79.95078197732983
CSF2	TNFRSF4	Directed	cytokine	79.95078197732983
CSF2	TNFRSF9	Directed	cytokine	79.95078197732983
CSF2	TNFSF14	Directed	cytokine	79.95078197732983
CSF2	TNFSF15	Directed	cytokine	79.95078197732983
CSF2	TNFSF8	Directed	cytokine	79.95078197732983
CSF2	TPI1	Directed	cytokine	79.95078197732983
CSF2	TPM4	Directed	cytokine	79.95078197732983
CSF2	TREM1	Directed	cytokine	79.95078197732983
CSF2	UBD	Directed	cytokine	79.95078197732983
CSF2	UPP1	Directed	cytokine	79.95078197732983
CSF2	ZFP36	Directed	cytokine	79.95078197732983
CSF3	ACTN1	Directed	cytokine	35.85387196432176
CSF3	ADGRE1	Directed	cytokine	35.85387196432176
CSF3	ARHGDIA	Directed	cytokine	35.85387196432176
CSF3	ARPC5	Directed	cytokine	35.85387196432176
CSF3	BATF	Directed	cytokine	35.85387196432176
CSF3	BAX	Directed	cytokine	35.85387196432176
CSF3	BIRC3	Directed	cytokine	35.85387196432176
CSF3	C3AR1	Directed	cytokine	35.85387196432176
CSF3	CCL2	Directed	cytokine	35.85387196432176
CSF3	CCL3	Directed	cytokine	35.85387196432176
CSF3	CCL5	Directed	cytokine	35.85387196432176
CSF3	CCND2	Directed	cytokine	35.85387196432176
CSF3	CCND3	Directed	cytokine	35.85387196432176
CSF3	CCR7	Directed	cytokine	35.85387196432176
CSF3	CD14	Directed	cytokine	35.85387196432176
CSF3	CD300LF	Directed	cytokine	35.85387196432176
CSF3	CEBPE	Directed	cytokine	35.85387196432176
CSF3	CISH	Directed	cytokine	35.85387196432176
CSF3	CSF3R	Directed	cytokine	35.85387196432176
CSF3	CTLA4	Directed	cytokine	35.85387196432176
CSF3	CXCL5	Directed	cytokine	35.85387196432176
CSF3	CXCL8	Directed	cytokine	35.85387196432176
CSF3	CXCR2	Directed	cytokine	35.85387196432176
CSF3	CXCR4	Directed	cytokine	35.85387196432176
CSF3	CYBB	Directed	cytokine	35.85387196432176
CSF3	DUSP6	Directed	cytokine	35.85387196432176
CSF3	ENPP2	Directed	cytokine	35.85387196432176
CSF3	ERAP2	Directed	cytokine	35.85387196432176
CSF3	ETS1	Directed	cytokine	35.85387196432176
CSF3	FCGR1A	Directed	cytokine	35.85387196432176
CSF3	FLOT1	Directed	cytokine	35.85387196432176
CSF3	FPR1	Directed	cytokine	35.85387196432176
CSF3	GADD45B	Directed	cytokine	35.85387196432176
CSF3	GFI1	Directed	cytokine	35.85387196432176
CSF3	GNLY	Directed	cytokine	35.85387196432176
CSF3	GPR183	Directed	cytokine	35.85387196432176
CSF3	GZMB	Directed	cytokine	35.85387196432176
CSF3	GZMH	Directed	cytokine	35.85387196432176
CSF3	HLA-DPA1	Directed	cytokine	35.85387196432176
CSF3	HLA-DQA1	Directed	cytokine	35.85387196432176
CSF3	HLA-DRA	Directed	cytokine	35.85387196432176
CSF3	HLA-DRB1	Directed	cytokine	35.85387196432176
CSF3	ICAM1	Directed	cytokine	35.85387196432176
CSF3	IFNG	Directed	cytokine	35.85387196432176
CSF3	IL10	Directed	cytokine	35.85387196432176
CSF3	IL12B	Directed	cytokine	35.85387196432176
CSF3	IL1RN	Directed	cytokine	35.85387196432176
CSF3	IL2	Directed	cytokine	35.85387196432176
CSF3	IL4	Directed	cytokine	35.85387196432176
CSF3	IL6	Directed	cytokine	35.85387196432176
CSF3	ITGAM	Directed	cytokine	35.85387196432176
CSF3	ITGB2	Directed	cytokine	35.85387196432176
CSF3	JAK3	Directed	cytokine	35.85387196432176
CSF3	KLRC1	Directed	cytokine	35.85387196432176
CSF3	KLRC2	Directed	cytokine	35.85387196432176
CSF3	LBP	Directed	cytokine	35.85387196432176
CSF3	LCN2	Directed	cytokine	35.85387196432176
CSF3	LTA	Directed	cytokine	35.85387196432176
CSF3	LTB	Directed	cytokine	35.85387196432176
CSF3	LTF	Directed	cytokine	35.85387196432176
CSF3	LY96	Directed	cytokine	35.85387196432176
CSF3	MCL1	Directed	cytokine	35.85387196432176
CSF3	MET	Directed	cytokine	35.85387196432176
CSF3	MMP9	Directed	cytokine	35.85387196432176
CSF3	MPO	Directed	cytokine	35.85387196432176
CSF3	NFIL3	Directed	cytokine	35.85387196432176
CSF3	ODC1	Directed	cytokine	35.85387196432176
CSF3	PDCD1LG2	Directed	cytokine	35.85387196432176
CSF3	PIM1	Directed	cytokine	35.85387196432176
CSF3	PLCB2	Directed	cytokine	35.85387196432176
CSF3	PRKCB	Directed	cytokine	35.85387196432176
CSF3	PROK2	Directed	cytokine	35.85387196432176
CSF3	PTGS2	Directed	cytokine	35.85387196432176
CSF3	PYHIN1	Directed	cytokine	35.85387196432176
CSF3	RAB27A	Directed	cytokine	35.85387196432176
CSF3	RGS1	Directed	cytokine	35.85387196432176
CSF3	SELL	Directed	cytokine	35.85387196432176
CSF3	SOCS1	Directed	cytokine	35.85387196432176
CSF3	SOCS3	Directed	cytokine	35.85387196432176
CSF3	SPI1	Directed	cytokine	35.85387196432176
CSF3	STAT3	Directed	cytokine	35.85387196432176
CSF3	TFRC	Directed	cytokine	35.85387196432176
CSF3	TGFB1	Directed	cytokine	35.85387196432176
CSF3	TLR2	Directed	cytokine	35.85387196432176
CSF3	TLR4	Directed	cytokine	35.85387196432176
CSF3	TLR8	Directed	cytokine	35.85387196432176
CSF3	TNF	Directed	cytokine	35.85387196432176
CSF3	TNFAIP3	Directed	cytokine	35.85387196432176
CSF3	TNFRSF1B	Directed	cytokine	35.85387196432176
CSF3	TNFSF10	Directed	cytokine	35.85387196432176
CSF3	VCAM1	Directed	cytokine	35.85387196432176
CSF3	VEGFA	Directed	cytokine	35.85387196432176
CXCL12	AIF1	Directed	cytokine	18.497572880015568
CXCL12	ARPC4	Directed	cytokine	18.497572880015568
CXCL12	BAX	Directed	cytokine	18.497572880015568
CXCL12	BCL3	Directed	cytokine	18.497572880015568
CXCL12	CA2	Directed	cytokine	18.497572880015568
CXCL12	CCL1	Directed	cytokine	18.497572880015568
CXCL12	CCL2	Directed	cytokine	18.497572880015568
CXCL12	CCL5	Directed	cytokine	18.497572880015568
CXCL12	CD14	Directed	cytokine	18.497572880015568
CXCL12	CD274	Directed	cytokine	18.497572880015568
CXCL12	CD33	Directed	cytokine	18.497572880015568
CXCL12	CD3G	Directed	cytokine	18.497572880015568
CXCL12	CD4	Directed	cytokine	18.497572880015568
CXCL12	CD40LG	Directed	cytokine	18.497572880015568
CXCL12	CD47	Directed	cytokine	18.497572880015568
CXCL12	CD69	Directed	cytokine	18.497572880015568
CXCL12	CX3CL1	Directed	cytokine	18.497572880015568
CXCL12	CXCL10	Directed	cytokine	18.497572880015568
CXCL12	CXCL8	Directed	cytokine	18.497572880015568
CXCL12	CXCR4	Directed	cytokine	18.497572880015568
CXCL12	CXCR6	Directed	cytokine	18.497572880015568
CXCL12	CYLD	Directed	cytokine	18.497572880015568
CXCL12	FAS	Directed	cytokine	18.497572880015568
CXCL12	GAD1	Directed	cytokine	18.497572880015568
CXCL12	HCLS1	Directed	cytokine	18.497572880015568
CXCL12	HLA-B	Directed	cytokine	18.497572880015568
CXCL12	ICAM1	Directed	cytokine	18.497572880015568
CXCL12	IFI27	Directed	cytokine	18.497572880015568
CXCL12	IFNAR2	Directed	cytokine	18.497572880015568
CXCL12	IFNG	Directed	cytokine	18.497572880015568
CXCL12	IFNGR2	Directed	cytokine	18.497572880015568
CXCL12	IL1B	Directed	cytokine	18.497572880015568
CXCL12	IL24	Directed	cytokine	18.497572880015568
CXCL12	IL2RA	Directed	cytokine	18.497572880015568
CXCL12	IL6	Directed	cytokine	18.497572880015568
CXCL12	ITGAL	Directed	cytokine	18.497572880015568
CXCL12	ITGAX	Directed	cytokine	18.497572880015568
CXCL12	ITGB3	Directed	cytokine	18.497572880015568
CXCL12	JAK2	Directed	cytokine	18.497572880015568
CXCL12	JUNB	Directed	cytokine	18.497572880015568
CXCL12	LCP2	Directed	cytokine	18.497572880015568
CXCL12	MARCKS	Directed	cytokine	18.497572880015568
CXCL12	MMP13	Directed	cytokine	18.497572880015568
CXCL12	MMP3	Directed	cytokine	18.497572880015568
CXCL12	MMP9	Directed	cytokine	18.497572880015568
CXCL12	PLAU	Directed	cytokine	18.497572880015568
CXCL12	PRKCD	Directed	cytokine	18.497572880015568
CXCL12	PTGS2	Directed	cytokine	18.497572880015568
CXCL12	RUNX2	Directed	cytokine	18.497572880015568
CXCL12	RUNX3	Directed	cytokine	18.497572880015568
CXCL12	SAA2	Directed	cytokine	18.497572880015568
CXCL12	SELE	Directed	cytokine	18.497572880015568
CXCL12	SELPLG	Directed	cytokine	18.497572880015568
CXCL12	SNAI1	Directed	cytokine	18.497572880015568
CXCL12	SOCS1	Directed	cytokine	18.497572880015568
CXCL12	SOCS2	Directed	cytokine	18.497572880015568
CXCL12	SOCS3	Directed	cytokine	18.497572880015568
CXCL12	STAT3	Directed	cytokine	18.497572880015568
CXCL12	THBS1	Directed	cytokine	18.497572880015568
CXCL12	TIMP1	Directed	cytokine	18.497572880015568
CXCL12	TNF	Directed	cytokine	18.497572880015568
CXCL12	TNFRSF10A	Directed	cytokine	18.497572880015568
CXCL12	TNFRSF10B	Directed	cytokine	18.497572880015568
CXCL12	TNFRSF10C	Directed	cytokine	18.497572880015568
CXCL12	TNFRSF11B	Directed	cytokine	18.497572880015568
CXCL12	TNFRSF1B	Directed	cytokine	18.497572880015568
CXCL12	TNFSF10	Directed	cytokine	18.497572880015568
CXCL12	TNFSF11	Directed	cytokine	18.497572880015568
EDN1	ACTB	Directed	cytokine	16.602059991327963
EDN1	ADAM12	Directed	cytokine	16.602059991327963
EDN1	ADAM19	Directed	cytokine	16.602059991327963
EDN1	ANXA1	Directed	cytokine	16.602059991327963
EDN1	ANXA6	Directed	cytokine	16.602059991327963
EDN1	AREG	Directed	cytokine	16.602059991327963
EDN1	BCL2A1	Directed	cytokine	16.602059991327963
EDN1	CCL2	Directed	cytokine	16.602059991327963
EDN1	CCN1	Directed	cytokine	16.602059991327963
EDN1	CCR7	Directed	cytokine	16.602059991327963
EDN1	COL4A1	Directed	cytokine	16.602059991327963
EDN1	CXCL8	Directed	cytokine	16.602059991327963
EDN1	CXCR4	Directed	cytokine	16.602059991327963
EDN1	CYBB	Directed	cytokine	16.602059991327963
EDN1	FOSL1	Directed	cytokine	16.602059991327963
EDN1	HAND1	Directed	cytokine	16.602059991327963
EDN1	HBEGF	Directed	cytokine	16.602059991327963
EDN1	HIF1A	Directed	cytokine	16.602059991327963
EDN1	HSPA5	Directed	cytokine	16.602059991327963
EDN1	HSPA8	Directed	cytokine	16.602059991327963
EDN1	ICAM1	Directed	cytokine	16.602059991327963
EDN1	IL6	Directed	cytokine	16.602059991327963
EDN1	INHBA	Directed	cytokine	16.602059991327963
EDN1	ITGA5	Directed	cytokine	16.602059991327963
EDN1	ITGAM	Directed	cytokine	16.602059991327963
EDN1	ITGB3	Directed	cytokine	16.602059991327963
EDN1	JUNB	Directed	cytokine	16.602059991327963
EDN1	MARCKSL1	Directed	cytokine	16.602059991327963
EDN1	MMP1	Directed	cytokine	16.602059991327963
EDN1	MMP13	Directed	cytokine	16.602059991327963
EDN1	MMP3	Directed	cytokine	16.602059991327963
EDN1	MMP9	Directed	cytokine	16.602059991327963
EDN1	MSN	Directed	cytokine	16.602059991327963
EDN1	MYH7	Directed	cytokine	16.602059991327963
EDN1	MYL6	Directed	cytokine	16.602059991327963
EDN1	MYO9B	Directed	cytokine	16.602059991327963
EDN1	NCF1	Directed	cytokine	16.602059991327963
EDN1	ODC1	Directed	cytokine	16.602059991327963
EDN1	OLR1	Directed	cytokine	16.602059991327963
EDN1	PDIA6	Directed	cytokine	16.602059991327963
EDN1	PLAU	Directed	cytokine	16.602059991327963
EDN1	PLAUR	Directed	cytokine	16.602059991327963
EDN1	PRKCB	Directed	cytokine	16.602059991327963
EDN1	PRKCD	Directed	cytokine	16.602059991327963
EDN1	PRL	Directed	cytokine	16.602059991327963
EDN1	PTGER2	Directed	cytokine	16.602059991327963
EDN1	PTGER4	Directed	cytokine	16.602059991327963
EDN1	PTGS2	Directed	cytokine	16.602059991327963
EDN1	RETN	Directed	cytokine	16.602059991327963
EDN1	SELE	Directed	cytokine	16.602059991327963
EDN1	SELL	Directed	cytokine	16.602059991327963
EDN1	SERPINE1	Directed	cytokine	16.602059991327963
EDN1	SLC8A1	Directed	cytokine	16.602059991327963
EDN1	SOCS1	Directed	cytokine	16.602059991327963
EDN1	SOCS3	Directed	cytokine	16.602059991327963
EDN1	TGM2	Directed	cytokine	16.602059991327963
EDN1	THBS1	Directed	cytokine	16.602059991327963
EDN1	TIMP1	Directed	cytokine	16.602059991327963
EDN1	TNC	Directed	cytokine	16.602059991327963
EDN1	TPM3	Directed	cytokine	16.602059991327963
EDN1	TPM4	Directed	cytokine	16.602059991327963
EDN1	VCAM1	Directed	cytokine	16.602059991327963
EDN1	VEGFA	Directed	cytokine	16.602059991327963
EDN1	VEGFC	Directed	cytokine	16.602059991327963
FGF2	ACTC1	Directed	cytokine	9.987162775294827
FGF2	ACVRL1	Directed	cytokine	9.987162775294827
FGF2	ADM	Directed	cytokine	9.987162775294827
FGF2	ANGPTL4	Directed	cytokine	9.987162775294827
FGF2	ANPEP	Directed	cytokine	9.987162775294827
FGF2	AREG	Directed	cytokine	9.987162775294827
FGF2	B2M	Directed	cytokine	9.987162775294827
FGF2	BAX	Directed	cytokine	9.987162775294827
FGF2	CCL2	Directed	cytokine	9.987162775294827
FGF2	CCL20	Directed	cytokine	9.987162775294827
FGF2	CCN1	Directed	cytokine	9.987162775294827
FGF2	CCND2	Directed	cytokine	9.987162775294827
FGF2	CCND3	Directed	cytokine	9.987162775294827
FGF2	CD274	Directed	cytokine	9.987162775294827
FGF2	CDKN1A	Directed	cytokine	9.987162775294827
FGF2	CFLAR	Directed	cytokine	9.987162775294827
FGF2	CNP	Directed	cytokine	9.987162775294827
FGF2	CSF1	Directed	cytokine	9.987162775294827
FGF2	CSF3	Directed	cytokine	9.987162775294827
FGF2	CTSL	Directed	cytokine	9.987162775294827
FGF2	CXCR4	Directed	cytokine	9.987162775294827
FGF2	DUSP6	Directed	cytokine	9.987162775294827
FGF2	ELAVL4	Directed	cytokine	9.987162775294827
FGF2	ENO1	Directed	cytokine	9.987162775294827
FGF2	ENPP2	Directed	cytokine	9.987162775294827
FGF2	EOMES	Directed	cytokine	9.987162775294827
FGF2	ETS1	Directed	cytokine	9.987162775294827
FGF2	FAS	Directed	cytokine	9.987162775294827
FGF2	FLT1	Directed	cytokine	9.987162775294827
FGF2	FOSL1	Directed	cytokine	9.987162775294827
FGF2	FTH1	Directed	cytokine	9.987162775294827
FGF2	GBP1	Directed	cytokine	9.987162775294827
FGF2	GCH1	Directed	cytokine	9.987162775294827
FGF2	HAS2	Directed	cytokine	9.987162775294827
FGF2	HBEGF	Directed	cytokine	9.987162775294827
FGF2	HIF1A	Directed	cytokine	9.987162775294827
FGF2	HK2	Directed	cytokine	9.987162775294827
FGF2	ICAM1	Directed	cytokine	9.987162775294827
FGF2	IER3	Directed	cytokine	9.987162775294827
FGF2	IFNB1	Directed	cytokine	9.987162775294827
FGF2	IL1B	Directed	cytokine	9.987162775294827
FGF2	IL6	Directed	cytokine	9.987162775294827
FGF2	INHBA	Directed	cytokine	9.987162775294827
FGF2	ITGA4	Directed	cytokine	9.987162775294827
FGF2	ITGA5	Directed	cytokine	9.987162775294827
FGF2	JUNB	Directed	cytokine	9.987162775294827
FGF2	LDHA	Directed	cytokine	9.987162775294827
FGF2	LEF1	Directed	cytokine	9.987162775294827
FGF2	MET	Directed	cytokine	9.987162775294827
FGF2	MMP1	Directed	cytokine	9.987162775294827
FGF2	MMP13	Directed	cytokine	9.987162775294827
FGF2	MMP9	Directed	cytokine	9.987162775294827
FGF2	NES	Directed	cytokine	9.987162775294827
FGF2	NEUROG3	Directed	cytokine	9.987162775294827
FGF2	NFKB1	Directed	cytokine	9.987162775294827
FGF2	NOS2	Directed	cytokine	9.987162775294827
FGF2	ODC1	Directed	cytokine	9.987162775294827
FGF2	PGF	Directed	cytokine	9.987162775294827
FGF2	PGK1	Directed	cytokine	9.987162775294827
FGF2	PLAU	Directed	cytokine	9.987162775294827
FGF2	PLAUR	Directed	cytokine	9.987162775294827
FGF2	PRKCD	Directed	cytokine	9.987162775294827
FGF2	PTGS2	Directed	cytokine	9.987162775294827
FGF2	PTPN1	Directed	cytokine	9.987162775294827
FGF2	PTPRE	Directed	cytokine	9.987162775294827
FGF2	RB1	Directed	cytokine	9.987162775294827
FGF2	RUNX1	Directed	cytokine	9.987162775294827
FGF2	RUNX2	Directed	cytokine	9.987162775294827
FGF2	S100A10	Directed	cytokine	9.987162775294827
FGF2	S100A8	Directed	cytokine	9.987162775294827
FGF2	SCG2	Directed	cytokine	9.987162775294827
FGF2	SELE	Directed	cytokine	9.987162775294827
FGF2	SERPINE1	Directed	cytokine	9.987162775294827
FGF2	SLC20A1	Directed	cytokine	9.987162775294827
FGF2	SLC41A2	Directed	cytokine	9.987162775294827
FGF2	SNAI1	Directed	cytokine	9.987162775294827
FGF2	SOCS3	Directed	cytokine	9.987162775294827
FGF2	SPHK1	Directed	cytokine	9.987162775294827
FGF2	SPP1	Directed	cytokine	9.987162775294827
FGF2	ST3GAL1	Directed	cytokine	9.987162775294827
FGF2	STOM	Directed	cytokine	9.987162775294827
FGF2	TGFB1	Directed	cytokine	9.987162775294827
FGF2	THBS1	Directed	cytokine	9.987162775294827
FGF2	TIMP1	Directed	cytokine	9.987162775294827
FGF2	TMSB10	Directed	cytokine	9.987162775294827
FGF2	TNF	Directed	cytokine	9.987162775294827
FGF2	TNFRSF12A	Directed	cytokine	9.987162775294827
FGF2	TNFSF10	Directed	cytokine	9.987162775294827
FGF2	TNFSF11	Directed	cytokine	9.987162775294827
FGF2	UTF1	Directed	cytokine	9.987162775294827
FGF2	VCAM1	Directed	cytokine	9.987162775294827
FGF2	VEGFA	Directed	cytokine	9.987162775294827
FGF2	VEGFC	Directed	cytokine	9.987162775294827
FGF2	YWHAH	Directed	cytokine	9.987162775294827
FGF2	ZFP57	Directed	cytokine	9.987162775294827
FLT3LG	ADGRE5	Directed	cytokine	19.560667306169737
FLT3LG	CCL5	Directed	cytokine	19.560667306169737
FLT3LG	CCND3	Directed	cytokine	19.560667306169737
FLT3LG	CCR5	Directed	cytokine	19.560667306169737
FLT3LG	CCR7	Directed	cytokine	19.560667306169737
FLT3LG	CD19	Directed	cytokine	19.560667306169737
FLT3LG	CD274	Directed	cytokine	19.560667306169737
FLT3LG	CD3D	Directed	cytokine	19.560667306169737
FLT3LG	CD3G	Directed	cytokine	19.560667306169737
FLT3LG	CD40	Directed	cytokine	19.560667306169737
FLT3LG	CD79A	Directed	cytokine	19.560667306169737
FLT3LG	CD80	Directed	cytokine	19.560667306169737
FLT3LG	CD83	Directed	cytokine	19.560667306169737
FLT3LG	CD86	Directed	cytokine	19.560667306169737
FLT3LG	CXCR4	Directed	cytokine	19.560667306169737
FLT3LG	CYBB	Directed	cytokine	19.560667306169737
FLT3LG	FCGR1A	Directed	cytokine	19.560667306169737
FLT3LG	FLT3	Directed	cytokine	19.560667306169737
FLT3LG	FOXP3	Directed	cytokine	19.560667306169737
FLT3LG	ICAM1	Directed	cytokine	19.560667306169737
FLT3LG	IFNG	Directed	cytokine	19.560667306169737
FLT3LG	IL10	Directed	cytokine	19.560667306169737
FLT3LG	IL15RA	Directed	cytokine	19.560667306169737
FLT3LG	IL1B	Directed	cytokine	19.560667306169737
FLT3LG	IL1RL1	Directed	cytokine	19.560667306169737
FLT3LG	IL2	Directed	cytokine	19.560667306169737
FLT3LG	IL2RA	Directed	cytokine	19.560667306169737
FLT3LG	IL2RB	Directed	cytokine	19.560667306169737
FLT3LG	IL3RA	Directed	cytokine	19.560667306169737
FLT3LG	IL7R	Directed	cytokine	19.560667306169737
FLT3LG	IRF8	Directed	cytokine	19.560667306169737
FLT3LG	ITGAM	Directed	cytokine	19.560667306169737
FLT3LG	MCL1	Directed	cytokine	19.560667306169737
FLT3LG	MPO	Directed	cytokine	19.560667306169737
FLT3LG	PAX5	Directed	cytokine	19.560667306169737
FLT3LG	PTPRC	Directed	cytokine	19.560667306169737
FLT3LG	SLC12A3	Directed	cytokine	19.560667306169737
FLT3LG	SOCS1	Directed	cytokine	19.560667306169737
FLT3LG	SPI1	Directed	cytokine	19.560667306169737
FLT3LG	SPN	Directed	cytokine	19.560667306169737
FLT3LG	TNF	Directed	cytokine	19.560667306169737
GRN	AIF1	Directed	cytokine	25.7594507517174
GRN	ATP6V1B2	Directed	cytokine	25.7594507517174
GRN	B2M	Directed	cytokine	25.7594507517174
GRN	BAX	Directed	cytokine	25.7594507517174
GRN	BHLHE40	Directed	cytokine	25.7594507517174
GRN	C1QA	Directed	cytokine	25.7594507517174
GRN	C1QB	Directed	cytokine	25.7594507517174
GRN	C1QC	Directed	cytokine	25.7594507517174
GRN	C3	Directed	cytokine	25.7594507517174
GRN	C3AR1	Directed	cytokine	25.7594507517174
GRN	CASP3	Directed	cytokine	25.7594507517174
GRN	CCL2	Directed	cytokine	25.7594507517174
GRN	CCL3	Directed	cytokine	25.7594507517174
GRN	CCL4	Directed	cytokine	25.7594507517174
GRN	CCR2	Directed	cytokine	25.7594507517174
GRN	CD14	Directed	cytokine	25.7594507517174
GRN	CD300A	Directed	cytokine	25.7594507517174
GRN	CD300LF	Directed	cytokine	25.7594507517174
GRN	CD33	Directed	cytokine	25.7594507517174
GRN	CD68	Directed	cytokine	25.7594507517174
GRN	CD74	Directed	cytokine	25.7594507517174
GRN	CD84	Directed	cytokine	25.7594507517174
GRN	CD8A	Directed	cytokine	25.7594507517174
GRN	CDC7	Directed	cytokine	25.7594507517174
GRN	CH25H	Directed	cytokine	25.7594507517174
GRN	CLEC7A	Directed	cytokine	25.7594507517174
GRN	CLU	Directed	cytokine	25.7594507517174
GRN	CSF1	Directed	cytokine	25.7594507517174
GRN	CSF3R	Directed	cytokine	25.7594507517174
GRN	CST7	Directed	cytokine	25.7594507517174
GRN	CTSB	Directed	cytokine	25.7594507517174
GRN	CTSS	Directed	cytokine	25.7594507517174
GRN	CTSZ	Directed	cytokine	25.7594507517174
GRN	CYBA	Directed	cytokine	25.7594507517174
GRN	DOK3	Directed	cytokine	25.7594507517174
GRN	FZD2	Directed	cytokine	25.7594507517174
GRN	HIF1A	Directed	cytokine	25.7594507517174
GRN	HLA-B	Directed	cytokine	25.7594507517174
GRN	HLA-DRA	Directed	cytokine	25.7594507517174
GRN	HLA-DRB1	Directed	cytokine	25.7594507517174
GRN	ICAM1	Directed	cytokine	25.7594507517174
GRN	IL10	Directed	cytokine	25.7594507517174
GRN	IL12B	Directed	cytokine	25.7594507517174
GRN	IL1B	Directed	cytokine	25.7594507517174
GRN	IL6	Directed	cytokine	25.7594507517174
GRN	INPP5D	Directed	cytokine	25.7594507517174
GRN	IRF8	Directed	cytokine	25.7594507517174
GRN	ITGAX	Directed	cytokine	25.7594507517174
GRN	ITGB2	Directed	cytokine	25.7594507517174
GRN	KLRK1	Directed	cytokine	25.7594507517174
GRN	LAG3	Directed	cytokine	25.7594507517174
GRN	LGALS3BP	Directed	cytokine	25.7594507517174
GRN	MMP13	Directed	cytokine	25.7594507517174
GRN	MS4A6A	Directed	cytokine	25.7594507517174
GRN	NCEH1	Directed	cytokine	25.7594507517174
GRN	NOS2	Directed	cytokine	25.7594507517174
GRN	NPC2	Directed	cytokine	25.7594507517174
GRN	OLR1	Directed	cytokine	25.7594507517174
GRN	P2RY12	Directed	cytokine	25.7594507517174
GRN	PGAM1	Directed	cytokine	25.7594507517174
GRN	PSMA5	Directed	cytokine	25.7594507517174
GRN	PTPN1	Directed	cytokine	25.7594507517174
GRN	SIRPA	Directed	cytokine	25.7594507517174
GRN	SLC32A1	Directed	cytokine	25.7594507517174
GRN	SLCO2B1	Directed	cytokine	25.7594507517174
GRN	SPI1	Directed	cytokine	25.7594507517174
GRN	SPP1	Directed	cytokine	25.7594507517174
GRN	STAT3	Directed	cytokine	25.7594507517174
GRN	TGFB1	Directed	cytokine	25.7594507517174
GRN	TNF	Directed	cytokine	25.7594507517174
GRN	TPI1	Directed	cytokine	25.7594507517174
GRN	TYROBP	Directed	cytokine	25.7594507517174
GRN	VEGFA	Directed	cytokine	25.7594507517174
GRN	WNT1	Directed	cytokine	25.7594507517174
GRN	XPNPEP1	Directed	cytokine	25.7594507517174
HMGB1	AGER	Directed	cytokine	24.010995384301463
HMGB1	BAX	Directed	cytokine	24.010995384301463
HMGB1	CASP3	Directed	cytokine	24.010995384301463
HMGB1	CCL2	Directed	cytokine	24.010995384301463
HMGB1	CCL20	Directed	cytokine	24.010995384301463
HMGB1	CCL3	Directed	cytokine	24.010995384301463
HMGB1	CCL4	Directed	cytokine	24.010995384301463
HMGB1	CD163	Directed	cytokine	24.010995384301463
HMGB1	CD274	Directed	cytokine	24.010995384301463
HMGB1	CD40	Directed	cytokine	24.010995384301463
HMGB1	CD80	Directed	cytokine	24.010995384301463
HMGB1	CD83	Directed	cytokine	24.010995384301463
HMGB1	CD86	Directed	cytokine	24.010995384301463
HMGB1	CDKN1A	Directed	cytokine	24.010995384301463
HMGB1	CDKN2A	Directed	cytokine	24.010995384301463
HMGB1	CXCL5	Directed	cytokine	24.010995384301463
HMGB1	CXCL8	Directed	cytokine	24.010995384301463
HMGB1	CXCR4	Directed	cytokine	24.010995384301463
HMGB1	FLT1	Directed	cytokine	24.010995384301463
HMGB1	GLUL	Directed	cytokine	24.010995384301463
HMGB1	HIF1A	Directed	cytokine	24.010995384301463
HMGB1	HLA-DRB1	Directed	cytokine	24.010995384301463
HMGB1	HLA-G	Directed	cytokine	24.010995384301463
HMGB1	ICAM1	Directed	cytokine	24.010995384301463
HMGB1	IFIT1	Directed	cytokine	24.010995384301463
HMGB1	IFNB1	Directed	cytokine	24.010995384301463
HMGB1	IFNG	Directed	cytokine	24.010995384301463
HMGB1	IL10	Directed	cytokine	24.010995384301463
HMGB1	IL17A	Directed	cytokine	24.010995384301463
HMGB1	IL1B	Directed	cytokine	24.010995384301463
HMGB1	IL1RL1	Directed	cytokine	24.010995384301463
HMGB1	IL24	Directed	cytokine	24.010995384301463
HMGB1	IL6	Directed	cytokine	24.010995384301463
HMGB1	IRF5	Directed	cytokine	24.010995384301463
HMGB1	MMP1	Directed	cytokine	24.010995384301463
HMGB1	MMP3	Directed	cytokine	24.010995384301463
HMGB1	MMP9	Directed	cytokine	24.010995384301463
HMGB1	MRC1	Directed	cytokine	24.010995384301463
HMGB1	MX1	Directed	cytokine	24.010995384301463
HMGB1	NOS2	Directed	cytokine	24.010995384301463
HMGB1	PKM	Directed	cytokine	24.010995384301463
HMGB1	PLA2G2A	Directed	cytokine	24.010995384301463
HMGB1	PTGES	Directed	cytokine	24.010995384301463
HMGB1	PTGS2	Directed	cytokine	24.010995384301463
HMGB1	RAB43	Directed	cytokine	24.010995384301463
HMGB1	RELB	Directed	cytokine	24.010995384301463
HMGB1	SCG2	Directed	cytokine	24.010995384301463
HMGB1	SELE	Directed	cytokine	24.010995384301463
HMGB1	SMAD7	Directed	cytokine	24.010995384301463
HMGB1	TLR2	Directed	cytokine	24.010995384301463
HMGB1	TLR4	Directed	cytokine	24.010995384301463
HMGB1	TNF	Directed	cytokine	24.010995384301463
HMGB1	TNFSF11	Directed	cytokine	24.010995384301463
HMGB1	VCAM1	Directed	cytokine	24.010995384301463
IFNA10	CCL8	Directed	cytokine	9.705533773838408
IFNA10	CXCL10	Directed	cytokine	9.705533773838408
IFNA10	CXCL11	Directed	cytokine	9.705533773838408
IFNA10	CXCL9	Directed	cytokine	9.705533773838408
IFNA10	IFIH1	Directed	cytokine	9.705533773838408
IFNA10	IFIT1	Directed	cytokine	9.705533773838408
IFNA10	IFNG	Directed	cytokine	9.705533773838408
IFNA10	ISG15	Directed	cytokine	9.705533773838408
IFNA10	MX1	Directed	cytokine	9.705533773838408
IFNA10	PLAAT4	Directed	cytokine	9.705533773838408
IFNA10	STAT4	Directed	cytokine	9.705533773838408
IFNA10	ZBP1	Directed	cytokine	9.705533773838408
IFNA17	CD274	Directed	cytokine	9.434152181326482
IFNA17	CD86	Directed	cytokine	9.434152181326482
IFNA17	CTLA4	Directed	cytokine	9.434152181326482
IFNA17	CXCL10	Directed	cytokine	9.434152181326482
IFNA17	CXCL11	Directed	cytokine	9.434152181326482
IFNA17	CXCL9	Directed	cytokine	9.434152181326482
IFNA17	EIF2AK2	Directed	cytokine	9.434152181326482
IFNA17	IFIH1	Directed	cytokine	9.434152181326482
IFNA17	IFNG	Directed	cytokine	9.434152181326482
IFNA17	MX1	Directed	cytokine	9.434152181326482
IFNA17	PLAAT4	Directed	cytokine	9.434152181326482
IFNA17	STAT4	Directed	cytokine	9.434152181326482
IFNA17	ZBP1	Directed	cytokine	9.434152181326482
IFNA2	ADGRE1	Directed	cytokine	99.29499204066667
IFNA2	ALOX5	Directed	cytokine	99.29499204066667
IFNA2	ANXA1	Directed	cytokine	99.29499204066667
IFNA2	APOL6	Directed	cytokine	99.29499204066667
IFNA2	ATF5	Directed	cytokine	99.29499204066667
IFNA2	B2M	Directed	cytokine	99.29499204066667
IFNA2	BAX	Directed	cytokine	99.29499204066667
IFNA2	BCL2L14	Directed	cytokine	99.29499204066667
IFNA2	BST2	Directed	cytokine	99.29499204066667
IFNA2	C1R	Directed	cytokine	99.29499204066667
IFNA2	CCL2	Directed	cytokine	99.29499204066667
IFNA2	CCL3	Directed	cytokine	99.29499204066667
IFNA2	CCL5	Directed	cytokine	99.29499204066667
IFNA2	CCL8	Directed	cytokine	99.29499204066667
IFNA2	CD274	Directed	cytokine	99.29499204066667
IFNA2	CD28	Directed	cytokine	99.29499204066667
IFNA2	CD69	Directed	cytokine	99.29499204066667
IFNA2	CD86	Directed	cytokine	99.29499204066667
IFNA2	CDKN1A	Directed	cytokine	99.29499204066667
IFNA2	CDKN2A	Directed	cytokine	99.29499204066667
IFNA2	CEACAM1	Directed	cytokine	99.29499204066667
IFNA2	CIITA	Directed	cytokine	99.29499204066667
IFNA2	CISH	Directed	cytokine	99.29499204066667
IFNA2	CMPK2	Directed	cytokine	99.29499204066667
IFNA2	CNP	Directed	cytokine	99.29499204066667
IFNA2	CXCL10	Directed	cytokine	99.29499204066667
IFNA2	CXCL11	Directed	cytokine	99.29499204066667
IFNA2	CXCL13	Directed	cytokine	99.29499204066667
IFNA2	CXCL9	Directed	cytokine	99.29499204066667
IFNA2	CXCR3	Directed	cytokine	99.29499204066667
IFNA2	DDX60	Directed	cytokine	99.29499204066667
IFNA2	EIF2AK2	Directed	cytokine	99.29499204066667
IFNA2	EPB41L3	Directed	cytokine	99.29499204066667
IFNA2	FAS	Directed	cytokine	99.29499204066667
IFNA2	FCER1G	Directed	cytokine	99.29499204066667
IFNA2	GAB3	Directed	cytokine	99.29499204066667
IFNA2	GBP1	Directed	cytokine	99.29499204066667
IFNA2	GBP2	Directed	cytokine	99.29499204066667
IFNA2	GBP4	Directed	cytokine	99.29499204066667
IFNA2	GZMB	Directed	cytokine	99.29499204066667
IFNA2	HBEGF	Directed	cytokine	99.29499204066667
IFNA2	HERC5	Directed	cytokine	99.29499204066667
IFNA2	HERC6	Directed	cytokine	99.29499204066667
IFNA2	HIF1A	Directed	cytokine	99.29499204066667
IFNA2	HLA-A	Directed	cytokine	99.29499204066667
IFNA2	HLA-B	Directed	cytokine	99.29499204066667
IFNA2	HLA-C	Directed	cytokine	99.29499204066667
IFNA2	HLA-DRB1	Directed	cytokine	99.29499204066667
IFNA2	HLA-E	Directed	cytokine	99.29499204066667
IFNA2	HSH2D	Directed	cytokine	99.29499204066667
IFNA2	HSPA6	Directed	cytokine	99.29499204066667
IFNA2	IDO1	Directed	cytokine	99.29499204066667
IFNA2	IFI16	Directed	cytokine	99.29499204066667
IFNA2	IFI27	Directed	cytokine	99.29499204066667
IFNA2	IFI27L2	Directed	cytokine	99.29499204066667
IFNA2	IFI35	Directed	cytokine	99.29499204066667
IFNA2	IFI44	Directed	cytokine	99.29499204066667
IFNA2	IFI44L	Directed	cytokine	99.29499204066667
IFNA2	IFI6	Directed	cytokine	99.29499204066667
IFNA2	IFIH1	Directed	cytokine	99.29499204066667
IFNA2	IFIT1	Directed	cytokine	99.29499204066667
IFNA2	IFIT2	Directed	cytokine	99.29499204066667
IFNA2	IFIT3	Directed	cytokine	99.29499204066667
IFNA2	IFIT5	Directed	cytokine	99.29499204066667
IFNA2	IFITM1	Directed	cytokine	99.29499204066667
IFNA2	IFITM2	Directed	cytokine	99.29499204066667
IFNA2	IFITM3	Directed	cytokine	99.29499204066667
IFNA2	IFNAR2	Directed	cytokine	99.29499204066667
IFNA2	IFNB1	Directed	cytokine	99.29499204066667
IFNA2	IFNG	Directed	cytokine	99.29499204066667
IFNA2	IL10	Directed	cytokine	99.29499204066667
IFNA2	IL10RB	Directed	cytokine	99.29499204066667
IFNA2	IL12RB2	Directed	cytokine	99.29499204066667
IFNA2	IL13	Directed	cytokine	99.29499204066667
IFNA2	IL1B	Directed	cytokine	99.29499204066667
IFNA2	IL2	Directed	cytokine	99.29499204066667
IFNA2	IL2RA	Directed	cytokine	99.29499204066667
IFNA2	IL2RB	Directed	cytokine	99.29499204066667
IFNA2	IL4	Directed	cytokine	99.29499204066667
IFNA2	IL5	Directed	cytokine	99.29499204066667
IFNA2	IL6	Directed	cytokine	99.29499204066667
IFNA2	IRF1	Directed	cytokine	99.29499204066667
IFNA2	IRF5	Directed	cytokine	99.29499204066667
IFNA2	IRF7	Directed	cytokine	99.29499204066667
IFNA2	IRF9	Directed	cytokine	99.29499204066667
IFNA2	ISG15	Directed	cytokine	99.29499204066667
IFNA2	ISG20	Directed	cytokine	99.29499204066667
IFNA2	KCNK17	Directed	cytokine	99.29499204066667
IFNA2	LAMP3	Directed	cytokine	99.29499204066667
IFNA2	LGALS3BP	Directed	cytokine	99.29499204066667
IFNA2	LILRB2	Directed	cytokine	99.29499204066667
IFNA2	LILRB4	Directed	cytokine	99.29499204066667
IFNA2	LY6E	Directed	cytokine	99.29499204066667
IFNA2	LYN	Directed	cytokine	99.29499204066667
IFNA2	MET	Directed	cytokine	99.29499204066667
IFNA2	MMP9	Directed	cytokine	99.29499204066667
IFNA2	MT1F	Directed	cytokine	99.29499204066667
IFNA2	MT1G	Directed	cytokine	99.29499204066667
IFNA2	MT1M	Directed	cytokine	99.29499204066667
IFNA2	MT2A	Directed	cytokine	99.29499204066667
IFNA2	MX1	Directed	cytokine	99.29499204066667
IFNA2	MX2	Directed	cytokine	99.29499204066667
IFNA2	NT5E	Directed	cytokine	99.29499204066667
IFNA2	OAS1	Directed	cytokine	99.29499204066667
IFNA2	OAS2	Directed	cytokine	99.29499204066667
IFNA2	OAS3	Directed	cytokine	99.29499204066667
IFNA2	OASL	Directed	cytokine	99.29499204066667
IFNA2	OGFR	Directed	cytokine	99.29499204066667
IFNA2	PARP12	Directed	cytokine	99.29499204066667
IFNA2	PARP4	Directed	cytokine	99.29499204066667
IFNA2	PARP9	Directed	cytokine	99.29499204066667
IFNA2	PHF11	Directed	cytokine	99.29499204066667
IFNA2	PLAAT4	Directed	cytokine	99.29499204066667
IFNA2	PLSCR1	Directed	cytokine	99.29499204066667
IFNA2	PLSCR2	Directed	cytokine	99.29499204066667
IFNA2	PMAIP1	Directed	cytokine	99.29499204066667
IFNA2	PML	Directed	cytokine	99.29499204066667
IFNA2	PSME1	Directed	cytokine	99.29499204066667
IFNA2	PTAFR	Directed	cytokine	99.29499204066667
IFNA2	RB1	Directed	cytokine	99.29499204066667
IFNA2	REC8	Directed	cytokine	99.29499204066667
IFNA2	RIGI	Directed	cytokine	99.29499204066667
IFNA2	RIPOR2	Directed	cytokine	99.29499204066667
IFNA2	RSAD2	Directed	cytokine	99.29499204066667
IFNA2	SAMD9	Directed	cytokine	99.29499204066667
IFNA2	SAMHD1	Directed	cytokine	99.29499204066667
IFNA2	SAMSN1	Directed	cytokine	99.29499204066667
IFNA2	SEPTIN4	Directed	cytokine	99.29499204066667
IFNA2	SH2D1A	Directed	cytokine	99.29499204066667
IFNA2	SHFL	Directed	cytokine	99.29499204066667
IFNA2	SLC15A3	Directed	cytokine	99.29499204066667
IFNA2	SLFN11	Directed	cytokine	99.29499204066667
IFNA2	SLFN12	Directed	cytokine	99.29499204066667
IFNA2	SLFN12L	Directed	cytokine	99.29499204066667
IFNA2	SLFN13	Directed	cytokine	99.29499204066667
IFNA2	SLFN5	Directed	cytokine	99.29499204066667
IFNA2	SOCS1	Directed	cytokine	99.29499204066667
IFNA2	SOCS2	Directed	cytokine	99.29499204066667
IFNA2	SOCS3	Directed	cytokine	99.29499204066667
IFNA2	SP100	Directed	cytokine	99.29499204066667
IFNA2	SP110	Directed	cytokine	99.29499204066667
IFNA2	STAT1	Directed	cytokine	99.29499204066667
IFNA2	STAT3	Directed	cytokine	99.29499204066667
IFNA2	STAT4	Directed	cytokine	99.29499204066667
IFNA2	TAP1	Directed	cytokine	99.29499204066667
IFNA2	TBX21	Directed	cytokine	99.29499204066667
IFNA2	TDRD7	Directed	cytokine	99.29499204066667
IFNA2	TGM2	Directed	cytokine	99.29499204066667
IFNA2	THEMIS2	Directed	cytokine	99.29499204066667
IFNA2	TLR3	Directed	cytokine	99.29499204066667
IFNA2	TNF	Directed	cytokine	99.29499204066667
IFNA2	TNFRSF10B	Directed	cytokine	99.29499204066667
IFNA2	TNFSF10	Directed	cytokine	99.29499204066667
IFNA2	TRIM14	Directed	cytokine	99.29499204066667
IFNA2	TRIM21	Directed	cytokine	99.29499204066667
IFNA2	TRIM22	Directed	cytokine	99.29499204066667
IFNA2	UBA7	Directed	cytokine	99.29499204066667
IFNA2	UBD	Directed	cytokine	99.29499204066667
IFNA2	UBE2L6	Directed	cytokine	99.29499204066667
IFNA2	USP18	Directed	cytokine	99.29499204066667
IFNA2	VCAM1	Directed	cytokine	99.29499204066667
IFNA2	VEGFA	Directed	cytokine	99.29499204066667
IFNA2	VEGFC	Directed	cytokine	99.29499204066667
IFNA2	XAF1	Directed	cytokine	99.29499204066667
IFNA2	ZBP1	Directed	cytokine	99.29499204066667
IFNA2	ZC3HAV1	Directed	cytokine	99.29499204066667
IFNA4	BST2	Directed	cytokine	12.795880017344075
IFNA4	CCL8	Directed	cytokine	12.795880017344075
IFNA4	CCRL2	Directed	cytokine	12.795880017344075
IFNA4	CD274	Directed	cytokine	12.795880017344075
IFNA4	CD86	Directed	cytokine	12.795880017344075
IFNA4	CXCL10	Directed	cytokine	12.795880017344075
IFNA4	CXCL11	Directed	cytokine	12.795880017344075
IFNA4	CXCL9	Directed	cytokine	12.795880017344075
IFNA4	IFIH1	Directed	cytokine	12.795880017344075
IFNA4	IFIT1	Directed	cytokine	12.795880017344075
IFNA4	IFIT2	Directed	cytokine	12.795880017344075
IFNA4	IFNG	Directed	cytokine	12.795880017344075
IFNA4	IL17A	Directed	cytokine	12.795880017344075
IFNA4	IL2	Directed	cytokine	12.795880017344075
IFNA4	IL4	Directed	cytokine	12.795880017344075
IFNA4	IL6	Directed	cytokine	12.795880017344075
IFNA4	ISG15	Directed	cytokine	12.795880017344075
IFNA4	JAML	Directed	cytokine	12.795880017344075
IFNA4	MX1	Directed	cytokine	12.795880017344075
IFNA4	PIK3AP1	Directed	cytokine	12.795880017344075
IFNA4	PLAAT4	Directed	cytokine	12.795880017344075
IFNA4	RSAD2	Directed	cytokine	12.795880017344075
IFNA4	STAT4	Directed	cytokine	12.795880017344075
IFNA4	TREML2	Directed	cytokine	12.795880017344075
IFNA4	USP18	Directed	cytokine	12.795880017344075
IFNA4	ZBP1	Directed	cytokine	12.795880017344075
IFNB1	ACOD1	Directed	cytokine	51.350665141287855
IFNB1	APOL1	Directed	cytokine	51.350665141287855
IFNB1	APOL2	Directed	cytokine	51.350665141287855
IFNB1	APOL3	Directed	cytokine	51.350665141287855
IFNB1	APOL6	Directed	cytokine	51.350665141287855
IFNB1	BAK1	Directed	cytokine	51.350665141287855
IFNB1	BHLHE40	Directed	cytokine	51.350665141287855
IFNB1	BST2	Directed	cytokine	51.350665141287855
IFNB1	BTN3A3	Directed	cytokine	51.350665141287855
IFNB1	CARD6	Directed	cytokine	51.350665141287855
IFNB1	CASP1	Directed	cytokine	51.350665141287855
IFNB1	CASP3	Directed	cytokine	51.350665141287855
IFNB1	CASP8	Directed	cytokine	51.350665141287855
IFNB1	CCL2	Directed	cytokine	51.350665141287855
IFNB1	CCL3	Directed	cytokine	51.350665141287855
IFNB1	CCL4	Directed	cytokine	51.350665141287855
IFNB1	CCL5	Directed	cytokine	51.350665141287855
IFNB1	CCL7	Directed	cytokine	51.350665141287855
IFNB1	CCR5	Directed	cytokine	51.350665141287855
IFNB1	CD14	Directed	cytokine	51.350665141287855
IFNB1	CD274	Directed	cytokine	51.350665141287855
IFNB1	CD38	Directed	cytokine	51.350665141287855
IFNB1	CD40	Directed	cytokine	51.350665141287855
IFNB1	CD80	Directed	cytokine	51.350665141287855
IFNB1	CD83	Directed	cytokine	51.350665141287855
IFNB1	CD86	Directed	cytokine	51.350665141287855
IFNB1	CDKN1A	Directed	cytokine	51.350665141287855
IFNB1	CH25H	Directed	cytokine	51.350665141287855
IFNB1	CLEC4E	Directed	cytokine	51.350665141287855
IFNB1	CMPK2	Directed	cytokine	51.350665141287855
IFNB1	CREM	Directed	cytokine	51.350665141287855
IFNB1	CSF2	Directed	cytokine	51.350665141287855
IFNB1	CX3CL1	Directed	cytokine	51.350665141287855
IFNB1	CXCL10	Directed	cytokine	51.350665141287855
IFNB1	CXCL11	Directed	cytokine	51.350665141287855
IFNB1	CXCL8	Directed	cytokine	51.350665141287855
IFNB1	CXCL9	Directed	cytokine	51.350665141287855
IFNB1	DAXX	Directed	cytokine	51.350665141287855
IFNB1	DHX58	Directed	cytokine	51.350665141287855
IFNB1	EBI3	Directed	cytokine	51.350665141287855
IFNB1	EIF2AK2	Directed	cytokine	51.350665141287855
IFNB1	GBP1	Directed	cytokine	51.350665141287855
IFNB1	GZMB	Directed	cytokine	51.350665141287855
IFNB1	HERC5	Directed	cytokine	51.350665141287855
IFNB1	HLA-A	Directed	cytokine	51.350665141287855
IFNB1	ICAM1	Directed	cytokine	51.350665141287855
IFNB1	IDO1	Directed	cytokine	51.350665141287855
IFNB1	IFI27	Directed	cytokine	51.350665141287855
IFNB1	IFI27L2	Directed	cytokine	51.350665141287855
IFNB1	IFI6	Directed	cytokine	51.350665141287855
IFNB1	IFIH1	Directed	cytokine	51.350665141287855
IFNB1	IFIT1	Directed	cytokine	51.350665141287855
IFNB1	IFIT2	Directed	cytokine	51.350665141287855
IFNB1	IFIT3	Directed	cytokine	51.350665141287855
IFNB1	IFITM1	Directed	cytokine	51.350665141287855
IFNB1	IFNB1	Directed	cytokine	51.350665141287855
IFNB1	IFNG	Directed	cytokine	51.350665141287855
IFNB1	IFNK	Directed	cytokine	51.350665141287855
IFNB1	IL10	Directed	cytokine	51.350665141287855
IFNB1	IL12A	Directed	cytokine	51.350665141287855
IFNB1	IL12B	Directed	cytokine	51.350665141287855
IFNB1	IL13	Directed	cytokine	51.350665141287855
IFNB1	IL17A	Directed	cytokine	51.350665141287855
IFNB1	IL1B	Directed	cytokine	51.350665141287855
IFNB1	IL2	Directed	cytokine	51.350665141287855
IFNB1	IL24	Directed	cytokine	51.350665141287855
IFNB1	IL27	Directed	cytokine	51.350665141287855
IFNB1	IL4	Directed	cytokine	51.350665141287855
IFNB1	IL5	Directed	cytokine	51.350665141287855
IFNB1	IL6	Directed	cytokine	51.350665141287855
IFNB1	IRF1	Directed	cytokine	51.350665141287855
IFNB1	IRF7	Directed	cytokine	51.350665141287855
IFNB1	IRF9	Directed	cytokine	51.350665141287855
IFNB1	ISG15	Directed	cytokine	51.350665141287855
IFNB1	ISG20	Directed	cytokine	51.350665141287855
IFNB1	ITGAX	Directed	cytokine	51.350665141287855
IFNB1	ITGB2	Directed	cytokine	51.350665141287855
IFNB1	ITGB3	Directed	cytokine	51.350665141287855
IFNB1	KLRK1	Directed	cytokine	51.350665141287855
IFNB1	MMP9	Directed	cytokine	51.350665141287855
IFNB1	MX1	Directed	cytokine	51.350665141287855
IFNB1	MX2	Directed	cytokine	51.350665141287855
IFNB1	MYD88	Directed	cytokine	51.350665141287855
IFNB1	NFKBIE	Directed	cytokine	51.350665141287855
IFNB1	NMI	Directed	cytokine	51.350665141287855
IFNB1	NNMT	Directed	cytokine	51.350665141287855
IFNB1	NOCT	Directed	cytokine	51.350665141287855
IFNB1	NOD1	Directed	cytokine	51.350665141287855
IFNB1	NOD2	Directed	cytokine	51.350665141287855
IFNB1	NOS2	Directed	cytokine	51.350665141287855
IFNB1	NT5C3A	Directed	cytokine	51.350665141287855
IFNB1	NUB1	Directed	cytokine	51.350665141287855
IFNB1	OAS1	Directed	cytokine	51.350665141287855
IFNB1	OAS2	Directed	cytokine	51.350665141287855
IFNB1	PARP10	Directed	cytokine	51.350665141287855
IFNB1	PARP12	Directed	cytokine	51.350665141287855
IFNB1	PARP14	Directed	cytokine	51.350665141287855
IFNB1	PARP9	Directed	cytokine	51.350665141287855
IFNB1	PDCD1	Directed	cytokine	51.350665141287855
IFNB1	PLAAT4	Directed	cytokine	51.350665141287855
IFNB1	PMAIP1	Directed	cytokine	51.350665141287855
IFNB1	PML	Directed	cytokine	51.350665141287855
IFNB1	PRL	Directed	cytokine	51.350665141287855
IFNB1	PTGS2	Directed	cytokine	51.350665141287855
IFNB1	RIGI	Directed	cytokine	51.350665141287855
IFNB1	RIPK2	Directed	cytokine	51.350665141287855
IFNB1	RND3	Directed	cytokine	51.350665141287855
IFNB1	RSAD2	Directed	cytokine	51.350665141287855
IFNB1	SIDT1	Directed	cytokine	51.350665141287855
IFNB1	SLC39A14	Directed	cytokine	51.350665141287855
IFNB1	SOCS1	Directed	cytokine	51.350665141287855
IFNB1	SPP1	Directed	cytokine	51.350665141287855
IFNB1	STARD4	Directed	cytokine	51.350665141287855
IFNB1	STAT1	Directed	cytokine	51.350665141287855
IFNB1	STAT2	Directed	cytokine	51.350665141287855
IFNB1	STAT4	Directed	cytokine	51.350665141287855
IFNB1	THBS1	Directed	cytokine	51.350665141287855
IFNB1	TIMP1	Directed	cytokine	51.350665141287855
IFNB1	TLR3	Directed	cytokine	51.350665141287855
IFNB1	TLR7	Directed	cytokine	51.350665141287855
IFNB1	TLR8	Directed	cytokine	51.350665141287855
IFNB1	TLR9	Directed	cytokine	51.350665141287855
IFNB1	TNF	Directed	cytokine	51.350665141287855
IFNB1	TNFRSF10B	Directed	cytokine	51.350665141287855
IFNB1	TNFRSF4	Directed	cytokine	51.350665141287855
IFNB1	TNFSF10	Directed	cytokine	51.350665141287855
IFNB1	TRIM14	Directed	cytokine	51.350665141287855
IFNB1	TRIM21	Directed	cytokine	51.350665141287855
IFNB1	TRIM38	Directed	cytokine	51.350665141287855
IFNB1	UBA7	Directed	cytokine	51.350665141287855
IFNB1	USP18	Directed	cytokine	51.350665141287855
IFNB1	XAF1	Directed	cytokine	51.350665141287855
IFNB1	ZBP1	Directed	cytokine	51.350665141287855
IFNE	APOBEC3G	Directed	cytokine	21.48678239993206
IFNE	BST2	Directed	cytokine	21.48678239993206
IFNE	CD40	Directed	cytokine	21.48678239993206
IFNE	CD80	Directed	cytokine	21.48678239993206
IFNE	CD83	Directed	cytokine	21.48678239993206
IFNE	CD86	Directed	cytokine	21.48678239993206
IFNE	CDKN1A	Directed	cytokine	21.48678239993206
IFNE	CXCL10	Directed	cytokine	21.48678239993206
IFNE	CXCL11	Directed	cytokine	21.48678239993206
IFNE	CXCL9	Directed	cytokine	21.48678239993206
IFNE	HERC5	Directed	cytokine	21.48678239993206
IFNE	HSD11B1	Directed	cytokine	21.48678239993206
IFNE	IFIH1	Directed	cytokine	21.48678239993206
IFNE	IFIT2	Directed	cytokine	21.48678239993206
IFNE	IFITM3	Directed	cytokine	21.48678239993206
IFNE	IFNG	Directed	cytokine	21.48678239993206
IFNE	IL10	Directed	cytokine	21.48678239993206
IFNE	IL4	Directed	cytokine	21.48678239993206
IFNE	ISG15	Directed	cytokine	21.48678239993206
IFNE	ISG20	Directed	cytokine	21.48678239993206
IFNE	MX2	Directed	cytokine	21.48678239993206
IFNE	PLAAT4	Directed	cytokine	21.48678239993206
IFNE	PTGER2	Directed	cytokine	21.48678239993206
IFNE	PTGER4	Directed	cytokine	21.48678239993206
IFNE	PTGS2	Directed	cytokine	21.48678239993206
IFNE	STAT1	Directed	cytokine	21.48678239993206
IFNE	STAT4	Directed	cytokine	21.48678239993206
IFNE	TLR3	Directed	cytokine	21.48678239993206
IFNE	TRIM5	Directed	cytokine	21.48678239993206
IFNE	USP18	Directed	cytokine	21.48678239993206
IFNE	ZBP1	Directed	cytokine	21.48678239993206
IFNG	ACE2	Directed	cytokine	219.09908693226234
IFNG	ACOD1	Directed	cytokine	219.09908693226234
IFNG	ACTB	Directed	cytokine	219.09908693226234
IFNG	ADA2	Directed	cytokine	219.09908693226234
IFNG	ADAMTS8	Directed	cytokine	219.09908693226234
IFNG	ADAMTS9	Directed	cytokine	219.09908693226234
IFNG	ADCY7	Directed	cytokine	219.09908693226234
IFNG	ADGRG2	Directed	cytokine	219.09908693226234
IFNG	ADM	Directed	cytokine	219.09908693226234
IFNG	ADORA2A	Directed	cytokine	219.09908693226234
IFNG	AGER	Directed	cytokine	219.09908693226234
IFNG	AIF1	Directed	cytokine	219.09908693226234
IFNG	AIM2	Directed	cytokine	219.09908693226234
IFNG	ALDH1A3	Directed	cytokine	219.09908693226234
IFNG	ALOX15	Directed	cytokine	219.09908693226234
IFNG	ALOX5AP	Directed	cytokine	219.09908693226234
IFNG	ANGPTL4	Directed	cytokine	219.09908693226234
IFNG	APOBEC3G	Directed	cytokine	219.09908693226234
IFNG	APOL1	Directed	cytokine	219.09908693226234
IFNG	APOL2	Directed	cytokine	219.09908693226234
IFNG	APOL6	Directed	cytokine	219.09908693226234
IFNG	AREG	Directed	cytokine	219.09908693226234
IFNG	ARFGAP3	Directed	cytokine	219.09908693226234
IFNG	ASS1	Directed	cytokine	219.09908693226234
IFNG	ATF3	Directed	cytokine	219.09908693226234
IFNG	ATF5	Directed	cytokine	219.09908693226234
IFNG	ATG3	Directed	cytokine	219.09908693226234
IFNG	B2M	Directed	cytokine	219.09908693226234
IFNG	BACH1	Directed	cytokine	219.09908693226234
IFNG	BAK1	Directed	cytokine	219.09908693226234
IFNG	BATF	Directed	cytokine	219.09908693226234
IFNG	BATF2	Directed	cytokine	219.09908693226234
IFNG	BAX	Directed	cytokine	219.09908693226234
IFNG	BCL2A1	Directed	cytokine	219.09908693226234
IFNG	BCL2L11	Directed	cytokine	219.09908693226234
IFNG	BCL3	Directed	cytokine	219.09908693226234
IFNG	BID	Directed	cytokine	219.09908693226234
IFNG	BIRC3	Directed	cytokine	219.09908693226234
IFNG	BRCA2	Directed	cytokine	219.09908693226234
IFNG	BST2	Directed	cytokine	219.09908693226234
IFNG	BTN3A1	Directed	cytokine	219.09908693226234
IFNG	BTN3A2	Directed	cytokine	219.09908693226234
IFNG	C15orf48	Directed	cytokine	219.09908693226234
IFNG	C1QA	Directed	cytokine	219.09908693226234
IFNG	C1QB	Directed	cytokine	219.09908693226234
IFNG	C1QC	Directed	cytokine	219.09908693226234
IFNG	C1R	Directed	cytokine	219.09908693226234
IFNG	C2	Directed	cytokine	219.09908693226234
IFNG	C3	Directed	cytokine	219.09908693226234
IFNG	C4A	Directed	cytokine	219.09908693226234
IFNG	C5AR1	Directed	cytokine	219.09908693226234
IFNG	CALCA	Directed	cytokine	219.09908693226234
IFNG	CALHM6	Directed	cytokine	219.09908693226234
IFNG	CAMK4	Directed	cytokine	219.09908693226234
IFNG	CARD6	Directed	cytokine	219.09908693226234
IFNG	CASP1	Directed	cytokine	219.09908693226234
IFNG	CASP10	Directed	cytokine	219.09908693226234
IFNG	CASP3	Directed	cytokine	219.09908693226234
IFNG	CASP4	Directed	cytokine	219.09908693226234
IFNG	CASP5	Directed	cytokine	219.09908693226234
IFNG	CASP7	Directed	cytokine	219.09908693226234
IFNG	CASP8	Directed	cytokine	219.09908693226234
IFNG	CCL1	Directed	cytokine	219.09908693226234
IFNG	CCL11	Directed	cytokine	219.09908693226234
IFNG	CCL13	Directed	cytokine	219.09908693226234
IFNG	CCL17	Directed	cytokine	219.09908693226234
IFNG	CCL18	Directed	cytokine	219.09908693226234
IFNG	CCL19	Directed	cytokine	219.09908693226234
IFNG	CCL2	Directed	cytokine	219.09908693226234
IFNG	CCL20	Directed	cytokine	219.09908693226234
IFNG	CCL22	Directed	cytokine	219.09908693226234
IFNG	CCL25	Directed	cytokine	219.09908693226234
IFNG	CCL26	Directed	cytokine	219.09908693226234
IFNG	CCL3	Directed	cytokine	219.09908693226234
IFNG	CCL4	Directed	cytokine	219.09908693226234
IFNG	CCL5	Directed	cytokine	219.09908693226234
IFNG	CCL7	Directed	cytokine	219.09908693226234
IFNG	CCL8	Directed	cytokine	219.09908693226234
IFNG	CCNA1	Directed	cytokine	219.09908693226234
IFNG	CCND2	Directed	cytokine	219.09908693226234
IFNG	CCND3	Directed	cytokine	219.09908693226234
IFNG	CCR1	Directed	cytokine	219.09908693226234
IFNG	CCR2	Directed	cytokine	219.09908693226234
IFNG	CCR3	Directed	cytokine	219.09908693226234
IFNG	CCR4	Directed	cytokine	219.09908693226234
IFNG	CCR5	Directed	cytokine	219.09908693226234
IFNG	CCR6	Directed	cytokine	219.09908693226234
IFNG	CCR7	Directed	cytokine	219.09908693226234
IFNG	CCRL2	Directed	cytokine	219.09908693226234
IFNG	CD14	Directed	cytokine	219.09908693226234
IFNG	CD163	Directed	cytokine	219.09908693226234
IFNG	CD1D	Directed	cytokine	219.09908693226234
IFNG	CD2	Directed	cytokine	219.09908693226234
IFNG	CD209	Directed	cytokine	219.09908693226234
IFNG	CD27	Directed	cytokine	219.09908693226234
IFNG	CD274	Directed	cytokine	219.09908693226234
IFNG	CD38	Directed	cytokine	219.09908693226234
IFNG	CD4	Directed	cytokine	219.09908693226234
IFNG	CD40	Directed	cytokine	219.09908693226234
IFNG	CD40LG	Directed	cytokine	219.09908693226234
IFNG	CD63	Directed	cytokine	219.09908693226234
IFNG	CD68	Directed	cytokine	219.09908693226234
IFNG	CD72	Directed	cytokine	219.09908693226234
IFNG	CD74	Directed	cytokine	219.09908693226234
IFNG	CD80	Directed	cytokine	219.09908693226234
IFNG	CD83	Directed	cytokine	219.09908693226234
IFNG	CD86	Directed	cytokine	219.09908693226234
IFNG	CDC25B	Directed	cytokine	219.09908693226234
IFNG	CDKN1A	Directed	cytokine	219.09908693226234
IFNG	CDKN2A	Directed	cytokine	219.09908693226234
IFNG	CEACAM1	Directed	cytokine	219.09908693226234
IFNG	CFB	Directed	cytokine	219.09908693226234
IFNG	CFLAR	Directed	cytokine	219.09908693226234
IFNG	CFP	Directed	cytokine	219.09908693226234
IFNG	CGAS	Directed	cytokine	219.09908693226234
IFNG	CH25H	Directed	cytokine	219.09908693226234
IFNG	CHI3L2	Directed	cytokine	219.09908693226234
IFNG	CHST11	Directed	cytokine	219.09908693226234
IFNG	CIITA	Directed	cytokine	219.09908693226234
IFNG	CISH	Directed	cytokine	219.09908693226234
IFNG	CLEC2D	Directed	cytokine	219.09908693226234
IFNG	CLEC4E	Directed	cytokine	219.09908693226234
IFNG	CLEC5A	Directed	cytokine	219.09908693226234
IFNG	CLEC7A	Directed	cytokine	219.09908693226234
IFNG	CMPK2	Directed	cytokine	219.09908693226234
IFNG	CORO1A	Directed	cytokine	219.09908693226234
IFNG	CREM	Directed	cytokine	219.09908693226234
IFNG	CSF1	Directed	cytokine	219.09908693226234
IFNG	CSF1R	Directed	cytokine	219.09908693226234
IFNG	CSF2	Directed	cytokine	219.09908693226234
IFNG	CSF2RB	Directed	cytokine	219.09908693226234
IFNG	CSF3	Directed	cytokine	219.09908693226234
IFNG	CSK	Directed	cytokine	219.09908693226234
IFNG	CTSB	Directed	cytokine	219.09908693226234
IFNG	CTSC	Directed	cytokine	219.09908693226234
IFNG	CTSH	Directed	cytokine	219.09908693226234
IFNG	CTSS	Directed	cytokine	219.09908693226234
IFNG	CTSZ	Directed	cytokine	219.09908693226234
IFNG	CX3CL1	Directed	cytokine	219.09908693226234
IFNG	CXCL1	Directed	cytokine	219.09908693226234
IFNG	CXCL10	Directed	cytokine	219.09908693226234
IFNG	CXCL11	Directed	cytokine	219.09908693226234
IFNG	CXCL13	Directed	cytokine	219.09908693226234
IFNG	CXCL16	Directed	cytokine	219.09908693226234
IFNG	CXCL17	Directed	cytokine	219.09908693226234
IFNG	CXCL2	Directed	cytokine	219.09908693226234
IFNG	CXCL3	Directed	cytokine	219.09908693226234
IFNG	CXCL5	Directed	cytokine	219.09908693226234
IFNG	CXCL6	Directed	cytokine	219.09908693226234
IFNG	CXCL8	Directed	cytokine	219.09908693226234
IFNG	CXCL9	Directed	cytokine	219.09908693226234
IFNG	CXCR2	Directed	cytokine	219.09908693226234
IFNG	CXCR3	Directed	cytokine	219.09908693226234
IFNG	CXCR4	Directed	cytokine	219.09908693226234
IFNG	CXCR6	Directed	cytokine	219.09908693226234
IFNG	CYBA	Directed	cytokine	219.09908693226234
IFNG	CYBB	Directed	cytokine	219.09908693226234
IFNG	CYLD	Directed	cytokine	219.09908693226234
IFNG	CYRIA	Directed	cytokine	219.09908693226234
IFNG	CYSLTR2	Directed	cytokine	219.09908693226234
IFNG	CYTIP	Directed	cytokine	219.09908693226234
IFNG	DAXX	Directed	cytokine	219.09908693226234
IFNG	DDIT4	Directed	cytokine	219.09908693226234
IFNG	DDX60	Directed	cytokine	219.09908693226234
IFNG	DDX60L	Directed	cytokine	219.09908693226234
IFNG	DEFB103B	Directed	cytokine	219.09908693226234
IFNG	DEFB4A	Directed	cytokine	219.09908693226234
IFNG	DEPP1	Directed	cytokine	219.09908693226234
IFNG	DNASE1L3	Directed	cytokine	219.09908693226234
IFNG	DOK1	Directed	cytokine	219.09908693226234
IFNG	DTX3L	Directed	cytokine	219.09908693226234
IFNG	DUSP5	Directed	cytokine	219.09908693226234
IFNG	EBI3	Directed	cytokine	219.09908693226234
IFNG	EIF2AK2	Directed	cytokine	219.09908693226234
IFNG	EIF2S2	Directed	cytokine	219.09908693226234
IFNG	EIF4EBP1	Directed	cytokine	219.09908693226234
IFNG	ENO1	Directed	cytokine	219.09908693226234
IFNG	ERAP1	Directed	cytokine	219.09908693226234
IFNG	ERAP2	Directed	cytokine	219.09908693226234
IFNG	ETS1	Directed	cytokine	219.09908693226234
IFNG	ETV7	Directed	cytokine	219.09908693226234
IFNG	FAS	Directed	cytokine	219.09908693226234
IFNG	FASLG	Directed	cytokine	219.09908693226234
IFNG	FBP1	Directed	cytokine	219.09908693226234
IFNG	FCER1G	Directed	cytokine	219.09908693226234
IFNG	FCER2	Directed	cytokine	219.09908693226234
IFNG	FCGR1A	Directed	cytokine	219.09908693226234
IFNG	FCGR2A	Directed	cytokine	219.09908693226234
IFNG	FCGR2B	Directed	cytokine	219.09908693226234
IFNG	FCGR3A	Directed	cytokine	219.09908693226234
IFNG	FCN1	Directed	cytokine	219.09908693226234
IFNG	FGL2	Directed	cytokine	219.09908693226234
IFNG	FKBP1A	Directed	cytokine	219.09908693226234
IFNG	FLT1	Directed	cytokine	219.09908693226234
IFNG	FMNL2	Directed	cytokine	219.09908693226234
IFNG	FOSL1	Directed	cytokine	219.09908693226234
IFNG	FOXP3	Directed	cytokine	219.09908693226234
IFNG	FPR2	Directed	cytokine	219.09908693226234
IFNG	FTH1	Directed	cytokine	219.09908693226234
IFNG	FZD2	Directed	cytokine	219.09908693226234
IFNG	GAD1	Directed	cytokine	219.09908693226234
IFNG	GADD45B	Directed	cytokine	219.09908693226234
IFNG	GART	Directed	cytokine	219.09908693226234
IFNG	GBP1	Directed	cytokine	219.09908693226234
IFNG	GBP2	Directed	cytokine	219.09908693226234
IFNG	GBP3	Directed	cytokine	219.09908693226234
IFNG	GBP4	Directed	cytokine	219.09908693226234
IFNG	GBP5	Directed	cytokine	219.09908693226234
IFNG	GCH1	Directed	cytokine	219.09908693226234
IFNG	GGT5	Directed	cytokine	219.09908693226234
IFNG	GJA5	Directed	cytokine	219.09908693226234
IFNG	GLIPR2	Directed	cytokine	219.09908693226234
IFNG	GLS	Directed	cytokine	219.09908693226234
IFNG	GLUL	Directed	cytokine	219.09908693226234
IFNG	GNA13	Directed	cytokine	219.09908693226234
IFNG	GNA14	Directed	cytokine	219.09908693226234
IFNG	GNAI2	Directed	cytokine	219.09908693226234
IFNG	GPR19	Directed	cytokine	219.09908693226234
IFNG	GPX1	Directed	cytokine	219.09908693226234
IFNG	GSDMC	Directed	cytokine	219.09908693226234
IFNG	GSDMD	Directed	cytokine	219.09908693226234
IFNG	GZMB	Directed	cytokine	219.09908693226234
IFNG	HAS2	Directed	cytokine	219.09908693226234
IFNG	HBEGF	Directed	cytokine	219.09908693226234
IFNG	HCAR2	Directed	cytokine	219.09908693226234
IFNG	HCAR3	Directed	cytokine	219.09908693226234
IFNG	HCK	Directed	cytokine	219.09908693226234
IFNG	HERC6	Directed	cytokine	219.09908693226234
IFNG	HIF1A	Directed	cytokine	219.09908693226234
IFNG	HK2	Directed	cytokine	219.09908693226234
IFNG	HLA-A	Directed	cytokine	219.09908693226234
IFNG	HLA-B	Directed	cytokine	219.09908693226234
IFNG	HLA-C	Directed	cytokine	219.09908693226234
IFNG	HLA-DMA	Directed	cytokine	219.09908693226234
IFNG	HLA-DMB	Directed	cytokine	219.09908693226234
IFNG	HLA-DOA	Directed	cytokine	219.09908693226234
IFNG	HLA-DOB	Directed	cytokine	219.09908693226234
IFNG	HLA-DQA1	Directed	cytokine	219.09908693226234
IFNG	HLA-DQB1	Directed	cytokine	219.09908693226234
IFNG	HLA-DRA	Directed	cytokine	219.09908693226234
IFNG	HLA-DRB1	Directed	cytokine	219.09908693226234
IFNG	HLA-E	Directed	cytokine	219.09908693226234
IFNG	HLA-F	Directed	cytokine	219.09908693226234
IFNG	HLA-G	Directed	cytokine	219.09908693226234
IFNG	HP	Directed	cytokine	219.09908693226234
IFNG	HSP90AA1	Directed	cytokine	219.09908693226234
IFNG	HSPA5	Directed	cytokine	219.09908693226234
IFNG	HSPA8	Directed	cytokine	219.09908693226234
IFNG	ICAM1	Directed	cytokine	219.09908693226234
IFNG	IDO1	Directed	cytokine	219.09908693226234
IFNG	IDO2	Directed	cytokine	219.09908693226234
IFNG	IER3	Directed	cytokine	219.09908693226234
IFNG	IFI16	Directed	cytokine	219.09908693226234
IFNG	IFI27	Directed	cytokine	219.09908693226234
IFNG	IFI30	Directed	cytokine	219.09908693226234
IFNG	IFI35	Directed	cytokine	219.09908693226234
IFNG	IFI44	Directed	cytokine	219.09908693226234
IFNG	IFI44L	Directed	cytokine	219.09908693226234
IFNG	IFI6	Directed	cytokine	219.09908693226234
IFNG	IFIH1	Directed	cytokine	219.09908693226234
IFNG	IFIT1	Directed	cytokine	219.09908693226234
IFNG	IFIT2	Directed	cytokine	219.09908693226234
IFNG	IFIT3	Directed	cytokine	219.09908693226234
IFNG	IFIT5	Directed	cytokine	219.09908693226234
IFNG	IFITM1	Directed	cytokine	219.09908693226234
IFNG	IFITM2	Directed	cytokine	219.09908693226234
IFNG	IFITM3	Directed	cytokine	219.09908693226234
IFNG	IFNB1	Directed	cytokine	219.09908693226234
IFNG	IFNG	Directed	cytokine	219.09908693226234
IFNG	IFNGR2	Directed	cytokine	219.09908693226234
IFNG	IFNK	Directed	cytokine	219.09908693226234
IFNG	IGHG1	Directed	cytokine	219.09908693226234
IFNG	IGHM	Directed	cytokine	219.09908693226234
IFNG	IKBKE	Directed	cytokine	219.09908693226234
IFNG	IL10	Directed	cytokine	219.09908693226234
IFNG	IL10RA	Directed	cytokine	219.09908693226234
IFNG	IL12A	Directed	cytokine	219.09908693226234
IFNG	IL12B	Directed	cytokine	219.09908693226234
IFNG	IL12RB1	Directed	cytokine	219.09908693226234
IFNG	IL12RB2	Directed	cytokine	219.09908693226234
IFNG	IL13	Directed	cytokine	219.09908693226234
IFNG	IL13RA1	Directed	cytokine	219.09908693226234
IFNG	IL15	Directed	cytokine	219.09908693226234
IFNG	IL15RA	Directed	cytokine	219.09908693226234
IFNG	IL17A	Directed	cytokine	219.09908693226234
IFNG	IL17RA	Directed	cytokine	219.09908693226234
IFNG	IL18BP	Directed	cytokine	219.09908693226234
IFNG	IL18R1	Directed	cytokine	219.09908693226234
IFNG	IL18RAP	Directed	cytokine	219.09908693226234
IFNG	IL1B	Directed	cytokine	219.09908693226234
IFNG	IL1RL1	Directed	cytokine	219.09908693226234
IFNG	IL1RN	Directed	cytokine	219.09908693226234
IFNG	IL2	Directed	cytokine	219.09908693226234
IFNG	IL21	Directed	cytokine	219.09908693226234
IFNG	IL23A	Directed	cytokine	219.09908693226234
IFNG	IL25	Directed	cytokine	219.09908693226234
IFNG	IL27	Directed	cytokine	219.09908693226234
IFNG	IL2RA	Directed	cytokine	219.09908693226234
IFNG	IL2RB	Directed	cytokine	219.09908693226234
IFNG	IL3	Directed	cytokine	219.09908693226234
IFNG	IL31RA	Directed	cytokine	219.09908693226234
IFNG	IL32	Directed	cytokine	219.09908693226234
IFNG	IL3RA	Directed	cytokine	219.09908693226234
IFNG	IL4	Directed	cytokine	219.09908693226234
IFNG	IL4I1	Directed	cytokine	219.09908693226234
IFNG	IL4R	Directed	cytokine	219.09908693226234
IFNG	IL5	Directed	cytokine	219.09908693226234
IFNG	IL6	Directed	cytokine	219.09908693226234
IFNG	IL6R	Directed	cytokine	219.09908693226234
IFNG	IL7R	Directed	cytokine	219.09908693226234
IFNG	IL9	Directed	cytokine	219.09908693226234
IFNG	INHBA	Directed	cytokine	219.09908693226234
IFNG	INSRR	Directed	cytokine	219.09908693226234
IFNG	IRAK2	Directed	cytokine	219.09908693226234
IFNG	IRF1	Directed	cytokine	219.09908693226234
IFNG	IRF2	Directed	cytokine	219.09908693226234
IFNG	IRF4	Directed	cytokine	219.09908693226234
IFNG	IRF5	Directed	cytokine	219.09908693226234
IFNG	IRF7	Directed	cytokine	219.09908693226234
IFNG	IRF8	Directed	cytokine	219.09908693226234
IFNG	IRF9	Directed	cytokine	219.09908693226234
IFNG	ISG15	Directed	cytokine	219.09908693226234
IFNG	ISG20	Directed	cytokine	219.09908693226234
IFNG	ITGA4	Directed	cytokine	219.09908693226234
IFNG	ITGA5	Directed	cytokine	219.09908693226234
IFNG	ITGAL	Directed	cytokine	219.09908693226234
IFNG	ITGAM	Directed	cytokine	219.09908693226234
IFNG	ITGAX	Directed	cytokine	219.09908693226234
IFNG	ITGB2	Directed	cytokine	219.09908693226234
IFNG	ITGB3	Directed	cytokine	219.09908693226234
IFNG	JAK2	Directed	cytokine	219.09908693226234
IFNG	JAK3	Directed	cytokine	219.09908693226234
IFNG	JUNB	Directed	cytokine	219.09908693226234
IFNG	KARS1	Directed	cytokine	219.09908693226234
IFNG	KLF1	Directed	cytokine	219.09908693226234
IFNG	KLF6	Directed	cytokine	219.09908693226234
IFNG	KLRG1	Directed	cytokine	219.09908693226234
IFNG	KLRK1	Directed	cytokine	219.09908693226234
IFNG	KMO	Directed	cytokine	219.09908693226234
IFNG	KRT17	Directed	cytokine	219.09908693226234
IFNG	KYNU	Directed	cytokine	219.09908693226234
IFNG	LAG3	Directed	cytokine	219.09908693226234
IFNG	LAMP3	Directed	cytokine	219.09908693226234
IFNG	LAT2	Directed	cytokine	219.09908693226234
IFNG	LCN2	Directed	cytokine	219.09908693226234
IFNG	LCP2	Directed	cytokine	219.09908693226234
IFNG	LDHA	Directed	cytokine	219.09908693226234
IFNG	LDLR	Directed	cytokine	219.09908693226234
IFNG	LGALS3BP	Directed	cytokine	219.09908693226234
IFNG	LGALS9	Directed	cytokine	219.09908693226234
IFNG	LIF	Directed	cytokine	219.09908693226234
IFNG	LIFR	Directed	cytokine	219.09908693226234
IFNG	LILRB1	Directed	cytokine	219.09908693226234
IFNG	LIMK1	Directed	cytokine	219.09908693226234
IFNG	LPIN2	Directed	cytokine	219.09908693226234
IFNG	LRRK2	Directed	cytokine	219.09908693226234
IFNG	LST1	Directed	cytokine	219.09908693226234
IFNG	LTA	Directed	cytokine	219.09908693226234
IFNG	LTB	Directed	cytokine	219.09908693226234
IFNG	LY6E	Directed	cytokine	219.09908693226234
IFNG	LY75	Directed	cytokine	219.09908693226234
IFNG	LY96	Directed	cytokine	219.09908693226234
IFNG	LYN	Directed	cytokine	219.09908693226234
IFNG	MANF	Directed	cytokine	219.09908693226234
IFNG	MARCHF1	Directed	cytokine	219.09908693226234
IFNG	MARCKSL1	Directed	cytokine	219.09908693226234
IFNG	MCHR1	Directed	cytokine	219.09908693226234
IFNG	MEFV	Directed	cytokine	219.09908693226234
IFNG	MLKL	Directed	cytokine	219.09908693226234
IFNG	MMP1	Directed	cytokine	219.09908693226234
IFNG	MMP12	Directed	cytokine	219.09908693226234
IFNG	MMP13	Directed	cytokine	219.09908693226234
IFNG	MMP25	Directed	cytokine	219.09908693226234
IFNG	MMP3	Directed	cytokine	219.09908693226234
IFNG	MMP9	Directed	cytokine	219.09908693226234
IFNG	MNDA	Directed	cytokine	219.09908693226234
IFNG	MRC1	Directed	cytokine	219.09908693226234
IFNG	MSR1	Directed	cytokine	219.09908693226234
IFNG	MT1A	Directed	cytokine	219.09908693226234
IFNG	MT1E	Directed	cytokine	219.09908693226234
IFNG	MT1F	Directed	cytokine	219.09908693226234
IFNG	MT1G	Directed	cytokine	219.09908693226234
IFNG	MT1M	Directed	cytokine	219.09908693226234
IFNG	MT2A	Directed	cytokine	219.09908693226234
IFNG	MTHFD2	Directed	cytokine	219.09908693226234
IFNG	MUC1	Directed	cytokine	219.09908693226234
IFNG	MUC4	Directed	cytokine	219.09908693226234
IFNG	MX1	Directed	cytokine	219.09908693226234
IFNG	MX2	Directed	cytokine	219.09908693226234
IFNG	MYD88	Directed	cytokine	219.09908693226234
IFNG	NAMPT	Directed	cytokine	219.09908693226234
IFNG	NBN	Directed	cytokine	219.09908693226234
IFNG	NCF2	Directed	cytokine	219.09908693226234
IFNG	NCR3	Directed	cytokine	219.09908693226234
IFNG	NEURL3	Directed	cytokine	219.09908693226234
IFNG	NEUROG3	Directed	cytokine	219.09908693226234
IFNG	NFE2L3	Directed	cytokine	219.09908693226234
IFNG	NFKB1	Directed	cytokine	219.09908693226234
IFNG	NFKB2	Directed	cytokine	219.09908693226234
IFNG	NFKBIA	Directed	cytokine	219.09908693226234
IFNG	NFKBIB	Directed	cytokine	219.09908693226234
IFNG	NFKBIE	Directed	cytokine	219.09908693226234
IFNG	NLRC5	Directed	cytokine	219.09908693226234
IFNG	NLRP3	Directed	cytokine	219.09908693226234
IFNG	NMI	Directed	cytokine	219.09908693226234
IFNG	NOD2	Directed	cytokine	219.09908693226234
IFNG	NOS2	Directed	cytokine	219.09908693226234
IFNG	NR4A3	Directed	cytokine	219.09908693226234
IFNG	NTRK1	Directed	cytokine	219.09908693226234
IFNG	OAS1	Directed	cytokine	219.09908693226234
IFNG	OAS2	Directed	cytokine	219.09908693226234
IFNG	OAS3	Directed	cytokine	219.09908693226234
IFNG	OASL	Directed	cytokine	219.09908693226234
IFNG	ODC1	Directed	cytokine	219.09908693226234
IFNG	OGFR	Directed	cytokine	219.09908693226234
IFNG	OLR1	Directed	cytokine	219.09908693226234
IFNG	OPTN	Directed	cytokine	219.09908693226234
IFNG	OSM	Directed	cytokine	219.09908693226234
IFNG	P2RY14	Directed	cytokine	219.09908693226234
IFNG	P2RY6	Directed	cytokine	219.09908693226234
IFNG	PANX1	Directed	cytokine	219.09908693226234
IFNG	PARP14	Directed	cytokine	219.09908693226234
IFNG	PARP9	Directed	cytokine	219.09908693226234
IFNG	PARVG	Directed	cytokine	219.09908693226234
IFNG	PCSK1	Directed	cytokine	219.09908693226234
IFNG	PDCD1	Directed	cytokine	219.09908693226234
IFNG	PDCD1LG2	Directed	cytokine	219.09908693226234
IFNG	PDE3B	Directed	cytokine	219.09908693226234
IFNG	PEA15	Directed	cytokine	219.09908693226234
IFNG	PIGR	Directed	cytokine	219.09908693226234
IFNG	PIM1	Directed	cytokine	219.09908693226234
IFNG	PIM2	Directed	cytokine	219.09908693226234
IFNG	PIM3	Directed	cytokine	219.09908693226234
IFNG	PKM	Directed	cytokine	219.09908693226234
IFNG	PLA2G2A	Directed	cytokine	219.09908693226234
IFNG	PLA2G7	Directed	cytokine	219.09908693226234
IFNG	PLAAT4	Directed	cytokine	219.09908693226234
IFNG	PLAU	Directed	cytokine	219.09908693226234
IFNG	PLAUR	Directed	cytokine	219.09908693226234
IFNG	PLEK	Directed	cytokine	219.09908693226234
IFNG	PLSCR1	Directed	cytokine	219.09908693226234
IFNG	PMAIP1	Directed	cytokine	219.09908693226234
IFNG	PML	Directed	cytokine	219.09908693226234
IFNG	POMP	Directed	cytokine	219.09908693226234
IFNG	PRAME	Directed	cytokine	219.09908693226234
IFNG	PRF1	Directed	cytokine	219.09908693226234
IFNG	PRKCD	Directed	cytokine	219.09908693226234
IFNG	PRKCQ	Directed	cytokine	219.09908693226234
IFNG	PRL	Directed	cytokine	219.09908693226234
IFNG	PSMA2	Directed	cytokine	219.09908693226234
IFNG	PSMA4	Directed	cytokine	219.09908693226234
IFNG	PSMA6	Directed	cytokine	219.09908693226234
IFNG	PSMB10	Directed	cytokine	219.09908693226234
IFNG	PSMB2	Directed	cytokine	219.09908693226234
IFNG	PSMB8	Directed	cytokine	219.09908693226234
IFNG	PSMB9	Directed	cytokine	219.09908693226234
IFNG	PSME1	Directed	cytokine	219.09908693226234
IFNG	PSME2	Directed	cytokine	219.09908693226234
IFNG	PTAFR	Directed	cytokine	219.09908693226234
IFNG	PTGES	Directed	cytokine	219.09908693226234
IFNG	PTGS2	Directed	cytokine	219.09908693226234
IFNG	PTPN1	Directed	cytokine	219.09908693226234
IFNG	PTPN6	Directed	cytokine	219.09908693226234
IFNG	PTX3	Directed	cytokine	219.09908693226234
IFNG	RAB20	Directed	cytokine	219.09908693226234
IFNG	RAB27A	Directed	cytokine	219.09908693226234
IFNG	RAC2	Directed	cytokine	219.09908693226234
IFNG	RAP2B	Directed	cytokine	219.09908693226234
IFNG	RARRES1	Directed	cytokine	219.09908693226234
IFNG	RB1	Directed	cytokine	219.09908693226234
IFNG	RBCK1	Directed	cytokine	219.09908693226234
IFNG	RELB	Directed	cytokine	219.09908693226234
IFNG	RFX5	Directed	cytokine	219.09908693226234
IFNG	RGS1	Directed	cytokine	219.09908693226234
IFNG	RIGI	Directed	cytokine	219.09908693226234
IFNG	RIPK2	Directed	cytokine	219.09908693226234
IFNG	RNF114	Directed	cytokine	219.09908693226234
IFNG	RSAD2	Directed	cytokine	219.09908693226234
IFNG	RTP4	Directed	cytokine	219.09908693226234
IFNG	RUNX1	Directed	cytokine	219.09908693226234
IFNG	RUNX2	Directed	cytokine	219.09908693226234
IFNG	RUNX3	Directed	cytokine	219.09908693226234
IFNG	S100A10	Directed	cytokine	219.09908693226234
IFNG	S100A7	Directed	cytokine	219.09908693226234
IFNG	S100A8	Directed	cytokine	219.09908693226234
IFNG	S100A9	Directed	cytokine	219.09908693226234
IFNG	S1PR1	Directed	cytokine	219.09908693226234
IFNG	S1PR2	Directed	cytokine	219.09908693226234
IFNG	S1PR3	Directed	cytokine	219.09908693226234
IFNG	SAMD9	Directed	cytokine	219.09908693226234
IFNG	SAMHD1	Directed	cytokine	219.09908693226234
IFNG	SBNO2	Directed	cytokine	219.09908693226234
IFNG	SCIMP	Directed	cytokine	219.09908693226234
IFNG	SELE	Directed	cytokine	219.09908693226234
IFNG	SELL	Directed	cytokine	219.09908693226234
IFNG	SELP	Directed	cytokine	219.09908693226234
IFNG	SEPTIN4	Directed	cytokine	219.09908693226234
IFNG	SERPINA1	Directed	cytokine	219.09908693226234
IFNG	SERPINB9	Directed	cytokine	219.09908693226234
IFNG	SERPINE1	Directed	cytokine	219.09908693226234
IFNG	SERPING1	Directed	cytokine	219.09908693226234
IFNG	SERPINH1	Directed	cytokine	219.09908693226234
IFNG	SIGLEC10	Directed	cytokine	219.09908693226234
IFNG	SLAMF1	Directed	cytokine	219.09908693226234
IFNG	SLC12A3	Directed	cytokine	219.09908693226234
IFNG	SLC15A3	Directed	cytokine	219.09908693226234
IFNG	SLC16A3	Directed	cytokine	219.09908693226234
IFNG	SLC1A3	Directed	cytokine	219.09908693226234
IFNG	SLC4A4	Directed	cytokine	219.09908693226234
IFNG	SLC8A1	Directed	cytokine	219.09908693226234
IFNG	SLFN11	Directed	cytokine	219.09908693226234
IFNG	SLFN5	Directed	cytokine	219.09908693226234
IFNG	SMAD7	Directed	cytokine	219.09908693226234
IFNG	SNAI1	Directed	cytokine	219.09908693226234
IFNG	SOCS1	Directed	cytokine	219.09908693226234
IFNG	SOCS2	Directed	cytokine	219.09908693226234
IFNG	SOCS3	Directed	cytokine	219.09908693226234
IFNG	SOD2	Directed	cytokine	219.09908693226234
IFNG	SP100	Directed	cytokine	219.09908693226234
IFNG	SP110	Directed	cytokine	219.09908693226234
IFNG	SPI1	Directed	cytokine	219.09908693226234
IFNG	SPP1	Directed	cytokine	219.09908693226234
IFNG	STAT1	Directed	cytokine	219.09908693226234
IFNG	STAT2	Directed	cytokine	219.09908693226234
IFNG	STAT3	Directed	cytokine	219.09908693226234
IFNG	STAT4	Directed	cytokine	219.09908693226234
IFNG	STC2	Directed	cytokine	219.09908693226234
IFNG	STING1	Directed	cytokine	219.09908693226234
IFNG	STX11	Directed	cytokine	219.09908693226234
IFNG	TAP1	Directed	cytokine	219.09908693226234
IFNG	TAP2	Directed	cytokine	219.09908693226234
IFNG	TAPBP	Directed	cytokine	219.09908693226234
IFNG	TAPBPL	Directed	cytokine	219.09908693226234
IFNG	TBX21	Directed	cytokine	219.09908693226234
IFNG	TBXAS1	Directed	cytokine	219.09908693226234
IFNG	TCIRG1	Directed	cytokine	219.09908693226234
IFNG	TFRC	Directed	cytokine	219.09908693226234
IFNG	TGFB1	Directed	cytokine	219.09908693226234
IFNG	THBS1	Directed	cytokine	219.09908693226234
IFNG	THEMIS2	Directed	cytokine	219.09908693226234
IFNG	THY1	Directed	cytokine	219.09908693226234
IFNG	TICAM1	Directed	cytokine	219.09908693226234
IFNG	TIMP1	Directed	cytokine	219.09908693226234
IFNG	TLR1	Directed	cytokine	219.09908693226234
IFNG	TLR2	Directed	cytokine	219.09908693226234
IFNG	TLR3	Directed	cytokine	219.09908693226234
IFNG	TLR4	Directed	cytokine	219.09908693226234
IFNG	TLR6	Directed	cytokine	219.09908693226234
IFNG	TLR7	Directed	cytokine	219.09908693226234
IFNG	TLR8	Directed	cytokine	219.09908693226234
IFNG	TLR9	Directed	cytokine	219.09908693226234
IFNG	TMEM140	Directed	cytokine	219.09908693226234
IFNG	TMEM171	Directed	cytokine	219.09908693226234
IFNG	TMSB10	Directed	cytokine	219.09908693226234
IFNG	TNF	Directed	cytokine	219.09908693226234
IFNG	TNFAIP2	Directed	cytokine	219.09908693226234
IFNG	TNFAIP6	Directed	cytokine	219.09908693226234
IFNG	TNFRSF10B	Directed	cytokine	219.09908693226234
IFNG	TNFRSF11B	Directed	cytokine	219.09908693226234
IFNG	TNFRSF12A	Directed	cytokine	219.09908693226234
IFNG	TNFRSF14	Directed	cytokine	219.09908693226234
IFNG	TNFRSF1B	Directed	cytokine	219.09908693226234
IFNG	TNFRSF9	Directed	cytokine	219.09908693226234
IFNG	TNFSF10	Directed	cytokine	219.09908693226234
IFNG	TNFSF11	Directed	cytokine	219.09908693226234
IFNG	TNFSF13	Directed	cytokine	219.09908693226234
IFNG	TNFSF13B	Directed	cytokine	219.09908693226234
IFNG	TNFSF15	Directed	cytokine	219.09908693226234
IFNG	TOP1	Directed	cytokine	219.09908693226234
IFNG	TPI1	Directed	cytokine	219.09908693226234
IFNG	TRAF2	Directed	cytokine	219.09908693226234
IFNG	TRAFD1	Directed	cytokine	219.09908693226234
IFNG	TREM1	Directed	cytokine	219.09908693226234
IFNG	TREML2	Directed	cytokine	219.09908693226234
IFNG	TRIM21	Directed	cytokine	219.09908693226234
IFNG	TRIM22	Directed	cytokine	219.09908693226234
IFNG	TSPAN33	Directed	cytokine	219.09908693226234
IFNG	TXK	Directed	cytokine	219.09908693226234
IFNG	TYMP	Directed	cytokine	219.09908693226234
IFNG	TYROBP	Directed	cytokine	219.09908693226234
IFNG	UBD	Directed	cytokine	219.09908693226234
IFNG	UBE2D1	Directed	cytokine	219.09908693226234
IFNG	UBE2L6	Directed	cytokine	219.09908693226234
IFNG	UCP2	Directed	cytokine	219.09908693226234
IFNG	USP18	Directed	cytokine	219.09908693226234
IFNG	VCAM1	Directed	cytokine	219.09908693226234
IFNG	VEGFA	Directed	cytokine	219.09908693226234
IFNG	VEGFC	Directed	cytokine	219.09908693226234
IFNG	VRK2	Directed	cytokine	219.09908693226234
IFNG	VSNL1	Directed	cytokine	219.09908693226234
IFNG	WARS1	Directed	cytokine	219.09908693226234
IFNG	WDFY1	Directed	cytokine	219.09908693226234
IFNG	XAF1	Directed	cytokine	219.09908693226234
IFNG	XCL1	Directed	cytokine	219.09908693226234
IFNG	ZFP36	Directed	cytokine	219.09908693226234
IFNG	ZYX	Directed	cytokine	219.09908693226234
IFNK	CD40	Directed	cytokine	13.40340290437354
IFNK	CD80	Directed	cytokine	13.40340290437354
IFNK	CD83	Directed	cytokine	13.40340290437354
IFNK	CD86	Directed	cytokine	13.40340290437354
IFNK	CXCL10	Directed	cytokine	13.40340290437354
IFNK	CXCL11	Directed	cytokine	13.40340290437354
IFNK	CXCL9	Directed	cytokine	13.40340290437354
IFNK	EIF2AK2	Directed	cytokine	13.40340290437354
IFNK	IFIH1	Directed	cytokine	13.40340290437354
IFNK	IFNG	Directed	cytokine	13.40340290437354
IFNK	IRF1	Directed	cytokine	13.40340290437354
IFNK	MX1	Directed	cytokine	13.40340290437354
IFNK	OAS1	Directed	cytokine	13.40340290437354
IFNK	PLAAT4	Directed	cytokine	13.40340290437354
IFNK	STAT1	Directed	cytokine	13.40340290437354
IFNK	STAT4	Directed	cytokine	13.40340290437354
IFNK	TLR3	Directed	cytokine	13.40340290437354
IFNK	ZBP1	Directed	cytokine	13.40340290437354
IFNL1	APOL6	Directed	cytokine	63.59516628338006
IFNL1	ATF3	Directed	cytokine	63.59516628338006
IFNL1	BST2	Directed	cytokine	63.59516628338006
IFNL1	CCR7	Directed	cytokine	63.59516628338006
IFNL1	CD40	Directed	cytokine	63.59516628338006
IFNL1	CD80	Directed	cytokine	63.59516628338006
IFNL1	CD83	Directed	cytokine	63.59516628338006
IFNL1	CMPK2	Directed	cytokine	63.59516628338006
IFNL1	CXCL10	Directed	cytokine	63.59516628338006
IFNL1	CXCL11	Directed	cytokine	63.59516628338006
IFNL1	CXCL8	Directed	cytokine	63.59516628338006
IFNL1	CXCL9	Directed	cytokine	63.59516628338006
IFNL1	DDX60	Directed	cytokine	63.59516628338006
IFNL1	DDX60L	Directed	cytokine	63.59516628338006
IFNL1	EIF2AK2	Directed	cytokine	63.59516628338006
IFNL1	GBP1	Directed	cytokine	63.59516628338006
IFNL1	GBP5	Directed	cytokine	63.59516628338006
IFNL1	HERC5	Directed	cytokine	63.59516628338006
IFNL1	HERC6	Directed	cytokine	63.59516628338006
IFNL1	HLA-B	Directed	cytokine	63.59516628338006
IFNL1	HLA-C	Directed	cytokine	63.59516628338006
IFNL1	IFI27	Directed	cytokine	63.59516628338006
IFNL1	IFI35	Directed	cytokine	63.59516628338006
IFNL1	IFI44	Directed	cytokine	63.59516628338006
IFNL1	IFI44L	Directed	cytokine	63.59516628338006
IFNL1	IFI6	Directed	cytokine	63.59516628338006
IFNL1	IFIH1	Directed	cytokine	63.59516628338006
IFNL1	IFIT1	Directed	cytokine	63.59516628338006
IFNL1	IFIT2	Directed	cytokine	63.59516628338006
IFNL1	IFIT3	Directed	cytokine	63.59516628338006
IFNL1	IFIT5	Directed	cytokine	63.59516628338006
IFNL1	IFITM1	Directed	cytokine	63.59516628338006
IFNL1	IFITM2	Directed	cytokine	63.59516628338006
IFNL1	IFITM3	Directed	cytokine	63.59516628338006
IFNL1	IFNL1	Directed	cytokine	63.59516628338006
IFNL1	IFNL2	Directed	cytokine	63.59516628338006
IFNL1	IL10	Directed	cytokine	63.59516628338006
IFNL1	IL12B	Directed	cytokine	63.59516628338006
IFNL1	IL13	Directed	cytokine	63.59516628338006
IFNL1	IL5	Directed	cytokine	63.59516628338006
IFNL1	IL6	Directed	cytokine	63.59516628338006
IFNL1	IRF9	Directed	cytokine	63.59516628338006
IFNL1	ISG15	Directed	cytokine	63.59516628338006
IFNL1	ISG20	Directed	cytokine	63.59516628338006
IFNL1	LAMP3	Directed	cytokine	63.59516628338006
IFNL1	LGALS3BP	Directed	cytokine	63.59516628338006
IFNL1	MLKL	Directed	cytokine	63.59516628338006
IFNL1	MX1	Directed	cytokine	63.59516628338006
IFNL1	OAS1	Directed	cytokine	63.59516628338006
IFNL1	OAS2	Directed	cytokine	63.59516628338006
IFNL1	OAS3	Directed	cytokine	63.59516628338006
IFNL1	OASL	Directed	cytokine	63.59516628338006
IFNL1	PHF11	Directed	cytokine	63.59516628338006
IFNL1	PLAAT4	Directed	cytokine	63.59516628338006
IFNL1	PLSCR1	Directed	cytokine	63.59516628338006
IFNL1	PML	Directed	cytokine	63.59516628338006
IFNL1	PSMB9	Directed	cytokine	63.59516628338006
IFNL1	RIGI	Directed	cytokine	63.59516628338006
IFNL1	RSAD2	Directed	cytokine	63.59516628338006
IFNL1	RTP4	Directed	cytokine	63.59516628338006
IFNL1	SAMD9	Directed	cytokine	63.59516628338006
IFNL1	SHFL	Directed	cytokine	63.59516628338006
IFNL1	SLC15A3	Directed	cytokine	63.59516628338006
IFNL1	SP100	Directed	cytokine	63.59516628338006
IFNL1	SP110	Directed	cytokine	63.59516628338006
IFNL1	STAT1	Directed	cytokine	63.59516628338006
IFNL1	STAT2	Directed	cytokine	63.59516628338006
IFNL1	TDRD7	Directed	cytokine	63.59516628338006
IFNL1	TLR2	Directed	cytokine	63.59516628338006
IFNL1	TMEM140	Directed	cytokine	63.59516628338006
IFNL1	TRIM14	Directed	cytokine	63.59516628338006
IFNL1	TRIM22	Directed	cytokine	63.59516628338006
IFNL1	UBE2L6	Directed	cytokine	63.59516628338006
IFNL1	USP18	Directed	cytokine	63.59516628338006
IFNL1	XAF1	Directed	cytokine	63.59516628338006
IFNL1	ZC3HAV1	Directed	cytokine	63.59516628338006
IFNL4	CXCL10	Directed	cytokine	12.508638306165727
IFNL4	CXCL11	Directed	cytokine	12.508638306165727
IFNL4	DHX58	Directed	cytokine	12.508638306165727
IFNL4	IFI6	Directed	cytokine	12.508638306165727
IFNL4	IFIH1	Directed	cytokine	12.508638306165727
IFNL4	IFIT1	Directed	cytokine	12.508638306165727
IFNL4	ISG15	Directed	cytokine	12.508638306165727
IFNL4	MX1	Directed	cytokine	12.508638306165727
IFNL4	OAS1	Directed	cytokine	12.508638306165727
IFNL4	OAS2	Directed	cytokine	12.508638306165727
IFNL4	OASL	Directed	cytokine	12.508638306165727
IFNL4	RIGI	Directed	cytokine	12.508638306165727
IFNL4	STAT1	Directed	cytokine	12.508638306165727
IFNW1	CD40	Directed	cytokine	9.356547323513812
IFNW1	CD80	Directed	cytokine	9.356547323513812
IFNW1	CD83	Directed	cytokine	9.356547323513812
IFNW1	CD86	Directed	cytokine	9.356547323513812
IFNW1	CXCL10	Directed	cytokine	9.356547323513812
IFNW1	CXCL11	Directed	cytokine	9.356547323513812
IFNW1	CXCL9	Directed	cytokine	9.356547323513812
IFNW1	IFIH1	Directed	cytokine	9.356547323513812
IFNW1	IFNG	Directed	cytokine	9.356547323513812
IFNW1	MARCHF1	Directed	cytokine	9.356547323513812
IFNW1	PLAAT4	Directed	cytokine	9.356547323513812
IFNW1	STAT4	Directed	cytokine	9.356547323513812
IFNW1	TLR3	Directed	cytokine	9.356547323513812
IFNW1	ZBP1	Directed	cytokine	9.356547323513812
IL10	ACP2	Directed	cytokine	98.31695296176115
IL10	ADM	Directed	cytokine	98.31695296176115
IL10	AGER	Directed	cytokine	98.31695296176115
IL10	ALOX5AP	Directed	cytokine	98.31695296176115
IL10	BAK1	Directed	cytokine	98.31695296176115
IL10	BAX	Directed	cytokine	98.31695296176115
IL10	BCL2A1	Directed	cytokine	98.31695296176115
IL10	BCL2L11	Directed	cytokine	98.31695296176115
IL10	BCL3	Directed	cytokine	98.31695296176115
IL10	BRCA2	Directed	cytokine	98.31695296176115
IL10	CASP3	Directed	cytokine	98.31695296176115
IL10	CASP8	Directed	cytokine	98.31695296176115
IL10	CASP8AP2	Directed	cytokine	98.31695296176115
IL10	CCL1	Directed	cytokine	98.31695296176115
IL10	CCL17	Directed	cytokine	98.31695296176115
IL10	CCL18	Directed	cytokine	98.31695296176115
IL10	CCL19	Directed	cytokine	98.31695296176115
IL10	CCL2	Directed	cytokine	98.31695296176115
IL10	CCL20	Directed	cytokine	98.31695296176115
IL10	CCL22	Directed	cytokine	98.31695296176115
IL10	CCL3	Directed	cytokine	98.31695296176115
IL10	CCL4	Directed	cytokine	98.31695296176115
IL10	CCL5	Directed	cytokine	98.31695296176115
IL10	CCND2	Directed	cytokine	98.31695296176115
IL10	CCND3	Directed	cytokine	98.31695296176115
IL10	CCR1	Directed	cytokine	98.31695296176115
IL10	CCR2	Directed	cytokine	98.31695296176115
IL10	CCR4	Directed	cytokine	98.31695296176115
IL10	CCR5	Directed	cytokine	98.31695296176115
IL10	CCR6	Directed	cytokine	98.31695296176115
IL10	CCR7	Directed	cytokine	98.31695296176115
IL10	CCR8	Directed	cytokine	98.31695296176115
IL10	CD14	Directed	cytokine	98.31695296176115
IL10	CD163	Directed	cytokine	98.31695296176115
IL10	CD2	Directed	cytokine	98.31695296176115
IL10	CD209	Directed	cytokine	98.31695296176115
IL10	CD274	Directed	cytokine	98.31695296176115
IL10	CD28	Directed	cytokine	98.31695296176115
IL10	CD40	Directed	cytokine	98.31695296176115
IL10	CD63	Directed	cytokine	98.31695296176115
IL10	CD68	Directed	cytokine	98.31695296176115
IL10	CD72	Directed	cytokine	98.31695296176115
IL10	CD74	Directed	cytokine	98.31695296176115
IL10	CD80	Directed	cytokine	98.31695296176115
IL10	CD83	Directed	cytokine	98.31695296176115
IL10	CD86	Directed	cytokine	98.31695296176115
IL10	CDKN1A	Directed	cytokine	98.31695296176115
IL10	CDKN2D	Directed	cytokine	98.31695296176115
IL10	CFLAR	Directed	cytokine	98.31695296176115
IL10	CHI3L2	Directed	cytokine	98.31695296176115
IL10	CIITA	Directed	cytokine	98.31695296176115
IL10	CLEC7A	Directed	cytokine	98.31695296176115
IL10	CR1	Directed	cytokine	98.31695296176115
IL10	CR1L	Directed	cytokine	98.31695296176115
IL10	CSF1	Directed	cytokine	98.31695296176115
IL10	CSF1R	Directed	cytokine	98.31695296176115
IL10	CSF2	Directed	cytokine	98.31695296176115
IL10	CSF2RB	Directed	cytokine	98.31695296176115
IL10	CSF3	Directed	cytokine	98.31695296176115
IL10	CSF3R	Directed	cytokine	98.31695296176115
IL10	CTLA4	Directed	cytokine	98.31695296176115
IL10	CTSB	Directed	cytokine	98.31695296176115
IL10	CTSC	Directed	cytokine	98.31695296176115
IL10	CTSH	Directed	cytokine	98.31695296176115
IL10	CTSS	Directed	cytokine	98.31695296176115
IL10	CTSZ	Directed	cytokine	98.31695296176115
IL10	CXCL10	Directed	cytokine	98.31695296176115
IL10	CXCL11	Directed	cytokine	98.31695296176115
IL10	CXCL13	Directed	cytokine	98.31695296176115
IL10	CXCL16	Directed	cytokine	98.31695296176115
IL10	CXCL3	Directed	cytokine	98.31695296176115
IL10	CXCL5	Directed	cytokine	98.31695296176115
IL10	CXCL6	Directed	cytokine	98.31695296176115
IL10	CXCL8	Directed	cytokine	98.31695296176115
IL10	CXCL9	Directed	cytokine	98.31695296176115
IL10	CXCR3	Directed	cytokine	98.31695296176115
IL10	CXCR4	Directed	cytokine	98.31695296176115
IL10	DEFB4A	Directed	cytokine	98.31695296176115
IL10	DEPP1	Directed	cytokine	98.31695296176115
IL10	FAS	Directed	cytokine	98.31695296176115
IL10	FASLG	Directed	cytokine	98.31695296176115
IL10	FCER1G	Directed	cytokine	98.31695296176115
IL10	FCER2	Directed	cytokine	98.31695296176115
IL10	FCGR1A	Directed	cytokine	98.31695296176115
IL10	FCGR2A	Directed	cytokine	98.31695296176115
IL10	FCGR2B	Directed	cytokine	98.31695296176115
IL10	FCGR3A	Directed	cytokine	98.31695296176115
IL10	FOXP3	Directed	cytokine	98.31695296176115
IL10	FPR1	Directed	cytokine	98.31695296176115
IL10	GNGT2	Directed	cytokine	98.31695296176115
IL10	GZMA	Directed	cytokine	98.31695296176115
IL10	GZMB	Directed	cytokine	98.31695296176115
IL10	HCAR3	Directed	cytokine	98.31695296176115
IL10	HCK	Directed	cytokine	98.31695296176115
IL10	HIF1A	Directed	cytokine	98.31695296176115
IL10	HLA-DMA	Directed	cytokine	98.31695296176115
IL10	HLA-G	Directed	cytokine	98.31695296176115
IL10	ICAM1	Directed	cytokine	98.31695296176115
IL10	IDO1	Directed	cytokine	98.31695296176115
IL10	IFI30	Directed	cytokine	98.31695296176115
IL10	IFIT2	Directed	cytokine	98.31695296176115
IL10	IFNB1	Directed	cytokine	98.31695296176115
IL10	IFNG	Directed	cytokine	98.31695296176115
IL10	IFNGR2	Directed	cytokine	98.31695296176115
IL10	IL10	Directed	cytokine	98.31695296176115
IL10	IL10RA	Directed	cytokine	98.31695296176115
IL10	IL12A	Directed	cytokine	98.31695296176115
IL10	IL12B	Directed	cytokine	98.31695296176115
IL10	IL12RB2	Directed	cytokine	98.31695296176115
IL10	IL13	Directed	cytokine	98.31695296176115
IL10	IL13RA1	Directed	cytokine	98.31695296176115
IL10	IL17A	Directed	cytokine	98.31695296176115
IL10	IL17F	Directed	cytokine	98.31695296176115
IL10	IL17RA	Directed	cytokine	98.31695296176115
IL10	IL18R1	Directed	cytokine	98.31695296176115
IL10	IL1B	Directed	cytokine	98.31695296176115
IL10	IL1RL1	Directed	cytokine	98.31695296176115
IL10	IL1RN	Directed	cytokine	98.31695296176115
IL10	IL2	Directed	cytokine	98.31695296176115
IL10	IL21	Directed	cytokine	98.31695296176115
IL10	IL23A	Directed	cytokine	98.31695296176115
IL10	IL24	Directed	cytokine	98.31695296176115
IL10	IL27	Directed	cytokine	98.31695296176115
IL10	IL2RG	Directed	cytokine	98.31695296176115
IL10	IL3	Directed	cytokine	98.31695296176115
IL10	IL4	Directed	cytokine	98.31695296176115
IL10	IL4R	Directed	cytokine	98.31695296176115
IL10	IL5	Directed	cytokine	98.31695296176115
IL10	IL6	Directed	cytokine	98.31695296176115
IL10	IL7R	Directed	cytokine	98.31695296176115
IL10	IL9	Directed	cytokine	98.31695296176115
IL10	INHBA	Directed	cytokine	98.31695296176115
IL10	INPP5D	Directed	cytokine	98.31695296176115
IL10	IRF1	Directed	cytokine	98.31695296176115
IL10	ITGA4	Directed	cytokine	98.31695296176115
IL10	ITGAL	Directed	cytokine	98.31695296176115
IL10	ITGAM	Directed	cytokine	98.31695296176115
IL10	ITGB7	Directed	cytokine	98.31695296176115
IL10	KLRK1	Directed	cytokine	98.31695296176115
IL10	LAG3	Directed	cytokine	98.31695296176115
IL10	LAMP3	Directed	cytokine	98.31695296176115
IL10	LGMN	Directed	cytokine	98.31695296176115
IL10	LIF	Directed	cytokine	98.31695296176115
IL10	LILRB2	Directed	cytokine	98.31695296176115
IL10	LILRB4	Directed	cytokine	98.31695296176115
IL10	LTB	Directed	cytokine	98.31695296176115
IL10	LY75	Directed	cytokine	98.31695296176115
IL10	LY96	Directed	cytokine	98.31695296176115
IL10	LYN	Directed	cytokine	98.31695296176115
IL10	MCL1	Directed	cytokine	98.31695296176115
IL10	MEFV	Directed	cytokine	98.31695296176115
IL10	MMP1	Directed	cytokine	98.31695296176115
IL10	MMP9	Directed	cytokine	98.31695296176115
IL10	MRC1	Directed	cytokine	98.31695296176115
IL10	MSR1	Directed	cytokine	98.31695296176115
IL10	MUC1	Directed	cytokine	98.31695296176115
IL10	MUC4	Directed	cytokine	98.31695296176115
IL10	MYD88	Directed	cytokine	98.31695296176115
IL10	NFKBID	Directed	cytokine	98.31695296176115
IL10	NOD2	Directed	cytokine	98.31695296176115
IL10	NOS2	Directed	cytokine	98.31695296176115
IL10	NR4A3	Directed	cytokine	98.31695296176115
IL10	NT5E	Directed	cytokine	98.31695296176115
IL10	OSM	Directed	cytokine	98.31695296176115
IL10	PAK1	Directed	cytokine	98.31695296176115
IL10	PDCD1	Directed	cytokine	98.31695296176115
IL10	PDCD1LG2	Directed	cytokine	98.31695296176115
IL10	PDE4B	Directed	cytokine	98.31695296176115
IL10	PIK3CG	Directed	cytokine	98.31695296176115
IL10	PLA2G2A	Directed	cytokine	98.31695296176115
IL10	PLEK	Directed	cytokine	98.31695296176115
IL10	PSMB9	Directed	cytokine	98.31695296176115
IL10	PTAFR	Directed	cytokine	98.31695296176115
IL10	PTGS2	Directed	cytokine	98.31695296176115
IL10	PTPN1	Directed	cytokine	98.31695296176115
IL10	PTPN2	Directed	cytokine	98.31695296176115
IL10	PTX3	Directed	cytokine	98.31695296176115
IL10	RAB20	Directed	cytokine	98.31695296176115
IL10	RARRES1	Directed	cytokine	98.31695296176115
IL10	RGS16	Directed	cytokine	98.31695296176115
IL10	S100A8	Directed	cytokine	98.31695296176115
IL10	S100A9	Directed	cytokine	98.31695296176115
IL10	SELE	Directed	cytokine	98.31695296176115
IL10	SELL	Directed	cytokine	98.31695296176115
IL10	SELPLG	Directed	cytokine	98.31695296176115
IL10	SLAMF1	Directed	cytokine	98.31695296176115
IL10	SLC1A3	Directed	cytokine	98.31695296176115
IL10	SOCS1	Directed	cytokine	98.31695296176115
IL10	SOCS3	Directed	cytokine	98.31695296176115
IL10	SPP1	Directed	cytokine	98.31695296176115
IL10	STAT1	Directed	cytokine	98.31695296176115
IL10	STAT3	Directed	cytokine	98.31695296176115
IL10	STAT4	Directed	cytokine	98.31695296176115
IL10	STX11	Directed	cytokine	98.31695296176115
IL10	TAP1	Directed	cytokine	98.31695296176115
IL10	TAP2	Directed	cytokine	98.31695296176115
IL10	TBX21	Directed	cytokine	98.31695296176115
IL10	TFRC	Directed	cytokine	98.31695296176115
IL10	TGFB1	Directed	cytokine	98.31695296176115
IL10	TIMP1	Directed	cytokine	98.31695296176115
IL10	TLR1	Directed	cytokine	98.31695296176115
IL10	TLR2	Directed	cytokine	98.31695296176115
IL10	TLR3	Directed	cytokine	98.31695296176115
IL10	TLR4	Directed	cytokine	98.31695296176115
IL10	TLR7	Directed	cytokine	98.31695296176115
IL10	TLR8	Directed	cytokine	98.31695296176115
IL10	TLR9	Directed	cytokine	98.31695296176115
IL10	TNF	Directed	cytokine	98.31695296176115
IL10	TNFRSF13B	Directed	cytokine	98.31695296176115
IL10	TNFRSF1B	Directed	cytokine	98.31695296176115
IL10	TNFSF10	Directed	cytokine	98.31695296176115
IL10	TNFSF11	Directed	cytokine	98.31695296176115
IL10	TNFSF13B	Directed	cytokine	98.31695296176115
IL10	TNIP3	Directed	cytokine	98.31695296176115
IL10	TREM1	Directed	cytokine	98.31695296176115
IL10	VAV1	Directed	cytokine	98.31695296176115
IL10	VCAM1	Directed	cytokine	98.31695296176115
IL10	VEGFA	Directed	cytokine	98.31695296176115
IL10	ZFP36	Directed	cytokine	98.31695296176115
IL12A	CCL5	Directed	cytokine	23.33161408331
IL12A	CD86	Directed	cytokine	23.33161408331
IL12A	CFLAR	Directed	cytokine	23.33161408331
IL12A	EBI3	Directed	cytokine	23.33161408331
IL12A	FASLG	Directed	cytokine	23.33161408331
IL12A	ICAM1	Directed	cytokine	23.33161408331
IL12A	IFNG	Directed	cytokine	23.33161408331
IL12A	IL10	Directed	cytokine	23.33161408331
IL12A	IL12A	Directed	cytokine	23.33161408331
IL12A	IL12B	Directed	cytokine	23.33161408331
IL12A	IL12RB1	Directed	cytokine	23.33161408331
IL12A	IL12RB2	Directed	cytokine	23.33161408331
IL12A	IL17A	Directed	cytokine	23.33161408331
IL12A	IL1B	Directed	cytokine	23.33161408331
IL12A	IL2	Directed	cytokine	23.33161408331
IL12A	IL27	Directed	cytokine	23.33161408331
IL12A	IL4	Directed	cytokine	23.33161408331
IL12A	IL6	Directed	cytokine	23.33161408331
IL12A	IRF9	Directed	cytokine	23.33161408331
IL12A	LTA	Directed	cytokine	23.33161408331
IL12A	NOS2	Directed	cytokine	23.33161408331
IL12A	SELPLG	Directed	cytokine	23.33161408331
IL12A	SOCS1	Directed	cytokine	23.33161408331
IL12A	SOCS3	Directed	cytokine	23.33161408331
IL12A	STAT1	Directed	cytokine	23.33161408331
IL12A	STAT2	Directed	cytokine	23.33161408331
IL12A	STAT3	Directed	cytokine	23.33161408331
IL12A	STAT4	Directed	cytokine	23.33161408331
IL12A	TNF	Directed	cytokine	23.33161408331
IL12A	VCAM1	Directed	cytokine	23.33161408331
IL13	ACE2	Directed	cytokine	57.1518108830086
IL13	ADAM8	Directed	cytokine	57.1518108830086
IL13	ADAMDEC1	Directed	cytokine	57.1518108830086
IL13	ADAMTS4	Directed	cytokine	57.1518108830086
IL13	ADGRE3	Directed	cytokine	57.1518108830086
IL13	ADORA2A	Directed	cytokine	57.1518108830086
IL13	AIF1	Directed	cytokine	57.1518108830086
IL13	ALOX15	Directed	cytokine	57.1518108830086
IL13	ALOX5AP	Directed	cytokine	57.1518108830086
IL13	ATF3	Directed	cytokine	57.1518108830086
IL13	BATF	Directed	cytokine	57.1518108830086
IL13	BAX	Directed	cytokine	57.1518108830086
IL13	BCL3	Directed	cytokine	57.1518108830086
IL13	BID	Directed	cytokine	57.1518108830086
IL13	BLVRA	Directed	cytokine	57.1518108830086
IL13	BMAL2	Directed	cytokine	57.1518108830086
IL13	C3	Directed	cytokine	57.1518108830086
IL13	C3AR1	Directed	cytokine	57.1518108830086
IL13	CA2	Directed	cytokine	57.1518108830086
IL13	CASP1	Directed	cytokine	57.1518108830086
IL13	CASP3	Directed	cytokine	57.1518108830086
IL13	CASP7	Directed	cytokine	57.1518108830086
IL13	CASP8	Directed	cytokine	57.1518108830086
IL13	CCL11	Directed	cytokine	57.1518108830086
IL13	CCL17	Directed	cytokine	57.1518108830086
IL13	CCL18	Directed	cytokine	57.1518108830086
IL13	CCL2	Directed	cytokine	57.1518108830086
IL13	CCL20	Directed	cytokine	57.1518108830086
IL13	CCL22	Directed	cytokine	57.1518108830086
IL13	CCL25	Directed	cytokine	57.1518108830086
IL13	CCL26	Directed	cytokine	57.1518108830086
IL13	CCL3	Directed	cytokine	57.1518108830086
IL13	CCL3L3	Directed	cytokine	57.1518108830086
IL13	CCL4	Directed	cytokine	57.1518108830086
IL13	CCL5	Directed	cytokine	57.1518108830086
IL13	CCL7	Directed	cytokine	57.1518108830086
IL13	CCR5	Directed	cytokine	57.1518108830086
IL13	CD14	Directed	cytokine	57.1518108830086
IL13	CD163	Directed	cytokine	57.1518108830086
IL13	CD1B	Directed	cytokine	57.1518108830086
IL13	CD1C	Directed	cytokine	57.1518108830086
IL13	CD209	Directed	cytokine	57.1518108830086
IL13	CD247	Directed	cytokine	57.1518108830086
IL13	CD37	Directed	cytokine	57.1518108830086
IL13	CD3E	Directed	cytokine	57.1518108830086
IL13	CD4	Directed	cytokine	57.1518108830086
IL13	CD40	Directed	cytokine	57.1518108830086
IL13	CD48	Directed	cytokine	57.1518108830086
IL13	CD52	Directed	cytokine	57.1518108830086
IL13	CD72	Directed	cytokine	57.1518108830086
IL13	CD80	Directed	cytokine	57.1518108830086
IL13	CD86	Directed	cytokine	57.1518108830086
IL13	CH25H	Directed	cytokine	57.1518108830086
IL13	CHI3L1	Directed	cytokine	57.1518108830086
IL13	CHST2	Directed	cytokine	57.1518108830086
IL13	CISH	Directed	cytokine	57.1518108830086
IL13	CLEC4A	Directed	cytokine	57.1518108830086
IL13	CLEC4E	Directed	cytokine	57.1518108830086
IL13	CLEC7A	Directed	cytokine	57.1518108830086
IL13	CSF2RA	Directed	cytokine	57.1518108830086
IL13	CTSB	Directed	cytokine	57.1518108830086
IL13	CTSC	Directed	cytokine	57.1518108830086
IL13	CTSH	Directed	cytokine	57.1518108830086
IL13	CTSS	Directed	cytokine	57.1518108830086
IL13	CX3CL1	Directed	cytokine	57.1518108830086
IL13	CXCL1	Directed	cytokine	57.1518108830086
IL13	CXCL5	Directed	cytokine	57.1518108830086
IL13	CXCL8	Directed	cytokine	57.1518108830086
IL13	CXCR2	Directed	cytokine	57.1518108830086
IL13	CXCR4	Directed	cytokine	57.1518108830086
IL13	CYBB	Directed	cytokine	57.1518108830086
IL13	DEFB103B	Directed	cytokine	57.1518108830086
IL13	DEFB4A	Directed	cytokine	57.1518108830086
IL13	DMXL2	Directed	cytokine	57.1518108830086
IL13	DUSP10	Directed	cytokine	57.1518108830086
IL13	ENPP2	Directed	cytokine	57.1518108830086
IL13	EVL	Directed	cytokine	57.1518108830086
IL13	FAS	Directed	cytokine	57.1518108830086
IL13	FCER2	Directed	cytokine	57.1518108830086
IL13	FCGR1A	Directed	cytokine	57.1518108830086
IL13	FCGR2A	Directed	cytokine	57.1518108830086
IL13	FCGR2B	Directed	cytokine	57.1518108830086
IL13	FCGR3A	Directed	cytokine	57.1518108830086
IL13	FCRL3	Directed	cytokine	57.1518108830086
IL13	FGD2	Directed	cytokine	57.1518108830086
IL13	FKBP1A	Directed	cytokine	57.1518108830086
IL13	FLOT1	Directed	cytokine	57.1518108830086
IL13	FPR2	Directed	cytokine	57.1518108830086
IL13	G0S2	Directed	cytokine	57.1518108830086
IL13	GNAI2	Directed	cytokine	57.1518108830086
IL13	HBEGF	Directed	cytokine	57.1518108830086
IL13	HLA-DRB5	Directed	cytokine	57.1518108830086
IL13	HSD11B1	Directed	cytokine	57.1518108830086
IL13	ICAM1	Directed	cytokine	57.1518108830086
IL13	IDO1	Directed	cytokine	57.1518108830086
IL13	IFNG	Directed	cytokine	57.1518108830086
IL13	IFNGR2	Directed	cytokine	57.1518108830086
IL13	IL10	Directed	cytokine	57.1518108830086
IL13	IL12A	Directed	cytokine	57.1518108830086
IL13	IL12B	Directed	cytokine	57.1518108830086
IL13	IL13	Directed	cytokine	57.1518108830086
IL13	IL13RA1	Directed	cytokine	57.1518108830086
IL13	IL17A	Directed	cytokine	57.1518108830086
IL13	IL1B	Directed	cytokine	57.1518108830086
IL13	IL1RL1	Directed	cytokine	57.1518108830086
IL13	IL1RN	Directed	cytokine	57.1518108830086
IL13	IL21	Directed	cytokine	57.1518108830086
IL13	IL23A	Directed	cytokine	57.1518108830086
IL13	IL31RA	Directed	cytokine	57.1518108830086
IL13	IL32	Directed	cytokine	57.1518108830086
IL13	IL3RA	Directed	cytokine	57.1518108830086
IL13	IL4	Directed	cytokine	57.1518108830086
IL13	IL6	Directed	cytokine	57.1518108830086
IL13	ITGAM	Directed	cytokine	57.1518108830086
IL13	ITGAX	Directed	cytokine	57.1518108830086
IL13	KCNJ15	Directed	cytokine	57.1518108830086
IL13	KLF6	Directed	cytokine	57.1518108830086
IL13	KRT16	Directed	cytokine	57.1518108830086
IL13	LILRB2	Directed	cytokine	57.1518108830086
IL13	MAP3K7CL	Directed	cytokine	57.1518108830086
IL13	MATK	Directed	cytokine	57.1518108830086
IL13	MCL1	Directed	cytokine	57.1518108830086
IL13	MMP1	Directed	cytokine	57.1518108830086
IL13	MMP12	Directed	cytokine	57.1518108830086
IL13	MMP13	Directed	cytokine	57.1518108830086
IL13	MMP3	Directed	cytokine	57.1518108830086
IL13	MMP9	Directed	cytokine	57.1518108830086
IL13	MRC1	Directed	cytokine	57.1518108830086
IL13	NLRP3	Directed	cytokine	57.1518108830086
IL13	NOS2	Directed	cytokine	57.1518108830086
IL13	PFKP	Directed	cytokine	57.1518108830086
IL13	PLA2G2D	Directed	cytokine	57.1518108830086
IL13	PLAU	Directed	cytokine	57.1518108830086
IL13	PLXNC1	Directed	cytokine	57.1518108830086
IL13	PTGES	Directed	cytokine	57.1518108830086
IL13	PTGS2	Directed	cytokine	57.1518108830086
IL13	RAB33A	Directed	cytokine	57.1518108830086
IL13	RFTN1	Directed	cytokine	57.1518108830086
IL13	RIPK2	Directed	cytokine	57.1518108830086
IL13	S100A8	Directed	cytokine	57.1518108830086
IL13	SAMSN1	Directed	cytokine	57.1518108830086
IL13	SELP	Directed	cytokine	57.1518108830086
IL13	SERPINB3	Directed	cytokine	57.1518108830086
IL13	SERPINB4	Directed	cytokine	57.1518108830086
IL13	SERPINE1	Directed	cytokine	57.1518108830086
IL13	SLA	Directed	cytokine	57.1518108830086
IL13	SLC26A4	Directed	cytokine	57.1518108830086
IL13	SLC43A3	Directed	cytokine	57.1518108830086
IL13	SLC7A7	Directed	cytokine	57.1518108830086
IL13	SLC8A1	Directed	cytokine	57.1518108830086
IL13	SOCS1	Directed	cytokine	57.1518108830086
IL13	SOCS3	Directed	cytokine	57.1518108830086
IL13	SPHK1	Directed	cytokine	57.1518108830086
IL13	SPP1	Directed	cytokine	57.1518108830086
IL13	ST8SIA4	Directed	cytokine	57.1518108830086
IL13	SYNGR2	Directed	cytokine	57.1518108830086
IL13	TFEC	Directed	cytokine	57.1518108830086
IL13	TFRC	Directed	cytokine	57.1518108830086
IL13	TGFB1	Directed	cytokine	57.1518108830086
IL13	TGM2	Directed	cytokine	57.1518108830086
IL13	THBS1	Directed	cytokine	57.1518108830086
IL13	TIMP1	Directed	cytokine	57.1518108830086
IL13	TLR1	Directed	cytokine	57.1518108830086
IL13	TLR4	Directed	cytokine	57.1518108830086
IL13	TMC6	Directed	cytokine	57.1518108830086
IL13	TNF	Directed	cytokine	57.1518108830086
IL13	TNFRSF11B	Directed	cytokine	57.1518108830086
IL13	TNFRSF1B	Directed	cytokine	57.1518108830086
IL13	TNFSF10	Directed	cytokine	57.1518108830086
IL13	TNFSF11	Directed	cytokine	57.1518108830086
IL13	TNFSF13B	Directed	cytokine	57.1518108830086
IL13	VCAM1	Directed	cytokine	57.1518108830086
IL13	VEGFA	Directed	cytokine	57.1518108830086
IL15	ANXA1	Directed	cytokine	103.39794000867204
IL15	ARHGDIB	Directed	cytokine	103.39794000867204
IL15	BCL2L11	Directed	cytokine	103.39794000867204
IL15	BST2	Directed	cytokine	103.39794000867204
IL15	CAMK2D	Directed	cytokine	103.39794000867204
IL15	CASP3	Directed	cytokine	103.39794000867204
IL15	CBLB	Directed	cytokine	103.39794000867204
IL15	CCL17	Directed	cytokine	103.39794000867204
IL15	CCL18	Directed	cytokine	103.39794000867204
IL15	CCL19	Directed	cytokine	103.39794000867204
IL15	CCL2	Directed	cytokine	103.39794000867204
IL15	CCL3	Directed	cytokine	103.39794000867204
IL15	CCL4	Directed	cytokine	103.39794000867204
IL15	CCL5	Directed	cytokine	103.39794000867204
IL15	CCND2	Directed	cytokine	103.39794000867204
IL15	CCND3	Directed	cytokine	103.39794000867204
IL15	CCR1	Directed	cytokine	103.39794000867204
IL15	CCR2	Directed	cytokine	103.39794000867204
IL15	CD2	Directed	cytokine	103.39794000867204
IL15	CD209	Directed	cytokine	103.39794000867204
IL15	CD226	Directed	cytokine	103.39794000867204
IL15	CD244	Directed	cytokine	103.39794000867204
IL15	CD274	Directed	cytokine	103.39794000867204
IL15	CD28	Directed	cytokine	103.39794000867204
IL15	CD33	Directed	cytokine	103.39794000867204
IL15	CD38	Directed	cytokine	103.39794000867204
IL15	CD40	Directed	cytokine	103.39794000867204
IL15	CD40LG	Directed	cytokine	103.39794000867204
IL15	CD5	Directed	cytokine	103.39794000867204
IL15	CD53	Directed	cytokine	103.39794000867204
IL15	CD69	Directed	cytokine	103.39794000867204
IL15	CD74	Directed	cytokine	103.39794000867204
IL15	CD80	Directed	cytokine	103.39794000867204
IL15	CD83	Directed	cytokine	103.39794000867204
IL15	CD84	Directed	cytokine	103.39794000867204
IL15	CD86	Directed	cytokine	103.39794000867204
IL15	CD8A	Directed	cytokine	103.39794000867204
IL15	CD8B	Directed	cytokine	103.39794000867204
IL15	CD96	Directed	cytokine	103.39794000867204
IL15	CDKN1A	Directed	cytokine	103.39794000867204
IL15	CDKN2A	Directed	cytokine	103.39794000867204
IL15	CEACAM1	Directed	cytokine	103.39794000867204
IL15	CISH	Directed	cytokine	103.39794000867204
IL15	CMKLR1	Directed	cytokine	103.39794000867204
IL15	CORO1A	Directed	cytokine	103.39794000867204
IL15	CSF1	Directed	cytokine	103.39794000867204
IL15	CSF2	Directed	cytokine	103.39794000867204
IL15	CSF3	Directed	cytokine	103.39794000867204
IL15	CTSW	Directed	cytokine	103.39794000867204
IL15	CXCL10	Directed	cytokine	103.39794000867204
IL15	CXCL8	Directed	cytokine	103.39794000867204
IL15	CXCR4	Directed	cytokine	103.39794000867204
IL15	CXCR6	Directed	cytokine	103.39794000867204
IL15	CYP27B1	Directed	cytokine	103.39794000867204
IL15	DUSP5	Directed	cytokine	103.39794000867204
IL15	EIF2AK2	Directed	cytokine	103.39794000867204
IL15	ENO1	Directed	cytokine	103.39794000867204
IL15	EOMES	Directed	cytokine	103.39794000867204
IL15	ETS1	Directed	cytokine	103.39794000867204
IL15	FAS	Directed	cytokine	103.39794000867204
IL15	FASLG	Directed	cytokine	103.39794000867204
IL15	FBP1	Directed	cytokine	103.39794000867204
IL15	FCGR3A	Directed	cytokine	103.39794000867204
IL15	FCRL6	Directed	cytokine	103.39794000867204
IL15	FKBP1A	Directed	cytokine	103.39794000867204
IL15	FLT3LG	Directed	cytokine	103.39794000867204
IL15	FOXP3	Directed	cytokine	103.39794000867204
IL15	FYB1	Directed	cytokine	103.39794000867204
IL15	GABPB1	Directed	cytokine	103.39794000867204
IL15	GALM	Directed	cytokine	103.39794000867204
IL15	GAPDH	Directed	cytokine	103.39794000867204
IL15	GCNT1	Directed	cytokine	103.39794000867204
IL15	GGT5	Directed	cytokine	103.39794000867204
IL15	GNLY	Directed	cytokine	103.39794000867204
IL15	GPI	Directed	cytokine	103.39794000867204
IL15	GZMB	Directed	cytokine	103.39794000867204
IL15	GZMH	Directed	cytokine	103.39794000867204
IL15	GZMK	Directed	cytokine	103.39794000867204
IL15	H2AC18	Directed	cytokine	103.39794000867204
IL15	HAT1	Directed	cytokine	103.39794000867204
IL15	HAVCR2	Directed	cytokine	103.39794000867204
IL15	HBEGF	Directed	cytokine	103.39794000867204
IL15	HCST	Directed	cytokine	103.39794000867204
IL15	HIF1A	Directed	cytokine	103.39794000867204
IL15	HK2	Directed	cytokine	103.39794000867204
IL15	HLA-DRA	Directed	cytokine	103.39794000867204
IL15	HLX	Directed	cytokine	103.39794000867204
IL15	HNRNPF	Directed	cytokine	103.39794000867204
IL15	HSPA8	Directed	cytokine	103.39794000867204
IL15	HSPE1	Directed	cytokine	103.39794000867204
IL15	ICAM2	Directed	cytokine	103.39794000867204
IL15	ICOS	Directed	cytokine	103.39794000867204
IL15	IFI35	Directed	cytokine	103.39794000867204
IL15	IFI6	Directed	cytokine	103.39794000867204
IL15	IFIT1	Directed	cytokine	103.39794000867204
IL15	IFITM1	Directed	cytokine	103.39794000867204
IL15	IFNB1	Directed	cytokine	103.39794000867204
IL15	IFNG	Directed	cytokine	103.39794000867204
IL15	IL10	Directed	cytokine	103.39794000867204
IL15	IL12B	Directed	cytokine	103.39794000867204
IL15	IL12RB1	Directed	cytokine	103.39794000867204
IL15	IL12RB2	Directed	cytokine	103.39794000867204
IL15	IL13	Directed	cytokine	103.39794000867204
IL15	IL15	Directed	cytokine	103.39794000867204
IL15	IL15RA	Directed	cytokine	103.39794000867204
IL15	IL17A	Directed	cytokine	103.39794000867204
IL15	IL17F	Directed	cytokine	103.39794000867204
IL15	IL18R1	Directed	cytokine	103.39794000867204
IL15	IL18RAP	Directed	cytokine	103.39794000867204
IL15	IL1B	Directed	cytokine	103.39794000867204
IL15	IL2	Directed	cytokine	103.39794000867204
IL15	IL21	Directed	cytokine	103.39794000867204
IL15	IL21R	Directed	cytokine	103.39794000867204
IL15	IL22	Directed	cytokine	103.39794000867204
IL15	IL24	Directed	cytokine	103.39794000867204
IL15	IL2RA	Directed	cytokine	103.39794000867204
IL15	IL2RB	Directed	cytokine	103.39794000867204
IL15	IL2RG	Directed	cytokine	103.39794000867204
IL15	IL32	Directed	cytokine	103.39794000867204
IL15	IL4	Directed	cytokine	103.39794000867204
IL15	IL5	Directed	cytokine	103.39794000867204
IL15	IL6	Directed	cytokine	103.39794000867204
IL15	IL7R	Directed	cytokine	103.39794000867204
IL15	IL9	Directed	cytokine	103.39794000867204
IL15	IRF1	Directed	cytokine	103.39794000867204
IL15	ISG15	Directed	cytokine	103.39794000867204
IL15	ITGAX	Directed	cytokine	103.39794000867204
IL15	ITGB7	Directed	cytokine	103.39794000867204
IL15	JUNB	Directed	cytokine	103.39794000867204
IL15	KIR2DL3	Directed	cytokine	103.39794000867204
IL15	KIR3DL1	Directed	cytokine	103.39794000867204
IL15	KLRB1	Directed	cytokine	103.39794000867204
IL15	KLRC1	Directed	cytokine	103.39794000867204
IL15	KLRD1	Directed	cytokine	103.39794000867204
IL15	KLRG1	Directed	cytokine	103.39794000867204
IL15	KLRK1	Directed	cytokine	103.39794000867204
IL15	LAPTM5	Directed	cytokine	103.39794000867204
IL15	LAT	Directed	cytokine	103.39794000867204
IL15	LCK	Directed	cytokine	103.39794000867204
IL15	LCP1	Directed	cytokine	103.39794000867204
IL15	LDHA	Directed	cytokine	103.39794000867204
IL15	LEF1	Directed	cytokine	103.39794000867204
IL15	LIF	Directed	cytokine	103.39794000867204
IL15	LSP1	Directed	cytokine	103.39794000867204
IL15	LTA	Directed	cytokine	103.39794000867204
IL15	LY6E	Directed	cytokine	103.39794000867204
IL15	LYN	Directed	cytokine	103.39794000867204
IL15	MCL1	Directed	cytokine	103.39794000867204
IL15	MICB	Directed	cytokine	103.39794000867204
IL15	MT1G	Directed	cytokine	103.39794000867204
IL15	MX1	Directed	cytokine	103.39794000867204
IL15	MYD88	Directed	cytokine	103.39794000867204
IL15	NAGA	Directed	cytokine	103.39794000867204
IL15	NCR1	Directed	cytokine	103.39794000867204
IL15	NCR3	Directed	cytokine	103.39794000867204
IL15	NFIL3	Directed	cytokine	103.39794000867204
IL15	NFKB1	Directed	cytokine	103.39794000867204
IL15	NFKBIA	Directed	cytokine	103.39794000867204
IL15	NKG7	Directed	cytokine	103.39794000867204
IL15	NME1	Directed	cytokine	103.39794000867204
IL15	NOS2	Directed	cytokine	103.39794000867204
IL15	NT5C3A	Directed	cytokine	103.39794000867204
IL15	P2RY6	Directed	cytokine	103.39794000867204
IL15	PDCD1	Directed	cytokine	103.39794000867204
IL15	PDE4B	Directed	cytokine	103.39794000867204
IL15	PDIA3	Directed	cytokine	103.39794000867204
IL15	PDIA4	Directed	cytokine	103.39794000867204
IL15	PFKP	Directed	cytokine	103.39794000867204
IL15	PFN1	Directed	cytokine	103.39794000867204
IL15	PGD	Directed	cytokine	103.39794000867204
IL15	PGK1	Directed	cytokine	103.39794000867204
IL15	PIM1	Directed	cytokine	103.39794000867204
IL15	PKM	Directed	cytokine	103.39794000867204
IL15	PLEK	Directed	cytokine	103.39794000867204
IL15	PMAIP1	Directed	cytokine	103.39794000867204
IL15	PNP	Directed	cytokine	103.39794000867204
IL15	PRF1	Directed	cytokine	103.39794000867204
IL15	PSMA5	Directed	cytokine	103.39794000867204
IL15	PSMB10	Directed	cytokine	103.39794000867204
IL15	PSMB8	Directed	cytokine	103.39794000867204
IL15	PSMB9	Directed	cytokine	103.39794000867204
IL15	PSME2	Directed	cytokine	103.39794000867204
IL15	PTP4A2	Directed	cytokine	103.39794000867204
IL15	PTPRC	Directed	cytokine	103.39794000867204
IL15	PTPRJ	Directed	cytokine	103.39794000867204
IL15	RAB8A	Directed	cytokine	103.39794000867204
IL15	RAC2	Directed	cytokine	103.39794000867204
IL15	RAET1L	Directed	cytokine	103.39794000867204
IL15	RGS1	Directed	cytokine	103.39794000867204
IL15	RGS16	Directed	cytokine	103.39794000867204
IL15	S100A11	Directed	cytokine	103.39794000867204
IL15	S1PR1	Directed	cytokine	103.39794000867204
IL15	SELL	Directed	cytokine	103.39794000867204
IL15	SELPLG	Directed	cytokine	103.39794000867204
IL15	SERPINE1	Directed	cytokine	103.39794000867204
IL15	SH2D1B	Directed	cytokine	103.39794000867204
IL15	SLC16A1	Directed	cytokine	103.39794000867204
IL15	SLC16A3	Directed	cytokine	103.39794000867204
IL15	SMAD7	Directed	cytokine	103.39794000867204
IL15	SOCS1	Directed	cytokine	103.39794000867204
IL15	SOCS2	Directed	cytokine	103.39794000867204
IL15	SP100	Directed	cytokine	103.39794000867204
IL15	SPN	Directed	cytokine	103.39794000867204
IL15	SPP1	Directed	cytokine	103.39794000867204
IL15	SRGN	Directed	cytokine	103.39794000867204
IL15	STAT1	Directed	cytokine	103.39794000867204
IL15	STAT3	Directed	cytokine	103.39794000867204
IL15	SYNPO	Directed	cytokine	103.39794000867204
IL15	TBX21	Directed	cytokine	103.39794000867204
IL15	TCF7	Directed	cytokine	103.39794000867204
IL15	TFRC	Directed	cytokine	103.39794000867204
IL15	TIGAR	Directed	cytokine	103.39794000867204
IL15	TIMP1	Directed	cytokine	103.39794000867204
IL15	TLR2	Directed	cytokine	103.39794000867204
IL15	TNF	Directed	cytokine	103.39794000867204
IL15	TNFRSF10B	Directed	cytokine	103.39794000867204
IL15	TNFRSF10C	Directed	cytokine	103.39794000867204
IL15	TNFRSF9	Directed	cytokine	103.39794000867204
IL15	TNFSF10	Directed	cytokine	103.39794000867204
IL15	TNFSF11	Directed	cytokine	103.39794000867204
IL15	TPI1	Directed	cytokine	103.39794000867204
IL15	TRAV12-3	Directed	cytokine	103.39794000867204
IL15	TRBV30	Directed	cytokine	103.39794000867204
IL15	TRIM5	Directed	cytokine	103.39794000867204
IL15	TYROBP	Directed	cytokine	103.39794000867204
IL15	UBE2L6	Directed	cytokine	103.39794000867204
IL15	ULBP2	Directed	cytokine	103.39794000867204
IL15	UPP1	Directed	cytokine	103.39794000867204
IL15	VCAM1	Directed	cytokine	103.39794000867204
IL15	VEGFA	Directed	cytokine	103.39794000867204
IL15	ZFP36	Directed	cytokine	103.39794000867204
IL17F	ACOD1	Directed	cytokine	39.25103713874384
IL17F	CCL1	Directed	cytokine	39.25103713874384
IL17F	CCL17	Directed	cytokine	39.25103713874384
IL17F	CCL19	Directed	cytokine	39.25103713874384
IL17F	CCL2	Directed	cytokine	39.25103713874384
IL17F	CCL20	Directed	cytokine	39.25103713874384
IL17F	CCL22	Directed	cytokine	39.25103713874384
IL17F	CCL3	Directed	cytokine	39.25103713874384
IL17F	CCL4	Directed	cytokine	39.25103713874384
IL17F	CCL8	Directed	cytokine	39.25103713874384
IL17F	CSF2	Directed	cytokine	39.25103713874384
IL17F	CSF3	Directed	cytokine	39.25103713874384
IL17F	CX3CL1	Directed	cytokine	39.25103713874384
IL17F	CXCL1	Directed	cytokine	39.25103713874384
IL17F	CXCL10	Directed	cytokine	39.25103713874384
IL17F	CXCL11	Directed	cytokine	39.25103713874384
IL17F	CXCL13	Directed	cytokine	39.25103713874384
IL17F	CXCL16	Directed	cytokine	39.25103713874384
IL17F	CXCL2	Directed	cytokine	39.25103713874384
IL17F	CXCL3	Directed	cytokine	39.25103713874384
IL17F	CXCL5	Directed	cytokine	39.25103713874384
IL17F	CXCL6	Directed	cytokine	39.25103713874384
IL17F	CXCL8	Directed	cytokine	39.25103713874384
IL17F	CXCL9	Directed	cytokine	39.25103713874384
IL17F	CXCR4	Directed	cytokine	39.25103713874384
IL17F	FASLG	Directed	cytokine	39.25103713874384
IL17F	FLT3LG	Directed	cytokine	39.25103713874384
IL17F	GBP5	Directed	cytokine	39.25103713874384
IL17F	GNLY	Directed	cytokine	39.25103713874384
IL17F	HLA-DRB4	Directed	cytokine	39.25103713874384
IL17F	HSPA6	Directed	cytokine	39.25103713874384
IL17F	ICAM1	Directed	cytokine	39.25103713874384
IL17F	IDO1	Directed	cytokine	39.25103713874384
IL17F	IFNG	Directed	cytokine	39.25103713874384
IL17F	IL10	Directed	cytokine	39.25103713874384
IL17F	IL13	Directed	cytokine	39.25103713874384
IL17F	IL15	Directed	cytokine	39.25103713874384
IL17F	IL1B	Directed	cytokine	39.25103713874384
IL17F	IL2	Directed	cytokine	39.25103713874384
IL17F	IL2RG	Directed	cytokine	39.25103713874384
IL17F	IL32	Directed	cytokine	39.25103713874384
IL17F	IL36A	Directed	cytokine	39.25103713874384
IL17F	IL4	Directed	cytokine	39.25103713874384
IL17F	IL5	Directed	cytokine	39.25103713874384
IL17F	IL6	Directed	cytokine	39.25103713874384
IL17F	IL9	Directed	cytokine	39.25103713874384
IL17F	IRF1	Directed	cytokine	39.25103713874384
IL17F	LAG3	Directed	cytokine	39.25103713874384
IL17F	LIF	Directed	cytokine	39.25103713874384
IL17F	LY75-CD302	Directed	cytokine	39.25103713874384
IL17F	MMP1	Directed	cytokine	39.25103713874384
IL17F	MMP13	Directed	cytokine	39.25103713874384
IL17F	MMP3	Directed	cytokine	39.25103713874384
IL17F	OSM	Directed	cytokine	39.25103713874384
IL17F	PRF1	Directed	cytokine	39.25103713874384
IL17F	PTGS2	Directed	cytokine	39.25103713874384
IL17F	RUNX2	Directed	cytokine	39.25103713874384
IL17F	S100A9	Directed	cytokine	39.25103713874384
IL17F	TGFB1	Directed	cytokine	39.25103713874384
IL17F	TNFRSF1B	Directed	cytokine	39.25103713874384
IL17F	TNFRSF8	Directed	cytokine	39.25103713874384
IL17F	TNFSF10	Directed	cytokine	39.25103713874384
IL17F	TNFSF11	Directed	cytokine	39.25103713874384
IL17F	TNFSF13B	Directed	cytokine	39.25103713874384
IL17F	TNFSF14	Directed	cytokine	39.25103713874384
IL17F	UTS2	Directed	cytokine	39.25103713874384
IL17F	XCL1	Directed	cytokine	39.25103713874384
IL17F	XCL2	Directed	cytokine	39.25103713874384
IL18	ADA2	Directed	cytokine	57.832682665251824
IL18	ADAM19	Directed	cytokine	57.832682665251824
IL18	ATF3	Directed	cytokine	57.832682665251824
IL18	BAK1	Directed	cytokine	57.832682665251824
IL18	CCL2	Directed	cytokine	57.832682665251824
IL18	CCL20	Directed	cytokine	57.832682665251824
IL18	CCL3	Directed	cytokine	57.832682665251824
IL18	CCL4	Directed	cytokine	57.832682665251824
IL18	CCL5	Directed	cytokine	57.832682665251824
IL18	CCR2	Directed	cytokine	57.832682665251824
IL18	CCR4	Directed	cytokine	57.832682665251824
IL18	CCR7	Directed	cytokine	57.832682665251824
IL18	CCRL2	Directed	cytokine	57.832682665251824
IL18	CD226	Directed	cytokine	57.832682665251824
IL18	CD244	Directed	cytokine	57.832682665251824
IL18	CD274	Directed	cytokine	57.832682665251824
IL18	CD40	Directed	cytokine	57.832682665251824
IL18	CD40LG	Directed	cytokine	57.832682665251824
IL18	CD47	Directed	cytokine	57.832682665251824
IL18	CD69	Directed	cytokine	57.832682665251824
IL18	CD83	Directed	cytokine	57.832682665251824
IL18	CD86	Directed	cytokine	57.832682665251824
IL18	CD96	Directed	cytokine	57.832682665251824
IL18	CFLAR	Directed	cytokine	57.832682665251824
IL18	CSF1	Directed	cytokine	57.832682665251824
IL18	CSF2	Directed	cytokine	57.832682665251824
IL18	CXCL10	Directed	cytokine	57.832682665251824
IL18	CXCL11	Directed	cytokine	57.832682665251824
IL18	CXCL16	Directed	cytokine	57.832682665251824
IL18	CXCL8	Directed	cytokine	57.832682665251824
IL18	CXCL9	Directed	cytokine	57.832682665251824
IL18	CYSLTR2	Directed	cytokine	57.832682665251824
IL18	DDIT4	Directed	cytokine	57.832682665251824
IL18	ENPP2	Directed	cytokine	57.832682665251824
IL18	FAS	Directed	cytokine	57.832682665251824
IL18	FASLG	Directed	cytokine	57.832682665251824
IL18	FCGR3A	Directed	cytokine	57.832682665251824
IL18	GADD45B	Directed	cytokine	57.832682665251824
IL18	GIMAP4	Directed	cytokine	57.832682665251824
IL18	GNA15	Directed	cytokine	57.832682665251824
IL18	GZMA	Directed	cytokine	57.832682665251824
IL18	GZMB	Directed	cytokine	57.832682665251824
IL18	GZMH	Directed	cytokine	57.832682665251824
IL18	GZMK	Directed	cytokine	57.832682665251824
IL18	GZMM	Directed	cytokine	57.832682665251824
IL18	HAVCR2	Directed	cytokine	57.832682665251824
IL18	HLX	Directed	cytokine	57.832682665251824
IL18	ICAM1	Directed	cytokine	57.832682665251824
IL18	IDO1	Directed	cytokine	57.832682665251824
IL18	IFNG	Directed	cytokine	57.832682665251824
IL18	IL10	Directed	cytokine	57.832682665251824
IL18	IL12A	Directed	cytokine	57.832682665251824
IL18	IL12RB2	Directed	cytokine	57.832682665251824
IL18	IL13	Directed	cytokine	57.832682665251824
IL18	IL17A	Directed	cytokine	57.832682665251824
IL18	IL18BP	Directed	cytokine	57.832682665251824
IL18	IL18R1	Directed	cytokine	57.832682665251824
IL18	IL18RAP	Directed	cytokine	57.832682665251824
IL18	IL1B	Directed	cytokine	57.832682665251824
IL18	IL2	Directed	cytokine	57.832682665251824
IL18	IL22	Directed	cytokine	57.832682665251824
IL18	IL22RA2	Directed	cytokine	57.832682665251824
IL18	IL2RA	Directed	cytokine	57.832682665251824
IL18	IL32	Directed	cytokine	57.832682665251824
IL18	IL4	Directed	cytokine	57.832682665251824
IL18	IL5	Directed	cytokine	57.832682665251824
IL18	IL6	Directed	cytokine	57.832682665251824
IL18	IL9	Directed	cytokine	57.832682665251824
IL18	INPP5D	Directed	cytokine	57.832682665251824
IL18	IRF1	Directed	cytokine	57.832682665251824
IL18	ITGAL	Directed	cytokine	57.832682665251824
IL18	ITGAM	Directed	cytokine	57.832682665251824
IL18	KLRB1	Directed	cytokine	57.832682665251824
IL18	KLRG1	Directed	cytokine	57.832682665251824
IL18	KLRK1	Directed	cytokine	57.832682665251824
IL18	LAIR2	Directed	cytokine	57.832682665251824
IL18	LIF	Directed	cytokine	57.832682665251824
IL18	LTB	Directed	cytokine	57.832682665251824
IL18	MMP1	Directed	cytokine	57.832682665251824
IL18	MMP13	Directed	cytokine	57.832682665251824
IL18	MMP3	Directed	cytokine	57.832682665251824
IL18	MMP9	Directed	cytokine	57.832682665251824
IL18	MPO	Directed	cytokine	57.832682665251824
IL18	NCR1	Directed	cytokine	57.832682665251824
IL18	NCR3	Directed	cytokine	57.832682665251824
IL18	NFIL3	Directed	cytokine	57.832682665251824
IL18	NFKBIA	Directed	cytokine	57.832682665251824
IL18	NKG7	Directed	cytokine	57.832682665251824
IL18	NOS2	Directed	cytokine	57.832682665251824
IL18	PDCD1	Directed	cytokine	57.832682665251824
IL18	PRF1	Directed	cytokine	57.832682665251824
IL18	PTGS2	Directed	cytokine	57.832682665251824
IL18	RAET1L	Directed	cytokine	57.832682665251824
IL18	SAMHD1	Directed	cytokine	57.832682665251824
IL18	SELL	Directed	cytokine	57.832682665251824
IL18	SERPINB1	Directed	cytokine	57.832682665251824
IL18	SLC2A3	Directed	cytokine	57.832682665251824
IL18	SOCS2	Directed	cytokine	57.832682665251824
IL18	SPP1	Directed	cytokine	57.832682665251824
IL18	TBX21	Directed	cytokine	57.832682665251824
IL18	TIMP1	Directed	cytokine	57.832682665251824
IL18	TLR4	Directed	cytokine	57.832682665251824
IL18	TNF	Directed	cytokine	57.832682665251824
IL18	TNFRSF11B	Directed	cytokine	57.832682665251824
IL18	TNFRSF9	Directed	cytokine	57.832682665251824
IL18	TNFSF11	Directed	cytokine	57.832682665251824
IL18	TXK	Directed	cytokine	57.832682665251824
IL18	ULBP2	Directed	cytokine	57.832682665251824
IL18	VCAM1	Directed	cytokine	57.832682665251824
IL18	VEGFA	Directed	cytokine	57.832682665251824
IL1A	ADAMTS1	Directed	cytokine	69.0467236633327
IL1A	ADAMTS4	Directed	cytokine	69.0467236633327
IL1A	ADORA2A	Directed	cytokine	69.0467236633327
IL1A	ALDH1A3	Directed	cytokine	69.0467236633327
IL1A	ASS1	Directed	cytokine	69.0467236633327
IL1A	ATF3	Directed	cytokine	69.0467236633327
IL1A	B2M	Directed	cytokine	69.0467236633327
IL1A	BAX	Directed	cytokine	69.0467236633327
IL1A	BCL3	Directed	cytokine	69.0467236633327
IL1A	BIRC3	Directed	cytokine	69.0467236633327
IL1A	BTN3A3	Directed	cytokine	69.0467236633327
IL1A	C3	Directed	cytokine	69.0467236633327
IL1A	CA2	Directed	cytokine	69.0467236633327
IL1A	CCL11	Directed	cytokine	69.0467236633327
IL1A	CCL2	Directed	cytokine	69.0467236633327
IL1A	CCL20	Directed	cytokine	69.0467236633327
IL1A	CCL3	Directed	cytokine	69.0467236633327
IL1A	CCL4	Directed	cytokine	69.0467236633327
IL1A	CCL5	Directed	cytokine	69.0467236633327
IL1A	CCL8	Directed	cytokine	69.0467236633327
IL1A	CCN1	Directed	cytokine	69.0467236633327
IL1A	CCR2	Directed	cytokine	69.0467236633327
IL1A	CCR4	Directed	cytokine	69.0467236633327
IL1A	CCR6	Directed	cytokine	69.0467236633327
IL1A	CD14	Directed	cytokine	69.0467236633327
IL1A	CD274	Directed	cytokine	69.0467236633327
IL1A	CD40	Directed	cytokine	69.0467236633327
IL1A	CD80	Directed	cytokine	69.0467236633327
IL1A	CD83	Directed	cytokine	69.0467236633327
IL1A	CD86	Directed	cytokine	69.0467236633327
IL1A	CDKN1A	Directed	cytokine	69.0467236633327
IL1A	CLEC2D	Directed	cytokine	69.0467236633327
IL1A	CSF1	Directed	cytokine	69.0467236633327
IL1A	CSF2	Directed	cytokine	69.0467236633327
IL1A	CSF3	Directed	cytokine	69.0467236633327
IL1A	CXCL1	Directed	cytokine	69.0467236633327
IL1A	CXCL10	Directed	cytokine	69.0467236633327
IL1A	CXCL2	Directed	cytokine	69.0467236633327
IL1A	CXCL3	Directed	cytokine	69.0467236633327
IL1A	CXCL5	Directed	cytokine	69.0467236633327
IL1A	CXCL6	Directed	cytokine	69.0467236633327
IL1A	CXCL8	Directed	cytokine	69.0467236633327
IL1A	DEFB4A	Directed	cytokine	69.0467236633327
IL1A	EIF2AK2	Directed	cytokine	69.0467236633327
IL1A	FAS	Directed	cytokine	69.0467236633327
IL1A	FASLG	Directed	cytokine	69.0467236633327
IL1A	FOSL1	Directed	cytokine	69.0467236633327
IL1A	FTH1	Directed	cytokine	69.0467236633327
IL1A	GBP1	Directed	cytokine	69.0467236633327
IL1A	GCH1	Directed	cytokine	69.0467236633327
IL1A	HLA-A	Directed	cytokine	69.0467236633327
IL1A	HLA-DRB4	Directed	cytokine	69.0467236633327
IL1A	HSD11B1	Directed	cytokine	69.0467236633327
IL1A	HSP90AA1	Directed	cytokine	69.0467236633327
IL1A	HSP90B1	Directed	cytokine	69.0467236633327
IL1A	ICAM1	Directed	cytokine	69.0467236633327
IL1A	IER3	Directed	cytokine	69.0467236633327
IL1A	IFIT1	Directed	cytokine	69.0467236633327
IL1A	IFNG	Directed	cytokine	69.0467236633327
IL1A	IFNGR2	Directed	cytokine	69.0467236633327
IL1A	IL10	Directed	cytokine	69.0467236633327
IL1A	IL12B	Directed	cytokine	69.0467236633327
IL1A	IL13	Directed	cytokine	69.0467236633327
IL1A	IL17A	Directed	cytokine	69.0467236633327
IL1A	IL1B	Directed	cytokine	69.0467236633327
IL1A	IL1RN	Directed	cytokine	69.0467236633327
IL1A	IL2	Directed	cytokine	69.0467236633327
IL1A	IL20	Directed	cytokine	69.0467236633327
IL1A	IL2RA	Directed	cytokine	69.0467236633327
IL1A	IL32	Directed	cytokine	69.0467236633327
IL1A	IL4	Directed	cytokine	69.0467236633327
IL1A	IL5	Directed	cytokine	69.0467236633327
IL1A	IL6	Directed	cytokine	69.0467236633327
IL1A	IL9	Directed	cytokine	69.0467236633327
IL1A	INHBA	Directed	cytokine	69.0467236633327
IL1A	IRF1	Directed	cytokine	69.0467236633327
IL1A	IRF5	Directed	cytokine	69.0467236633327
IL1A	IRF7	Directed	cytokine	69.0467236633327
IL1A	ITGA5	Directed	cytokine	69.0467236633327
IL1A	ITGB3	Directed	cytokine	69.0467236633327
IL1A	JUNB	Directed	cytokine	69.0467236633327
IL1A	LBP	Directed	cytokine	69.0467236633327
IL1A	LCN2	Directed	cytokine	69.0467236633327
IL1A	LDHA	Directed	cytokine	69.0467236633327
IL1A	LGALS9	Directed	cytokine	69.0467236633327
IL1A	LIF	Directed	cytokine	69.0467236633327
IL1A	LTF	Directed	cytokine	69.0467236633327
IL1A	LYN	Directed	cytokine	69.0467236633327
IL1A	MMP1	Directed	cytokine	69.0467236633327
IL1A	MMP12	Directed	cytokine	69.0467236633327
IL1A	MMP13	Directed	cytokine	69.0467236633327
IL1A	MMP3	Directed	cytokine	69.0467236633327
IL1A	MMP9	Directed	cytokine	69.0467236633327
IL1A	MT2A	Directed	cytokine	69.0467236633327
IL1A	MUC1	Directed	cytokine	69.0467236633327
IL1A	MUC13	Directed	cytokine	69.0467236633327
IL1A	MX2	Directed	cytokine	69.0467236633327
IL1A	MYD88	Directed	cytokine	69.0467236633327
IL1A	NFKB1	Directed	cytokine	69.0467236633327
IL1A	NFKBIA	Directed	cytokine	69.0467236633327
IL1A	NOD2	Directed	cytokine	69.0467236633327
IL1A	NOS2	Directed	cytokine	69.0467236633327
IL1A	OLFM4	Directed	cytokine	69.0467236633327
IL1A	ORM1	Directed	cytokine	69.0467236633327
IL1A	P2RY6	Directed	cytokine	69.0467236633327
IL1A	PDCD1LG2	Directed	cytokine	69.0467236633327
IL1A	PDZK1IP1	Directed	cytokine	69.0467236633327
IL1A	PI3	Directed	cytokine	69.0467236633327
IL1A	PLAU	Directed	cytokine	69.0467236633327
IL1A	PPP1R16B	Directed	cytokine	69.0467236633327
IL1A	PTGES	Directed	cytokine	69.0467236633327
IL1A	PTGS2	Directed	cytokine	69.0467236633327
IL1A	PTX3	Directed	cytokine	69.0467236633327
IL1A	RGS16	Directed	cytokine	69.0467236633327
IL1A	RILPL2	Directed	cytokine	69.0467236633327
IL1A	S100A10	Directed	cytokine	69.0467236633327
IL1A	S100A12	Directed	cytokine	69.0467236633327
IL1A	S100A7	Directed	cytokine	69.0467236633327
IL1A	S100A7A	Directed	cytokine	69.0467236633327
IL1A	S100A8	Directed	cytokine	69.0467236633327
IL1A	S100A9	Directed	cytokine	69.0467236633327
IL1A	SAA1	Directed	cytokine	69.0467236633327
IL1A	SAA2	Directed	cytokine	69.0467236633327
IL1A	SELE	Directed	cytokine	69.0467236633327
IL1A	SERPINA1	Directed	cytokine	69.0467236633327
IL1A	SERPINA3	Directed	cytokine	69.0467236633327
IL1A	SERPINB4	Directed	cytokine	69.0467236633327
IL1A	SERPINE1	Directed	cytokine	69.0467236633327
IL1A	SERPING1	Directed	cytokine	69.0467236633327
IL1A	SFTPA1	Directed	cytokine	69.0467236633327
IL1A	SOD2	Directed	cytokine	69.0467236633327
IL1A	SPP1	Directed	cytokine	69.0467236633327
IL1A	SPRR2A	Directed	cytokine	69.0467236633327
IL1A	SPRR2B	Directed	cytokine	69.0467236633327
IL1A	SSTR2	Directed	cytokine	69.0467236633327
IL1A	STAT3	Directed	cytokine	69.0467236633327
IL1A	TAP1	Directed	cytokine	69.0467236633327
IL1A	TGFB1	Directed	cytokine	69.0467236633327
IL1A	TICAM1	Directed	cytokine	69.0467236633327
IL1A	TIMP1	Directed	cytokine	69.0467236633327
IL1A	TLR2	Directed	cytokine	69.0467236633327
IL1A	TLR4	Directed	cytokine	69.0467236633327
IL1A	TNF	Directed	cytokine	69.0467236633327
IL1A	TNFAIP2	Directed	cytokine	69.0467236633327
IL1A	TNFAIP3	Directed	cytokine	69.0467236633327
IL1A	TNFRSF11B	Directed	cytokine	69.0467236633327
IL1A	TNFSF11	Directed	cytokine	69.0467236633327
IL1A	VCAM1	Directed	cytokine	69.0467236633327
IL1A	VEGFC	Directed	cytokine	69.0467236633327
IL1A	ZC3H12A	Directed	cytokine	69.0467236633327
IL1B	ACHE	Directed	cytokine	121.71896663275227
IL1B	ACKR2	Directed	cytokine	121.71896663275227
IL1B	ACOD1	Directed	cytokine	121.71896663275227
IL1B	ADAM12	Directed	cytokine	121.71896663275227
IL1B	ADAM8	Directed	cytokine	121.71896663275227
IL1B	ADAMTS1	Directed	cytokine	121.71896663275227
IL1B	ADAMTS4	Directed	cytokine	121.71896663275227
IL1B	ADM	Directed	cytokine	121.71896663275227
IL1B	AGER	Directed	cytokine	121.71896663275227
IL1B	AIF1	Directed	cytokine	121.71896663275227
IL1B	AKIP1	Directed	cytokine	121.71896663275227
IL1B	AKT3	Directed	cytokine	121.71896663275227
IL1B	ALOX15	Directed	cytokine	121.71896663275227
IL1B	ANGPTL4	Directed	cytokine	121.71896663275227
IL1B	ANXA1	Directed	cytokine	121.71896663275227
IL1B	APOL1	Directed	cytokine	121.71896663275227
IL1B	APOL2	Directed	cytokine	121.71896663275227
IL1B	APOL6	Directed	cytokine	121.71896663275227
IL1B	ASS1	Directed	cytokine	121.71896663275227
IL1B	ATF3	Directed	cytokine	121.71896663275227
IL1B	ATF5	Directed	cytokine	121.71896663275227
IL1B	B2M	Directed	cytokine	121.71896663275227
IL1B	BAX	Directed	cytokine	121.71896663275227
IL1B	BCL2A1	Directed	cytokine	121.71896663275227
IL1B	BCL3	Directed	cytokine	121.71896663275227
IL1B	BHLHE40	Directed	cytokine	121.71896663275227
IL1B	BIRC3	Directed	cytokine	121.71896663275227
IL1B	C1QTNF1	Directed	cytokine	121.71896663275227
IL1B	C1R	Directed	cytokine	121.71896663275227
IL1B	C2	Directed	cytokine	121.71896663275227
IL1B	C3	Directed	cytokine	121.71896663275227
IL1B	CALCA	Directed	cytokine	121.71896663275227
IL1B	CASP10	Directed	cytokine	121.71896663275227
IL1B	CASP3	Directed	cytokine	121.71896663275227
IL1B	CCL1	Directed	cytokine	121.71896663275227
IL1B	CCL11	Directed	cytokine	121.71896663275227
IL1B	CCL13	Directed	cytokine	121.71896663275227
IL1B	CCL17	Directed	cytokine	121.71896663275227
IL1B	CCL2	Directed	cytokine	121.71896663275227
IL1B	CCL20	Directed	cytokine	121.71896663275227
IL1B	CCL22	Directed	cytokine	121.71896663275227
IL1B	CCL3	Directed	cytokine	121.71896663275227
IL1B	CCL4	Directed	cytokine	121.71896663275227
IL1B	CCL5	Directed	cytokine	121.71896663275227
IL1B	CCL7	Directed	cytokine	121.71896663275227
IL1B	CCL8	Directed	cytokine	121.71896663275227
IL1B	CCR1	Directed	cytokine	121.71896663275227
IL1B	CCR2	Directed	cytokine	121.71896663275227
IL1B	CCR4	Directed	cytokine	121.71896663275227
IL1B	CCR5	Directed	cytokine	121.71896663275227
IL1B	CCR6	Directed	cytokine	121.71896663275227
IL1B	CCR7	Directed	cytokine	121.71896663275227
IL1B	CCR8	Directed	cytokine	121.71896663275227
IL1B	CCRL2	Directed	cytokine	121.71896663275227
IL1B	CD14	Directed	cytokine	121.71896663275227
IL1B	CD244	Directed	cytokine	121.71896663275227
IL1B	CD274	Directed	cytokine	121.71896663275227
IL1B	CD4	Directed	cytokine	121.71896663275227
IL1B	CD40	Directed	cytokine	121.71896663275227
IL1B	CD40LG	Directed	cytokine	121.71896663275227
IL1B	CD74	Directed	cytokine	121.71896663275227
IL1B	CD80	Directed	cytokine	121.71896663275227
IL1B	CD83	Directed	cytokine	121.71896663275227
IL1B	CD86	Directed	cytokine	121.71896663275227
IL1B	CDKN1A	Directed	cytokine	121.71896663275227
IL1B	CEMIP2	Directed	cytokine	121.71896663275227
IL1B	CFB	Directed	cytokine	121.71896663275227
IL1B	CFLAR	Directed	cytokine	121.71896663275227
IL1B	CHI3L1	Directed	cytokine	121.71896663275227
IL1B	CIITA	Directed	cytokine	121.71896663275227
IL1B	CISH	Directed	cytokine	121.71896663275227
IL1B	CLU	Directed	cytokine	121.71896663275227
IL1B	CMPK2	Directed	cytokine	121.71896663275227
IL1B	CNR2	Directed	cytokine	121.71896663275227
IL1B	CREM	Directed	cytokine	121.71896663275227
IL1B	CRISPLD2	Directed	cytokine	121.71896663275227
IL1B	CRP	Directed	cytokine	121.71896663275227
IL1B	CSF1	Directed	cytokine	121.71896663275227
IL1B	CSF2	Directed	cytokine	121.71896663275227
IL1B	CSF2RB	Directed	cytokine	121.71896663275227
IL1B	CSF3	Directed	cytokine	121.71896663275227
IL1B	CSRNP1	Directed	cytokine	121.71896663275227
IL1B	CTSB	Directed	cytokine	121.71896663275227
IL1B	CTSS	Directed	cytokine	121.71896663275227
IL1B	CTSZ	Directed	cytokine	121.71896663275227
IL1B	CX3CL1	Directed	cytokine	121.71896663275227
IL1B	CXCL1	Directed	cytokine	121.71896663275227
IL1B	CXCL10	Directed	cytokine	121.71896663275227
IL1B	CXCL11	Directed	cytokine	121.71896663275227
IL1B	CXCL13	Directed	cytokine	121.71896663275227
IL1B	CXCL16	Directed	cytokine	121.71896663275227
IL1B	CXCL2	Directed	cytokine	121.71896663275227
IL1B	CXCL3	Directed	cytokine	121.71896663275227
IL1B	CXCL5	Directed	cytokine	121.71896663275227
IL1B	CXCL6	Directed	cytokine	121.71896663275227
IL1B	CXCL8	Directed	cytokine	121.71896663275227
IL1B	CXCL9	Directed	cytokine	121.71896663275227
IL1B	CXCR1	Directed	cytokine	121.71896663275227
IL1B	CXCR4	Directed	cytokine	121.71896663275227
IL1B	CYBA	Directed	cytokine	121.71896663275227
IL1B	CYBB	Directed	cytokine	121.71896663275227
IL1B	CYP19A1	Directed	cytokine	121.71896663275227
IL1B	CYP27B1	Directed	cytokine	121.71896663275227
IL1B	CYTIP	Directed	cytokine	121.71896663275227
IL1B	DDIT4	Directed	cytokine	121.71896663275227
IL1B	DEFB4A	Directed	cytokine	121.71896663275227
IL1B	DEPP1	Directed	cytokine	121.71896663275227
IL1B	DUSP5	Directed	cytokine	121.71896663275227
IL1B	EBI3	Directed	cytokine	121.71896663275227
IL1B	EGLN2	Directed	cytokine	121.71896663275227
IL1B	EHD1	Directed	cytokine	121.71896663275227
IL1B	EIF4EBP1	Directed	cytokine	121.71896663275227
IL1B	ENG	Directed	cytokine	121.71896663275227
IL1B	ENPP2	Directed	cytokine	121.71896663275227
IL1B	EPSTI1	Directed	cytokine	121.71896663275227
IL1B	FAS	Directed	cytokine	121.71896663275227
IL1B	FASLG	Directed	cytokine	121.71896663275227
IL1B	FCER2	Directed	cytokine	121.71896663275227
IL1B	FERMT3	Directed	cytokine	121.71896663275227
IL1B	FLT1	Directed	cytokine	121.71896663275227
IL1B	FOSL1	Directed	cytokine	121.71896663275227
IL1B	FPR2	Directed	cytokine	121.71896663275227
IL1B	FUT7	Directed	cytokine	121.71896663275227
IL1B	G0S2	Directed	cytokine	121.71896663275227
IL1B	GAD1	Directed	cytokine	121.71896663275227
IL1B	GADD45B	Directed	cytokine	121.71896663275227
IL1B	GBP1	Directed	cytokine	121.71896663275227
IL1B	GBP2	Directed	cytokine	121.71896663275227
IL1B	GBP4	Directed	cytokine	121.71896663275227
IL1B	GBP5	Directed	cytokine	121.71896663275227
IL1B	GCH1	Directed	cytokine	121.71896663275227
IL1B	GGT1	Directed	cytokine	121.71896663275227
IL1B	GNA15	Directed	cytokine	121.71896663275227
IL1B	GZMB	Directed	cytokine	121.71896663275227
IL1B	HAS2	Directed	cytokine	121.71896663275227
IL1B	HBEGF	Directed	cytokine	121.71896663275227
IL1B	HELZ2	Directed	cytokine	121.71896663275227
IL1B	HERC5	Directed	cytokine	121.71896663275227
IL1B	HIF1A	Directed	cytokine	121.71896663275227
IL1B	HK2	Directed	cytokine	121.71896663275227
IL1B	HLA-A	Directed	cytokine	121.71896663275227
IL1B	HLA-DOB	Directed	cytokine	121.71896663275227
IL1B	HLA-DRA	Directed	cytokine	121.71896663275227
IL1B	HLA-E	Directed	cytokine	121.71896663275227
IL1B	HLA-F	Directed	cytokine	121.71896663275227
IL1B	HP	Directed	cytokine	121.71896663275227
IL1B	HPRT1	Directed	cytokine	121.71896663275227
IL1B	HSD11B1	Directed	cytokine	121.71896663275227
IL1B	HSPA5	Directed	cytokine	121.71896663275227
IL1B	ICAM1	Directed	cytokine	121.71896663275227
IL1B	IDO1	Directed	cytokine	121.71896663275227
IL1B	IER3	Directed	cytokine	121.71896663275227
IL1B	IFIT1	Directed	cytokine	121.71896663275227
IL1B	IFIT2	Directed	cytokine	121.71896663275227
IL1B	IFIT3	Directed	cytokine	121.71896663275227
IL1B	IFITM3	Directed	cytokine	121.71896663275227
IL1B	IFNAR2	Directed	cytokine	121.71896663275227
IL1B	IFNG	Directed	cytokine	121.71896663275227
IL1B	IFNGR2	Directed	cytokine	121.71896663275227
IL1B	IKBKE	Directed	cytokine	121.71896663275227
IL1B	IKZF3	Directed	cytokine	121.71896663275227
IL1B	IL10	Directed	cytokine	121.71896663275227
IL1B	IL10RA	Directed	cytokine	121.71896663275227
IL1B	IL12A	Directed	cytokine	121.71896663275227
IL1B	IL12B	Directed	cytokine	121.71896663275227
IL1B	IL15	Directed	cytokine	121.71896663275227
IL1B	IL15RA	Directed	cytokine	121.71896663275227
IL1B	IL17A	Directed	cytokine	121.71896663275227
IL1B	IL17F	Directed	cytokine	121.71896663275227
IL1B	IL18R1	Directed	cytokine	121.71896663275227
IL1B	IL18RAP	Directed	cytokine	121.71896663275227
IL1B	IL1B	Directed	cytokine	121.71896663275227
IL1B	IL1RL1	Directed	cytokine	121.71896663275227
IL1B	IL1RN	Directed	cytokine	121.71896663275227
IL1B	IL2	Directed	cytokine	121.71896663275227
IL1B	IL20	Directed	cytokine	121.71896663275227
IL1B	IL21	Directed	cytokine	121.71896663275227
IL1B	IL22	Directed	cytokine	121.71896663275227
IL1B	IL23A	Directed	cytokine	121.71896663275227
IL1B	IL24	Directed	cytokine	121.71896663275227
IL1B	IL25	Directed	cytokine	121.71896663275227
IL1B	IL26	Directed	cytokine	121.71896663275227
IL1B	IL27	Directed	cytokine	121.71896663275227
IL1B	IL2RA	Directed	cytokine	121.71896663275227
IL1B	IL3	Directed	cytokine	121.71896663275227
IL1B	IL32	Directed	cytokine	121.71896663275227
IL1B	IL36A	Directed	cytokine	121.71896663275227
IL1B	IL3RA	Directed	cytokine	121.71896663275227
IL1B	IL4I1	Directed	cytokine	121.71896663275227
IL1B	IL4R	Directed	cytokine	121.71896663275227
IL1B	IL6	Directed	cytokine	121.71896663275227
IL1B	IL6R	Directed	cytokine	121.71896663275227
IL1B	IL7R	Directed	cytokine	121.71896663275227
IL1B	IL9	Directed	cytokine	121.71896663275227
IL1B	INHBA	Directed	cytokine	121.71896663275227
IL1B	INSRR	Directed	cytokine	121.71896663275227
IL1B	IRAK2	Directed	cytokine	121.71896663275227
IL1B	IRF1	Directed	cytokine	121.71896663275227
IL1B	IRF4	Directed	cytokine	121.71896663275227
IL1B	IRF5	Directed	cytokine	121.71896663275227
IL1B	IRF7	Directed	cytokine	121.71896663275227
IL1B	IRF8	Directed	cytokine	121.71896663275227
IL1B	ISG15	Directed	cytokine	121.71896663275227
IL1B	ISG20	Directed	cytokine	121.71896663275227
IL1B	ITGA4	Directed	cytokine	121.71896663275227
IL1B	ITGA5	Directed	cytokine	121.71896663275227
IL1B	ITGAM	Directed	cytokine	121.71896663275227
IL1B	ITGB3	Directed	cytokine	121.71896663275227
IL1B	JUNB	Directed	cytokine	121.71896663275227
IL1B	KYNU	Directed	cytokine	121.71896663275227
IL1B	LBP	Directed	cytokine	121.71896663275227
IL1B	LCN2	Directed	cytokine	121.71896663275227
IL1B	LCP1	Directed	cytokine	121.71896663275227
IL1B	LDHA	Directed	cytokine	121.71896663275227
IL1B	LDLR	Directed	cytokine	121.71896663275227
IL1B	LEF1	Directed	cytokine	121.71896663275227
IL1B	LGALS9	Directed	cytokine	121.71896663275227
IL1B	LIF	Directed	cytokine	121.71896663275227
IL1B	LIFR	Directed	cytokine	121.71896663275227
IL1B	LRG1	Directed	cytokine	121.71896663275227
IL1B	LTA	Directed	cytokine	121.71896663275227
IL1B	LTF	Directed	cytokine	121.71896663275227
IL1B	LY96	Directed	cytokine	121.71896663275227
IL1B	LYN	Directed	cytokine	121.71896663275227
IL1B	MANF	Directed	cytokine	121.71896663275227
IL1B	MAPK11	Directed	cytokine	121.71896663275227
IL1B	MAPKAPK2	Directed	cytokine	121.71896663275227
IL1B	MARCKSL1	Directed	cytokine	121.71896663275227
IL1B	MCL1	Directed	cytokine	121.71896663275227
IL1B	MCTP1	Directed	cytokine	121.71896663275227
IL1B	MEFV	Directed	cytokine	121.71896663275227
IL1B	MMP1	Directed	cytokine	121.71896663275227
IL1B	MMP12	Directed	cytokine	121.71896663275227
IL1B	MMP13	Directed	cytokine	121.71896663275227
IL1B	MMP3	Directed	cytokine	121.71896663275227
IL1B	MMP9	Directed	cytokine	121.71896663275227
IL1B	MT1A	Directed	cytokine	121.71896663275227
IL1B	MT1E	Directed	cytokine	121.71896663275227
IL1B	MT1F	Directed	cytokine	121.71896663275227
IL1B	MT1G	Directed	cytokine	121.71896663275227
IL1B	MT1M	Directed	cytokine	121.71896663275227
IL1B	MT2A	Directed	cytokine	121.71896663275227
IL1B	MUC1	Directed	cytokine	121.71896663275227
IL1B	MUC13	Directed	cytokine	121.71896663275227
IL1B	MUC4	Directed	cytokine	121.71896663275227
IL1B	MX1	Directed	cytokine	121.71896663275227
IL1B	MYD88	Directed	cytokine	121.71896663275227
IL1B	NAMPT	Directed	cytokine	121.71896663275227
IL1B	NCR3	Directed	cytokine	121.71896663275227
IL1B	NEUROG3	Directed	cytokine	121.71896663275227
IL1B	NFIL3	Directed	cytokine	121.71896663275227
IL1B	NFKB1	Directed	cytokine	121.71896663275227
IL1B	NFKB2	Directed	cytokine	121.71896663275227
IL1B	NFKBIA	Directed	cytokine	121.71896663275227
IL1B	NFKBIB	Directed	cytokine	121.71896663275227
IL1B	NFKBIE	Directed	cytokine	121.71896663275227
IL1B	NLRP7	Directed	cytokine	121.71896663275227
IL1B	NMI	Directed	cytokine	121.71896663275227
IL1B	NOCT	Directed	cytokine	121.71896663275227
IL1B	NOD2	Directed	cytokine	121.71896663275227
IL1B	NOS2	Directed	cytokine	121.71896663275227
IL1B	NR4A3	Directed	cytokine	121.71896663275227
IL1B	NTRK1	Directed	cytokine	121.71896663275227
IL1B	NUP210	Directed	cytokine	121.71896663275227
IL1B	OAS2	Directed	cytokine	121.71896663275227
IL1B	ODC1	Directed	cytokine	121.71896663275227
IL1B	OLFM4	Directed	cytokine	121.71896663275227
IL1B	OLR1	Directed	cytokine	121.71896663275227
IL1B	ORM1	Directed	cytokine	121.71896663275227
IL1B	OSM	Directed	cytokine	121.71896663275227
IL1B	OSMR	Directed	cytokine	121.71896663275227
IL1B	OXTR	Directed	cytokine	121.71896663275227
IL1B	PAK1	Directed	cytokine	121.71896663275227
IL1B	PCSK1	Directed	cytokine	121.71896663275227
IL1B	PDCD1	Directed	cytokine	121.71896663275227
IL1B	PDCD1LG2	Directed	cytokine	121.71896663275227
IL1B	PDE4B	Directed	cytokine	121.71896663275227
IL1B	PDPN	Directed	cytokine	121.71896663275227
IL1B	PFKP	Directed	cytokine	121.71896663275227
IL1B	PGAM1	Directed	cytokine	121.71896663275227
IL1B	PI15	Directed	cytokine	121.71896663275227
IL1B	PI3	Directed	cytokine	121.71896663275227
IL1B	PIGR	Directed	cytokine	121.71896663275227
IL1B	PIK3CD	Directed	cytokine	121.71896663275227
IL1B	PIM1	Directed	cytokine	121.71896663275227
IL1B	PIM3	Directed	cytokine	121.71896663275227
IL1B	PLA2G2A	Directed	cytokine	121.71896663275227
IL1B	PLA2G3	Directed	cytokine	121.71896663275227
IL1B	PLAU	Directed	cytokine	121.71896663275227
IL1B	PLAUR	Directed	cytokine	121.71896663275227
IL1B	PPP1R16B	Directed	cytokine	121.71896663275227
IL1B	PRF1	Directed	cytokine	121.71896663275227
IL1B	PRKCD	Directed	cytokine	121.71896663275227
IL1B	PSMB10	Directed	cytokine	121.71896663275227
IL1B	PSMB8	Directed	cytokine	121.71896663275227
IL1B	PSMB9	Directed	cytokine	121.71896663275227
IL1B	PSME2	Directed	cytokine	121.71896663275227
IL1B	PTGER2	Directed	cytokine	121.71896663275227
IL1B	PTGES	Directed	cytokine	121.71896663275227
IL1B	PTGS2	Directed	cytokine	121.71896663275227
IL1B	PTX3	Directed	cytokine	121.71896663275227
IL1B	RAC2	Directed	cytokine	121.71896663275227
IL1B	RAN	Directed	cytokine	121.71896663275227
IL1B	RASA2	Directed	cytokine	121.71896663275227
IL1B	RELB	Directed	cytokine	121.71896663275227
IL1B	RGS16	Directed	cytokine	121.71896663275227
IL1B	RILPL2	Directed	cytokine	121.71896663275227
IL1B	RIPK2	Directed	cytokine	121.71896663275227
IL1B	RSAD2	Directed	cytokine	121.71896663275227
IL1B	RUNX2	Directed	cytokine	121.71896663275227
IL1B	S100A10	Directed	cytokine	121.71896663275227
IL1B	S100A8	Directed	cytokine	121.71896663275227
IL1B	S100A9	Directed	cytokine	121.71896663275227
IL1B	S1PR1	Directed	cytokine	121.71896663275227
IL1B	S1PR2	Directed	cytokine	121.71896663275227
IL1B	S1PR3	Directed	cytokine	121.71896663275227
IL1B	SAA1	Directed	cytokine	121.71896663275227
IL1B	SAA2	Directed	cytokine	121.71896663275227
IL1B	SAA4	Directed	cytokine	121.71896663275227
IL1B	SAT1	Directed	cytokine	121.71896663275227
IL1B	SELE	Directed	cytokine	121.71896663275227
IL1B	SERPINA3	Directed	cytokine	121.71896663275227
IL1B	SERPINB3	Directed	cytokine	121.71896663275227
IL1B	SERPINB9	Directed	cytokine	121.71896663275227
IL1B	SERPINE1	Directed	cytokine	121.71896663275227
IL1B	SERPINF2	Directed	cytokine	121.71896663275227
IL1B	SERPING1	Directed	cytokine	121.71896663275227
IL1B	SERPINH1	Directed	cytokine	121.71896663275227
IL1B	SFTPA1	Directed	cytokine	121.71896663275227
IL1B	SLAMF1	Directed	cytokine	121.71896663275227
IL1B	SLC1A3	Directed	cytokine	121.71896663275227
IL1B	SLC20A1	Directed	cytokine	121.71896663275227
IL1B	SLC25A25	Directed	cytokine	121.71896663275227
IL1B	SLC2A6	Directed	cytokine	121.71896663275227
IL1B	SLC39A14	Directed	cytokine	121.71896663275227
IL1B	SLC4A10	Directed	cytokine	121.71896663275227
IL1B	SMAD7	Directed	cytokine	121.71896663275227
IL1B	SNAI1	Directed	cytokine	121.71896663275227
IL1B	SOCS1	Directed	cytokine	121.71896663275227
IL1B	SOCS2	Directed	cytokine	121.71896663275227
IL1B	SOCS3	Directed	cytokine	121.71896663275227
IL1B	SOD2	Directed	cytokine	121.71896663275227
IL1B	SPI1	Directed	cytokine	121.71896663275227
IL1B	SPP1	Directed	cytokine	121.71896663275227
IL1B	SRGN	Directed	cytokine	121.71896663275227
IL1B	SSTR2	Directed	cytokine	121.71896663275227
IL1B	STAT1	Directed	cytokine	121.71896663275227
IL1B	STAT3	Directed	cytokine	121.71896663275227
IL1B	STAT4	Directed	cytokine	121.71896663275227
IL1B	STAT5A	Directed	cytokine	121.71896663275227
IL1B	SUCNR1	Directed	cytokine	121.71896663275227
IL1B	TAP2	Directed	cytokine	121.71896663275227
IL1B	TBX21	Directed	cytokine	121.71896663275227
IL1B	TBXAS1	Directed	cytokine	121.71896663275227
IL1B	TCIM	Directed	cytokine	121.71896663275227
IL1B	TFRC	Directed	cytokine	121.71896663275227
IL1B	TGFB1	Directed	cytokine	121.71896663275227
IL1B	TGM2	Directed	cytokine	121.71896663275227
IL1B	THBS1	Directed	cytokine	121.71896663275227
IL1B	THY1	Directed	cytokine	121.71896663275227
IL1B	TICAM1	Directed	cytokine	121.71896663275227
IL1B	TICAM2	Directed	cytokine	121.71896663275227
IL1B	TIMP1	Directed	cytokine	121.71896663275227
IL1B	TLNRD1	Directed	cytokine	121.71896663275227
IL1B	TLR2	Directed	cytokine	121.71896663275227
IL1B	TLR3	Directed	cytokine	121.71896663275227
IL1B	TLR4	Directed	cytokine	121.71896663275227
IL1B	TLR7	Directed	cytokine	121.71896663275227
IL1B	TLR8	Directed	cytokine	121.71896663275227
IL1B	TMEM132A	Directed	cytokine	121.71896663275227
IL1B	TMEM176B	Directed	cytokine	121.71896663275227
IL1B	TNF	Directed	cytokine	121.71896663275227
IL1B	TNFAIP2	Directed	cytokine	121.71896663275227
IL1B	TNFAIP3	Directed	cytokine	121.71896663275227
IL1B	TNFAIP6	Directed	cytokine	121.71896663275227
IL1B	TNFRSF10B	Directed	cytokine	121.71896663275227
IL1B	TNFRSF11B	Directed	cytokine	121.71896663275227
IL1B	TNFRSF1B	Directed	cytokine	121.71896663275227
IL1B	TNFRSF9	Directed	cytokine	121.71896663275227
IL1B	TNFSF10	Directed	cytokine	121.71896663275227
IL1B	TNFSF11	Directed	cytokine	121.71896663275227
IL1B	TNFSF13B	Directed	cytokine	121.71896663275227
IL1B	TNFSF15	Directed	cytokine	121.71896663275227
IL1B	TNIP1	Directed	cytokine	121.71896663275227
IL1B	TRAF1	Directed	cytokine	121.71896663275227
IL1B	TRAF2	Directed	cytokine	121.71896663275227
IL1B	TRAFD1	Directed	cytokine	121.71896663275227
IL1B	TREM1	Directed	cytokine	121.71896663275227
IL1B	TYMP	Directed	cytokine	121.71896663275227
IL1B	UAP1	Directed	cytokine	121.71896663275227
IL1B	UBD	Directed	cytokine	121.71896663275227
IL1B	UBE2L6	Directed	cytokine	121.71896663275227
IL1B	USP18	Directed	cytokine	121.71896663275227
IL1B	VASP	Directed	cytokine	121.71896663275227
IL1B	VCAM1	Directed	cytokine	121.71896663275227
IL1B	VEGFA	Directed	cytokine	121.71896663275227
IL1B	VEGFC	Directed	cytokine	121.71896663275227
IL1B	VSNL1	Directed	cytokine	121.71896663275227
IL1B	XDH	Directed	cytokine	121.71896663275227
IL1B	ZC3H12A	Directed	cytokine	121.71896663275227
IL1B	ZFP36	Directed	cytokine	121.71896663275227
IL1B	ZYX	Directed	cytokine	121.71896663275227
IL1RN	ATF3	Directed	cytokine	46.769551078621724
IL1RN	BTN3A1	Directed	cytokine	46.769551078621724
IL1RN	C3	Directed	cytokine	46.769551078621724
IL1RN	CCL2	Directed	cytokine	46.769551078621724
IL1RN	CCL20	Directed	cytokine	46.769551078621724
IL1RN	CDKN1A	Directed	cytokine	46.769551078621724
IL1RN	CIITA	Directed	cytokine	46.769551078621724
IL1RN	CTSS	Directed	cytokine	46.769551078621724
IL1RN	CXCL1	Directed	cytokine	46.769551078621724
IL1RN	CXCL11	Directed	cytokine	46.769551078621724
IL1RN	CXCL5	Directed	cytokine	46.769551078621724
IL1RN	CXCL8	Directed	cytokine	46.769551078621724
IL1RN	CYLD	Directed	cytokine	46.769551078621724
IL1RN	ERAP2	Directed	cytokine	46.769551078621724
IL1RN	GBP1	Directed	cytokine	46.769551078621724
IL1RN	GSDMD	Directed	cytokine	46.769551078621724
IL1RN	HERC6	Directed	cytokine	46.769551078621724
IL1RN	HLA-DQB1	Directed	cytokine	46.769551078621724
IL1RN	HSD11B1	Directed	cytokine	46.769551078621724
IL1RN	ICAM1	Directed	cytokine	46.769551078621724
IL1RN	IFI27	Directed	cytokine	46.769551078621724
IL1RN	IFI44	Directed	cytokine	46.769551078621724
IL1RN	IFI44L	Directed	cytokine	46.769551078621724
IL1RN	IFI6	Directed	cytokine	46.769551078621724
IL1RN	IFIH1	Directed	cytokine	46.769551078621724
IL1RN	IFIT3	Directed	cytokine	46.769551078621724
IL1RN	IFIT5	Directed	cytokine	46.769551078621724
IL1RN	IFNG	Directed	cytokine	46.769551078621724
IL1RN	IL10	Directed	cytokine	46.769551078621724
IL1RN	IL17A	Directed	cytokine	46.769551078621724
IL1RN	IL18BP	Directed	cytokine	46.769551078621724
IL1RN	IL1B	Directed	cytokine	46.769551078621724
IL1RN	IL2	Directed	cytokine	46.769551078621724
IL1RN	IL23A	Directed	cytokine	46.769551078621724
IL1RN	IL32	Directed	cytokine	46.769551078621724
IL1RN	IL6	Directed	cytokine	46.769551078621724
IL1RN	IRF1	Directed	cytokine	46.769551078621724
IL1RN	IRF7	Directed	cytokine	46.769551078621724
IL1RN	IRF9	Directed	cytokine	46.769551078621724
IL1RN	ISG20	Directed	cytokine	46.769551078621724
IL1RN	KLF6	Directed	cytokine	46.769551078621724
IL1RN	LAMP3	Directed	cytokine	46.769551078621724
IL1RN	LGALS9	Directed	cytokine	46.769551078621724
IL1RN	LIF	Directed	cytokine	46.769551078621724
IL1RN	LIFR	Directed	cytokine	46.769551078621724
IL1RN	MMP1	Directed	cytokine	46.769551078621724
IL1RN	MMP9	Directed	cytokine	46.769551078621724
IL1RN	MX1	Directed	cytokine	46.769551078621724
IL1RN	MX2	Directed	cytokine	46.769551078621724
IL1RN	NOS2	Directed	cytokine	46.769551078621724
IL1RN	NTRK1	Directed	cytokine	46.769551078621724
IL1RN	OAS1	Directed	cytokine	46.769551078621724
IL1RN	OAS2	Directed	cytokine	46.769551078621724
IL1RN	OAS3	Directed	cytokine	46.769551078621724
IL1RN	OASL	Directed	cytokine	46.769551078621724
IL1RN	PMAIP1	Directed	cytokine	46.769551078621724
IL1RN	PML	Directed	cytokine	46.769551078621724
IL1RN	PTGS2	Directed	cytokine	46.769551078621724
IL1RN	RARRES1	Directed	cytokine	46.769551078621724
IL1RN	RIGI	Directed	cytokine	46.769551078621724
IL1RN	RIPK2	Directed	cytokine	46.769551078621724
IL1RN	RSAD2	Directed	cytokine	46.769551078621724
IL1RN	RTP4	Directed	cytokine	46.769551078621724
IL1RN	S100A9	Directed	cytokine	46.769551078621724
IL1RN	SAMD9	Directed	cytokine	46.769551078621724
IL1RN	SELE	Directed	cytokine	46.769551078621724
IL1RN	SERPINE1	Directed	cytokine	46.769551078621724
IL1RN	SLC15A3	Directed	cytokine	46.769551078621724
IL1RN	SP100	Directed	cytokine	46.769551078621724
IL1RN	SPP1	Directed	cytokine	46.769551078621724
IL1RN	STAT2	Directed	cytokine	46.769551078621724
IL1RN	THEMIS2	Directed	cytokine	46.769551078621724
IL1RN	TIMP1	Directed	cytokine	46.769551078621724
IL1RN	TNF	Directed	cytokine	46.769551078621724
IL1RN	TNFSF10	Directed	cytokine	46.769551078621724
IL1RN	TRIM22	Directed	cytokine	46.769551078621724
IL1RN	UBD	Directed	cytokine	46.769551078621724
IL1RN	USP18	Directed	cytokine	46.769551078621724
IL1RN	VEGFA	Directed	cytokine	46.769551078621724
IL1RN	VEGFC	Directed	cytokine	46.769551078621724
IL2	ACSL6	Directed	cytokine	125.040481623027
IL2	ADAM19	Directed	cytokine	125.040481623027
IL2	ADAM8	Directed	cytokine	125.040481623027
IL2	ANXA1	Directed	cytokine	125.040481623027
IL2	APOBEC3G	Directed	cytokine	125.040481623027
IL2	AREG	Directed	cytokine	125.040481623027
IL2	ARHGAP25	Directed	cytokine	125.040481623027
IL2	ARHGDIA	Directed	cytokine	125.040481623027
IL2	ARHGEF2	Directed	cytokine	125.040481623027
IL2	ARHGEF3	Directed	cytokine	125.040481623027
IL2	ATF5	Directed	cytokine	125.040481623027
IL2	BATF	Directed	cytokine	125.040481623027
IL2	BAX	Directed	cytokine	125.040481623027
IL2	BCL2A1	Directed	cytokine	125.040481623027
IL2	BHLHE40	Directed	cytokine	125.040481623027
IL2	BIRC3	Directed	cytokine	125.040481623027
IL2	C3	Directed	cytokine	125.040481623027
IL2	CALCA	Directed	cytokine	125.040481623027
IL2	CARD6	Directed	cytokine	125.040481623027
IL2	CARD9	Directed	cytokine	125.040481623027
IL2	CASP1	Directed	cytokine	125.040481623027
IL2	CASP3	Directed	cytokine	125.040481623027
IL2	CBLB	Directed	cytokine	125.040481623027
IL2	CCL1	Directed	cytokine	125.040481623027
IL2	CCL17	Directed	cytokine	125.040481623027
IL2	CCL2	Directed	cytokine	125.040481623027
IL2	CCL22	Directed	cytokine	125.040481623027
IL2	CCL3	Directed	cytokine	125.040481623027
IL2	CCL4	Directed	cytokine	125.040481623027
IL2	CCL5	Directed	cytokine	125.040481623027
IL2	CCND2	Directed	cytokine	125.040481623027
IL2	CCND3	Directed	cytokine	125.040481623027
IL2	CCR1	Directed	cytokine	125.040481623027
IL2	CCR2	Directed	cytokine	125.040481623027
IL2	CCR3	Directed	cytokine	125.040481623027
IL2	CCR4	Directed	cytokine	125.040481623027
IL2	CCR5	Directed	cytokine	125.040481623027
IL2	CCR6	Directed	cytokine	125.040481623027
IL2	CCR7	Directed	cytokine	125.040481623027
IL2	CCR8	Directed	cytokine	125.040481623027
IL2	CD2	Directed	cytokine	125.040481623027
IL2	CD244	Directed	cytokine	125.040481623027
IL2	CD247	Directed	cytokine	125.040481623027
IL2	CD274	Directed	cytokine	125.040481623027
IL2	CD28	Directed	cytokine	125.040481623027
IL2	CD38	Directed	cytokine	125.040481623027
IL2	CD3D	Directed	cytokine	125.040481623027
IL2	CD3G	Directed	cytokine	125.040481623027
IL2	CD40	Directed	cytokine	125.040481623027
IL2	CD40LG	Directed	cytokine	125.040481623027
IL2	CD47	Directed	cytokine	125.040481623027
IL2	CD5	Directed	cytokine	125.040481623027
IL2	CD52	Directed	cytokine	125.040481623027
IL2	CD69	Directed	cytokine	125.040481623027
IL2	CD74	Directed	cytokine	125.040481623027
IL2	CD80	Directed	cytokine	125.040481623027
IL2	CD83	Directed	cytokine	125.040481623027
IL2	CD86	Directed	cytokine	125.040481623027
IL2	CD8A	Directed	cytokine	125.040481623027
IL2	CD8B	Directed	cytokine	125.040481623027
IL2	CDKN1A	Directed	cytokine	125.040481623027
IL2	CEACAM1	Directed	cytokine	125.040481623027
IL2	CFLAR	Directed	cytokine	125.040481623027
IL2	CFP	Directed	cytokine	125.040481623027
IL2	CGAS	Directed	cytokine	125.040481623027
IL2	CISH	Directed	cytokine	125.040481623027
IL2	CMKLR1	Directed	cytokine	125.040481623027
IL2	CSF1	Directed	cytokine	125.040481623027
IL2	CSF1R	Directed	cytokine	125.040481623027
IL2	CSF2	Directed	cytokine	125.040481623027
IL2	CSF2RA	Directed	cytokine	125.040481623027
IL2	CSF2RB	Directed	cytokine	125.040481623027
IL2	CSF3	Directed	cytokine	125.040481623027
IL2	CSRNP1	Directed	cytokine	125.040481623027
IL2	CST7	Directed	cytokine	125.040481623027
IL2	CTLA4	Directed	cytokine	125.040481623027
IL2	CTPS1	Directed	cytokine	125.040481623027
IL2	CTSC	Directed	cytokine	125.040481623027
IL2	CTSL	Directed	cytokine	125.040481623027
IL2	CTSW	Directed	cytokine	125.040481623027
IL2	CXCL10	Directed	cytokine	125.040481623027
IL2	CXCL8	Directed	cytokine	125.040481623027
IL2	CXCL9	Directed	cytokine	125.040481623027
IL2	CXCR1	Directed	cytokine	125.040481623027
IL2	CXCR3	Directed	cytokine	125.040481623027
IL2	CXCR4	Directed	cytokine	125.040481623027
IL2	CXCR5	Directed	cytokine	125.040481623027
IL2	CXCR6	Directed	cytokine	125.040481623027
IL2	CYTH4	Directed	cytokine	125.040481623027
IL2	CYTIP	Directed	cytokine	125.040481623027
IL2	DDIT4	Directed	cytokine	125.040481623027
IL2	DDX21	Directed	cytokine	125.040481623027
IL2	DENND2D	Directed	cytokine	125.040481623027
IL2	DUSP5	Directed	cytokine	125.040481623027
IL2	DUSP6	Directed	cytokine	125.040481623027
IL2	EIF2S2	Directed	cytokine	125.040481623027
IL2	ENO1	Directed	cytokine	125.040481623027
IL2	ENPP2	Directed	cytokine	125.040481623027
IL2	EOMES	Directed	cytokine	125.040481623027
IL2	ETS1	Directed	cytokine	125.040481623027
IL2	EVL	Directed	cytokine	125.040481623027
IL2	FAS	Directed	cytokine	125.040481623027
IL2	FASLG	Directed	cytokine	125.040481623027
IL2	FCER1G	Directed	cytokine	125.040481623027
IL2	FCGR3A	Directed	cytokine	125.040481623027
IL2	FCMR	Directed	cytokine	125.040481623027
IL2	FGL2	Directed	cytokine	125.040481623027
IL2	FLT3LG	Directed	cytokine	125.040481623027
IL2	FOXP3	Directed	cytokine	125.040481623027
IL2	FPR2	Directed	cytokine	125.040481623027
IL2	GADD45B	Directed	cytokine	125.040481623027
IL2	GAPDH	Directed	cytokine	125.040481623027
IL2	GART	Directed	cytokine	125.040481623027
IL2	GCNT1	Directed	cytokine	125.040481623027
IL2	GFI1	Directed	cytokine	125.040481623027
IL2	GPR183	Directed	cytokine	125.040481623027
IL2	GZMA	Directed	cytokine	125.040481623027
IL2	GZMB	Directed	cytokine	125.040481623027
IL2	GZMH	Directed	cytokine	125.040481623027
IL2	GZMK	Directed	cytokine	125.040481623027
IL2	HAVCR2	Directed	cytokine	125.040481623027
IL2	HBEGF	Directed	cytokine	125.040481623027
IL2	HCK	Directed	cytokine	125.040481623027
IL2	HCST	Directed	cytokine	125.040481623027
IL2	HEATR9	Directed	cytokine	125.040481623027
IL2	HHEX	Directed	cytokine	125.040481623027
IL2	HK2	Directed	cytokine	125.040481623027
IL2	HLA-DPA1	Directed	cytokine	125.040481623027
IL2	HLA-DQA1	Directed	cytokine	125.040481623027
IL2	HLA-DQA2	Directed	cytokine	125.040481623027
IL2	HLA-DQB1	Directed	cytokine	125.040481623027
IL2	HLA-DRA	Directed	cytokine	125.040481623027
IL2	HLA-DRB1	Directed	cytokine	125.040481623027
IL2	HLA-DRB5	Directed	cytokine	125.040481623027
IL2	HSP90B1	Directed	cytokine	125.040481623027
IL2	HSPA5	Directed	cytokine	125.040481623027
IL2	HVCN1	Directed	cytokine	125.040481623027
IL2	ICAM1	Directed	cytokine	125.040481623027
IL2	ICOS	Directed	cytokine	125.040481623027
IL2	IDO1	Directed	cytokine	125.040481623027
IL2	IER3	Directed	cytokine	125.040481623027
IL2	IFI6	Directed	cytokine	125.040481623027
IL2	IFNG	Directed	cytokine	125.040481623027
IL2	IFNGR2	Directed	cytokine	125.040481623027
IL2	IKZF3	Directed	cytokine	125.040481623027
IL2	IL10	Directed	cytokine	125.040481623027
IL2	IL10RA	Directed	cytokine	125.040481623027
IL2	IL12B	Directed	cytokine	125.040481623027
IL2	IL12RB1	Directed	cytokine	125.040481623027
IL2	IL12RB2	Directed	cytokine	125.040481623027
IL2	IL13	Directed	cytokine	125.040481623027
IL2	IL17A	Directed	cytokine	125.040481623027
IL2	IL17F	Directed	cytokine	125.040481623027
IL2	IL18BP	Directed	cytokine	125.040481623027
IL2	IL18R1	Directed	cytokine	125.040481623027
IL2	IL18RAP	Directed	cytokine	125.040481623027
IL2	IL1B	Directed	cytokine	125.040481623027
IL2	IL1RL1	Directed	cytokine	125.040481623027
IL2	IL1RN	Directed	cytokine	125.040481623027
IL2	IL2	Directed	cytokine	125.040481623027
IL2	IL22	Directed	cytokine	125.040481623027
IL2	IL24	Directed	cytokine	125.040481623027
IL2	IL26	Directed	cytokine	125.040481623027
IL2	IL27RA	Directed	cytokine	125.040481623027
IL2	IL2RA	Directed	cytokine	125.040481623027
IL2	IL2RB	Directed	cytokine	125.040481623027
IL2	IL2RG	Directed	cytokine	125.040481623027
IL2	IL3	Directed	cytokine	125.040481623027
IL2	IL4	Directed	cytokine	125.040481623027
IL2	IL4R	Directed	cytokine	125.040481623027
IL2	IL5	Directed	cytokine	125.040481623027
IL2	IL6	Directed	cytokine	125.040481623027
IL2	IL7R	Directed	cytokine	125.040481623027
IL2	IL9	Directed	cytokine	125.040481623027
IL2	IRAG2	Directed	cytokine	125.040481623027
IL2	IRF1	Directed	cytokine	125.040481623027
IL2	IRF4	Directed	cytokine	125.040481623027
IL2	ISG15	Directed	cytokine	125.040481623027
IL2	ISG20	Directed	cytokine	125.040481623027
IL2	ITGA4	Directed	cytokine	125.040481623027
IL2	ITGB7	Directed	cytokine	125.040481623027
IL2	ITK	Directed	cytokine	125.040481623027
IL2	JAK2	Directed	cytokine	125.040481623027
IL2	JAK3	Directed	cytokine	125.040481623027
IL2	JAML	Directed	cytokine	125.040481623027
IL2	JUNB	Directed	cytokine	125.040481623027
IL2	KIR2DL1	Directed	cytokine	125.040481623027
IL2	KIR2DL2	Directed	cytokine	125.040481623027
IL2	KIR2DL4	Directed	cytokine	125.040481623027
IL2	KIR3DL1	Directed	cytokine	125.040481623027
IL2	KLF1	Directed	cytokine	125.040481623027
IL2	KLF6	Directed	cytokine	125.040481623027
IL2	KLRB1	Directed	cytokine	125.040481623027
IL2	KLRC1	Directed	cytokine	125.040481623027
IL2	KLRD1	Directed	cytokine	125.040481623027
IL2	KLRF1	Directed	cytokine	125.040481623027
IL2	KLRG1	Directed	cytokine	125.040481623027
IL2	KLRK1	Directed	cytokine	125.040481623027
IL2	LAPTM5	Directed	cytokine	125.040481623027
IL2	LBP	Directed	cytokine	125.040481623027
IL2	LCK	Directed	cytokine	125.040481623027
IL2	LCP2	Directed	cytokine	125.040481623027
IL2	LDHA	Directed	cytokine	125.040481623027
IL2	LDLR	Directed	cytokine	125.040481623027
IL2	LIF	Directed	cytokine	125.040481623027
IL2	LIFR	Directed	cytokine	125.040481623027
IL2	LTA	Directed	cytokine	125.040481623027
IL2	LTB	Directed	cytokine	125.040481623027
IL2	LY6E	Directed	cytokine	125.040481623027
IL2	MAPKAPK2	Directed	cytokine	125.040481623027
IL2	MCL1	Directed	cytokine	125.040481623027
IL2	MME	Directed	cytokine	125.040481623027
IL2	MMP25	Directed	cytokine	125.040481623027
IL2	MMP9	Directed	cytokine	125.040481623027
IL2	MTHFD2	Directed	cytokine	125.040481623027
IL2	MX1	Directed	cytokine	125.040481623027
IL2	NCR1	Directed	cytokine	125.040481623027
IL2	NCR3	Directed	cytokine	125.040481623027
IL2	NETO2	Directed	cytokine	125.040481623027
IL2	NFKB1	Directed	cytokine	125.040481623027
IL2	NME1	Directed	cytokine	125.040481623027
IL2	NMI	Directed	cytokine	125.040481623027
IL2	NOP2	Directed	cytokine	125.040481623027
IL2	NOS2	Directed	cytokine	125.040481623027
IL2	NR4A3	Directed	cytokine	125.040481623027
IL2	NT5E	Directed	cytokine	125.040481623027
IL2	ODC1	Directed	cytokine	125.040481623027
IL2	OSM	Directed	cytokine	125.040481623027
IL2	PAX5	Directed	cytokine	125.040481623027
IL2	PDCD1	Directed	cytokine	125.040481623027
IL2	PDE3B	Directed	cytokine	125.040481623027
IL2	PDE4B	Directed	cytokine	125.040481623027
IL2	PDIA3	Directed	cytokine	125.040481623027
IL2	PEA15	Directed	cytokine	125.040481623027
IL2	PGK1	Directed	cytokine	125.040481623027
IL2	PHLDA2	Directed	cytokine	125.040481623027
IL2	PIM1	Directed	cytokine	125.040481623027
IL2	PIM2	Directed	cytokine	125.040481623027
IL2	PLA2G2D	Directed	cytokine	125.040481623027
IL2	PLAC8	Directed	cytokine	125.040481623027
IL2	PMAIP1	Directed	cytokine	125.040481623027
IL2	PNP	Directed	cytokine	125.040481623027
IL2	POLR3K	Directed	cytokine	125.040481623027
IL2	PRF1	Directed	cytokine	125.040481623027
IL2	PROK2	Directed	cytokine	125.040481623027
IL2	PTGER2	Directed	cytokine	125.040481623027
IL2	PTGIR	Directed	cytokine	125.040481623027
IL2	PTGS2	Directed	cytokine	125.040481623027
IL2	PTPN6	Directed	cytokine	125.040481623027
IL2	PTPN7	Directed	cytokine	125.040481623027
IL2	PTPRC	Directed	cytokine	125.040481623027
IL2	PTPRJ	Directed	cytokine	125.040481623027
IL2	RCN1	Directed	cytokine	125.040481623027
IL2	RFTN1	Directed	cytokine	125.040481623027
IL2	RGS16	Directed	cytokine	125.040481623027
IL2	RNF157	Directed	cytokine	125.040481623027
IL2	S100A8	Directed	cytokine	125.040481623027
IL2	SELL	Directed	cytokine	125.040481623027
IL2	SELP	Directed	cytokine	125.040481623027
IL2	SELPLG	Directed	cytokine	125.040481623027
IL2	SERPINB9	Directed	cytokine	125.040481623027
IL2	SERPINE1	Directed	cytokine	125.040481623027
IL2	SIPA1	Directed	cytokine	125.040481623027
IL2	SIRPG	Directed	cytokine	125.040481623027
IL2	SLA	Directed	cytokine	125.040481623027
IL2	SLAMF1	Directed	cytokine	125.040481623027
IL2	SLAMF7	Directed	cytokine	125.040481623027
IL2	SLC2A3	Directed	cytokine	125.040481623027
IL2	SOCS1	Directed	cytokine	125.040481623027
IL2	SOCS2	Directed	cytokine	125.040481623027
IL2	SOCS3	Directed	cytokine	125.040481623027
IL2	SPP1	Directed	cytokine	125.040481623027
IL2	SRM	Directed	cytokine	125.040481623027
IL2	STARD4	Directed	cytokine	125.040481623027
IL2	STAT3	Directed	cytokine	125.040481623027
IL2	STAT4	Directed	cytokine	125.040481623027
IL2	STC2	Directed	cytokine	125.040481623027
IL2	STIP1	Directed	cytokine	125.040481623027
IL2	STK17A	Directed	cytokine	125.040481623027
IL2	STK17B	Directed	cytokine	125.040481623027
IL2	TBX21	Directed	cytokine	125.040481623027
IL2	TFRC	Directed	cytokine	125.040481623027
IL2	TGFB1	Directed	cytokine	125.040481623027
IL2	TIGIT	Directed	cytokine	125.040481623027
IL2	TIMP1	Directed	cytokine	125.040481623027
IL2	TLR2	Directed	cytokine	125.040481623027
IL2	TNF	Directed	cytokine	125.040481623027
IL2	TNFAIP3	Directed	cytokine	125.040481623027
IL2	TNFAIP8	Directed	cytokine	125.040481623027
IL2	TNFRSF10A	Directed	cytokine	125.040481623027
IL2	TNFRSF10B	Directed	cytokine	125.040481623027
IL2	TNFRSF10C	Directed	cytokine	125.040481623027
IL2	TNFRSF11B	Directed	cytokine	125.040481623027
IL2	TNFRSF12A	Directed	cytokine	125.040481623027
IL2	TNFRSF13B	Directed	cytokine	125.040481623027
IL2	TNFRSF1B	Directed	cytokine	125.040481623027
IL2	TNFRSF4	Directed	cytokine	125.040481623027
IL2	TNFRSF8	Directed	cytokine	125.040481623027
IL2	TNFRSF9	Directed	cytokine	125.040481623027
IL2	TNFSF10	Directed	cytokine	125.040481623027
IL2	TNFSF11	Directed	cytokine	125.040481623027
IL2	TNFSF14	Directed	cytokine	125.040481623027
IL2	TPI1	Directed	cytokine	125.040481623027
IL2	TRAF1	Directed	cytokine	125.040481623027
IL2	TRAF2	Directed	cytokine	125.040481623027
IL2	TRAV12-3	Directed	cytokine	125.040481623027
IL2	TRBV30	Directed	cytokine	125.040481623027
IL2	TRDV1	Directed	cytokine	125.040481623027
IL2	UPP1	Directed	cytokine	125.040481623027
IL2	VAV1	Directed	cytokine	125.040481623027
IL2	VCAM1	Directed	cytokine	125.040481623027
IL2	VEGFA	Directed	cytokine	125.040481623027
IL2	XCL1	Directed	cytokine	125.040481623027
IL2	XCL2	Directed	cytokine	125.040481623027
IL21	BATF	Directed	cytokine	63.131355561605176
IL21	BCL2L11	Directed	cytokine	63.131355561605176
IL21	CALHM6	Directed	cytokine	63.131355561605176
IL21	CASP3	Directed	cytokine	63.131355561605176
IL21	CCL17	Directed	cytokine	63.131355561605176
IL21	CCL20	Directed	cytokine	63.131355561605176
IL21	CCL5	Directed	cytokine	63.131355561605176
IL21	CCND2	Directed	cytokine	63.131355561605176
IL21	CCND3	Directed	cytokine	63.131355561605176
IL21	CCR7	Directed	cytokine	63.131355561605176
IL21	CCRL2	Directed	cytokine	63.131355561605176
IL21	CD1D	Directed	cytokine	63.131355561605176
IL21	CD2	Directed	cytokine	63.131355561605176
IL21	CD244	Directed	cytokine	63.131355561605176
IL21	CD27	Directed	cytokine	63.131355561605176
IL21	CD28	Directed	cytokine	63.131355561605176
IL21	CD38	Directed	cytokine	63.131355561605176
IL21	CD40LG	Directed	cytokine	63.131355561605176
IL21	CD69	Directed	cytokine	63.131355561605176
IL21	CD86	Directed	cytokine	63.131355561605176
IL21	CDKN1A	Directed	cytokine	63.131355561605176
IL21	CMPK2	Directed	cytokine	63.131355561605176
IL21	CSF2	Directed	cytokine	63.131355561605176
IL21	CXCL10	Directed	cytokine	63.131355561605176
IL21	CXCL13	Directed	cytokine	63.131355561605176
IL21	CXCL8	Directed	cytokine	63.131355561605176
IL21	CXCL9	Directed	cytokine	63.131355561605176
IL21	CXCR3	Directed	cytokine	63.131355561605176
IL21	CXCR5	Directed	cytokine	63.131355561605176
IL21	EIF2AK2	Directed	cytokine	63.131355561605176
IL21	EOMES	Directed	cytokine	63.131355561605176
IL21	FASLG	Directed	cytokine	63.131355561605176
IL21	FCER1G	Directed	cytokine	63.131355561605176
IL21	FCGR2B	Directed	cytokine	63.131355561605176
IL21	FGL2	Directed	cytokine	63.131355561605176
IL21	FOXP3	Directed	cytokine	63.131355561605176
IL21	GZMA	Directed	cytokine	63.131355561605176
IL21	GZMB	Directed	cytokine	63.131355561605176
IL21	HAVCR2	Directed	cytokine	63.131355561605176
IL21	HCST	Directed	cytokine	63.131355561605176
IL21	HERC6	Directed	cytokine	63.131355561605176
IL21	HIF1A	Directed	cytokine	63.131355561605176
IL21	HLX	Directed	cytokine	63.131355561605176
IL21	HSH2D	Directed	cytokine	63.131355561605176
IL21	IDO1	Directed	cytokine	63.131355561605176
IL21	IFIT2	Directed	cytokine	63.131355561605176
IL21	IFNG	Directed	cytokine	63.131355561605176
IL21	IGHG1	Directed	cytokine	63.131355561605176
IL21	IGHG2	Directed	cytokine	63.131355561605176
IL21	IGHG3	Directed	cytokine	63.131355561605176
IL21	IL10	Directed	cytokine	63.131355561605176
IL21	IL12RB2	Directed	cytokine	63.131355561605176
IL21	IL13	Directed	cytokine	63.131355561605176
IL21	IL17A	Directed	cytokine	63.131355561605176
IL21	IL18R1	Directed	cytokine	63.131355561605176
IL21	IL18RAP	Directed	cytokine	63.131355561605176
IL21	IL2	Directed	cytokine	63.131355561605176
IL21	IL21	Directed	cytokine	63.131355561605176
IL21	IL21R	Directed	cytokine	63.131355561605176
IL21	IL23A	Directed	cytokine	63.131355561605176
IL21	IL2RA	Directed	cytokine	63.131355561605176
IL21	IL2RB	Directed	cytokine	63.131355561605176
IL21	IL4	Directed	cytokine	63.131355561605176
IL21	IL4I1	Directed	cytokine	63.131355561605176
IL21	IL5	Directed	cytokine	63.131355561605176
IL21	IL6	Directed	cytokine	63.131355561605176
IL21	IL7R	Directed	cytokine	63.131355561605176
IL21	IL9	Directed	cytokine	63.131355561605176
IL21	IRF4	Directed	cytokine	63.131355561605176
IL21	IRF5	Directed	cytokine	63.131355561605176
IL21	IRF7	Directed	cytokine	63.131355561605176
IL21	ISG15	Directed	cytokine	63.131355561605176
IL21	ITGAX	Directed	cytokine	63.131355561605176
IL21	KLRC1	Directed	cytokine	63.131355561605176
IL21	KLRD1	Directed	cytokine	63.131355561605176
IL21	KLRG1	Directed	cytokine	63.131355561605176
IL21	KLRK1	Directed	cytokine	63.131355561605176
IL21	MCL1	Directed	cytokine	63.131355561605176
IL21	MMP12	Directed	cytokine	63.131355561605176
IL21	MMP9	Directed	cytokine	63.131355561605176
IL21	MYD88	Directed	cytokine	63.131355561605176
IL21	NCR1	Directed	cytokine	63.131355561605176
IL21	NCR3	Directed	cytokine	63.131355561605176
IL21	NEURL3	Directed	cytokine	63.131355561605176
IL21	NOS2	Directed	cytokine	63.131355561605176
IL21	PAX5	Directed	cytokine	63.131355561605176
IL21	PDCD1	Directed	cytokine	63.131355561605176
IL21	PRF1	Directed	cytokine	63.131355561605176
IL21	PSMB9	Directed	cytokine	63.131355561605176
IL21	PTPRC	Directed	cytokine	63.131355561605176
IL21	RSAD2	Directed	cytokine	63.131355561605176
IL21	RUNX1	Directed	cytokine	63.131355561605176
IL21	SELL	Directed	cytokine	63.131355561605176
IL21	SOCS1	Directed	cytokine	63.131355561605176
IL21	SOCS2	Directed	cytokine	63.131355561605176
IL21	SOCS3	Directed	cytokine	63.131355561605176
IL21	STAT2	Directed	cytokine	63.131355561605176
IL21	STAT3	Directed	cytokine	63.131355561605176
IL21	STAT4	Directed	cytokine	63.131355561605176
IL21	TAP1	Directed	cytokine	63.131355561605176
IL21	TBX21	Directed	cytokine	63.131355561605176
IL21	TGFB1	Directed	cytokine	63.131355561605176
IL21	TLR4	Directed	cytokine	63.131355561605176
IL21	TNF	Directed	cytokine	63.131355561605176
IL21	TNFSF11	Directed	cytokine	63.131355561605176
IL21	TRAF3	Directed	cytokine	63.131355561605176
IL21	TYROBP	Directed	cytokine	63.131355561605176
IL21	USP18	Directed	cytokine	63.131355561605176
IL24	BAK1	Directed	cytokine	16.241088107602028
IL24	BATF2	Directed	cytokine	16.241088107602028
IL24	BAX	Directed	cytokine	16.241088107602028
IL24	BCL2L11	Directed	cytokine	16.241088107602028
IL24	CASP3	Directed	cytokine	16.241088107602028
IL24	CASP8	Directed	cytokine	16.241088107602028
IL24	CCL2	Directed	cytokine	16.241088107602028
IL24	CCL20	Directed	cytokine	16.241088107602028
IL24	CXCL8	Directed	cytokine	16.241088107602028
IL24	EIF2AK2	Directed	cytokine	16.241088107602028
IL24	FAS	Directed	cytokine	16.241088107602028
IL24	FASLG	Directed	cytokine	16.241088107602028
IL24	FOXP3	Directed	cytokine	16.241088107602028
IL24	HBEGF	Directed	cytokine	16.241088107602028
IL24	HSP90B1	Directed	cytokine	16.241088107602028
IL24	HSPA5	Directed	cytokine	16.241088107602028
IL24	IFNG	Directed	cytokine	16.241088107602028
IL24	IL10	Directed	cytokine	16.241088107602028
IL24	IL12A	Directed	cytokine	16.241088107602028
IL24	IL12B	Directed	cytokine	16.241088107602028
IL24	IL23A	Directed	cytokine	16.241088107602028
IL24	IL24	Directed	cytokine	16.241088107602028
IL24	IL27	Directed	cytokine	16.241088107602028
IL24	IRF4	Directed	cytokine	16.241088107602028
IL24	LIG4	Directed	cytokine	16.241088107602028
IL24	MCL1	Directed	cytokine	16.241088107602028
IL24	NOS2	Directed	cytokine	16.241088107602028
IL24	PAX5	Directed	cytokine	16.241088107602028
IL24	PTGS2	Directed	cytokine	16.241088107602028
IL27	ADAR	Directed	cytokine	110.7619538968712
IL27	ADGRE1	Directed	cytokine	110.7619538968712
IL27	ANGPTL4	Directed	cytokine	110.7619538968712
IL27	APOBEC3F	Directed	cytokine	110.7619538968712
IL27	APOBEC3G	Directed	cytokine	110.7619538968712
IL27	APOL1	Directed	cytokine	110.7619538968712
IL27	B2M	Directed	cytokine	110.7619538968712
IL27	BATF	Directed	cytokine	110.7619538968712
IL27	BST2	Directed	cytokine	110.7619538968712
IL27	CCL11	Directed	cytokine	110.7619538968712
IL27	CCL2	Directed	cytokine	110.7619538968712
IL27	CCL20	Directed	cytokine	110.7619538968712
IL27	CCL3	Directed	cytokine	110.7619538968712
IL27	CCL4	Directed	cytokine	110.7619538968712
IL27	CCL5	Directed	cytokine	110.7619538968712
IL27	CCL7	Directed	cytokine	110.7619538968712
IL27	CCL8	Directed	cytokine	110.7619538968712
IL27	CCND2	Directed	cytokine	110.7619538968712
IL27	CCND3	Directed	cytokine	110.7619538968712
IL27	CCR2	Directed	cytokine	110.7619538968712
IL27	CCR6	Directed	cytokine	110.7619538968712
IL27	CCR7	Directed	cytokine	110.7619538968712
IL27	CD14	Directed	cytokine	110.7619538968712
IL27	CD163	Directed	cytokine	110.7619538968712
IL27	CD38	Directed	cytokine	110.7619538968712
IL27	CD63	Directed	cytokine	110.7619538968712
IL27	CD69	Directed	cytokine	110.7619538968712
IL27	CD74	Directed	cytokine	110.7619538968712
IL27	CD80	Directed	cytokine	110.7619538968712
IL27	CD86	Directed	cytokine	110.7619538968712
IL27	CFLAR	Directed	cytokine	110.7619538968712
IL27	CIITA	Directed	cytokine	110.7619538968712
IL27	CKLF	Directed	cytokine	110.7619538968712
IL27	CR1	Directed	cytokine	110.7619538968712
IL27	CSF2	Directed	cytokine	110.7619538968712
IL27	CTLA4	Directed	cytokine	110.7619538968712
IL27	CX3CL1	Directed	cytokine	110.7619538968712
IL27	CXCL1	Directed	cytokine	110.7619538968712
IL27	CXCL10	Directed	cytokine	110.7619538968712
IL27	CXCL11	Directed	cytokine	110.7619538968712
IL27	CXCL8	Directed	cytokine	110.7619538968712
IL27	CXCL9	Directed	cytokine	110.7619538968712
IL27	CXCR4	Directed	cytokine	110.7619538968712
IL27	DEPP1	Directed	cytokine	110.7619538968712
IL27	DTX3L	Directed	cytokine	110.7619538968712
IL27	EIF2AK2	Directed	cytokine	110.7619538968712
IL27	ENG	Directed	cytokine	110.7619538968712
IL27	EOMES	Directed	cytokine	110.7619538968712
IL27	FAS	Directed	cytokine	110.7619538968712
IL27	FASLG	Directed	cytokine	110.7619538968712
IL27	FLT1	Directed	cytokine	110.7619538968712
IL27	FOXP3	Directed	cytokine	110.7619538968712
IL27	GBP1	Directed	cytokine	110.7619538968712
IL27	GBP2	Directed	cytokine	110.7619538968712
IL27	GBP3	Directed	cytokine	110.7619538968712
IL27	GZMB	Directed	cytokine	110.7619538968712
IL27	HLA-A	Directed	cytokine	110.7619538968712
IL27	HLA-B	Directed	cytokine	110.7619538968712
IL27	HLA-C	Directed	cytokine	110.7619538968712
IL27	HLA-DMA	Directed	cytokine	110.7619538968712
IL27	HLA-DMB	Directed	cytokine	110.7619538968712
IL27	HLA-DOA	Directed	cytokine	110.7619538968712
IL27	HLA-DOB	Directed	cytokine	110.7619538968712
IL27	HLA-DPA1	Directed	cytokine	110.7619538968712
IL27	HLA-DQA1	Directed	cytokine	110.7619538968712
IL27	HLA-DQB1	Directed	cytokine	110.7619538968712
IL27	HLA-DRA	Directed	cytokine	110.7619538968712
IL27	HLA-E	Directed	cytokine	110.7619538968712
IL27	ICAM1	Directed	cytokine	110.7619538968712
IL27	ICOS	Directed	cytokine	110.7619538968712
IL27	IDO1	Directed	cytokine	110.7619538968712
IL27	IFI16	Directed	cytokine	110.7619538968712
IL27	IFI27	Directed	cytokine	110.7619538968712
IL27	IFI35	Directed	cytokine	110.7619538968712
IL27	IFI6	Directed	cytokine	110.7619538968712
IL27	IFIT1	Directed	cytokine	110.7619538968712
IL27	IFIT2	Directed	cytokine	110.7619538968712
IL27	IFIT3	Directed	cytokine	110.7619538968712
IL27	IFIT5	Directed	cytokine	110.7619538968712
IL27	IFITM1	Directed	cytokine	110.7619538968712
IL27	IFITM2	Directed	cytokine	110.7619538968712
IL27	IFITM3	Directed	cytokine	110.7619538968712
IL27	IFNG	Directed	cytokine	110.7619538968712
IL27	IFNL1	Directed	cytokine	110.7619538968712
IL27	IL10	Directed	cytokine	110.7619538968712
IL27	IL10RB	Directed	cytokine	110.7619538968712
IL27	IL12A	Directed	cytokine	110.7619538968712
IL27	IL12B	Directed	cytokine	110.7619538968712
IL27	IL12RB2	Directed	cytokine	110.7619538968712
IL27	IL13	Directed	cytokine	110.7619538968712
IL27	IL15	Directed	cytokine	110.7619538968712
IL27	IL15RA	Directed	cytokine	110.7619538968712
IL27	IL17A	Directed	cytokine	110.7619538968712
IL27	IL17F	Directed	cytokine	110.7619538968712
IL27	IL18BP	Directed	cytokine	110.7619538968712
IL27	IL1B	Directed	cytokine	110.7619538968712
IL27	IL1RN	Directed	cytokine	110.7619538968712
IL27	IL2	Directed	cytokine	110.7619538968712
IL27	IL21	Directed	cytokine	110.7619538968712
IL27	IL22	Directed	cytokine	110.7619538968712
IL27	IL27RA	Directed	cytokine	110.7619538968712
IL27	IL2RA	Directed	cytokine	110.7619538968712
IL27	IL32	Directed	cytokine	110.7619538968712
IL27	IL4	Directed	cytokine	110.7619538968712
IL27	IL5	Directed	cytokine	110.7619538968712
IL27	IL6	Directed	cytokine	110.7619538968712
IL27	IL9	Directed	cytokine	110.7619538968712
IL27	IRF1	Directed	cytokine	110.7619538968712
IL27	IRF9	Directed	cytokine	110.7619538968712
IL27	ISG15	Directed	cytokine	110.7619538968712
IL27	ISG20	Directed	cytokine	110.7619538968712
IL27	ITGAM	Directed	cytokine	110.7619538968712
IL27	JAK2	Directed	cytokine	110.7619538968712
IL27	LAG3	Directed	cytokine	110.7619538968712
IL27	MCL1	Directed	cytokine	110.7619538968712
IL27	MRC1	Directed	cytokine	110.7619538968712
IL27	MX1	Directed	cytokine	110.7619538968712
IL27	MX2	Directed	cytokine	110.7619538968712
IL27	NOS2	Directed	cytokine	110.7619538968712
IL27	NRP2	Directed	cytokine	110.7619538968712
IL27	OAS1	Directed	cytokine	110.7619538968712
IL27	OAS2	Directed	cytokine	110.7619538968712
IL27	OAS3	Directed	cytokine	110.7619538968712
IL27	OASL	Directed	cytokine	110.7619538968712
IL27	PARP9	Directed	cytokine	110.7619538968712
IL27	PIM1	Directed	cytokine	110.7619538968712
IL27	PLAAT4	Directed	cytokine	110.7619538968712
IL27	PML	Directed	cytokine	110.7619538968712
IL27	PSMA4	Directed	cytokine	110.7619538968712
IL27	PSMB10	Directed	cytokine	110.7619538968712
IL27	PSMB8	Directed	cytokine	110.7619538968712
IL27	PSMB9	Directed	cytokine	110.7619538968712
IL27	PSME1	Directed	cytokine	110.7619538968712
IL27	PTGS2	Directed	cytokine	110.7619538968712
IL27	RSAD2	Directed	cytokine	110.7619538968712
IL27	S1PR1	Directed	cytokine	110.7619538968712
IL27	SAMHD1	Directed	cytokine	110.7619538968712
IL27	SOCS1	Directed	cytokine	110.7619538968712
IL27	SOCS3	Directed	cytokine	110.7619538968712
IL27	SP100	Directed	cytokine	110.7619538968712
IL27	STAT1	Directed	cytokine	110.7619538968712
IL27	STAT2	Directed	cytokine	110.7619538968712
IL27	STAT3	Directed	cytokine	110.7619538968712
IL27	STAT4	Directed	cytokine	110.7619538968712
IL27	TAP1	Directed	cytokine	110.7619538968712
IL27	TBX21	Directed	cytokine	110.7619538968712
IL27	TGFB1	Directed	cytokine	110.7619538968712
IL27	TLR3	Directed	cytokine	110.7619538968712
IL27	TNF	Directed	cytokine	110.7619538968712
IL27	TNFRSF4	Directed	cytokine	110.7619538968712
IL27	TNFSF10	Directed	cytokine	110.7619538968712
IL27	TNFSF11	Directed	cytokine	110.7619538968712
IL27	TNFSF13	Directed	cytokine	110.7619538968712
IL27	TNFSF13B	Directed	cytokine	110.7619538968712
IL27	TNFSF14	Directed	cytokine	110.7619538968712
IL27	TNFSF18	Directed	cytokine	110.7619538968712
IL27	TRIM14	Directed	cytokine	110.7619538968712
IL27	TRIM21	Directed	cytokine	110.7619538968712
IL27	TRIM22	Directed	cytokine	110.7619538968712
IL27	TRIM25	Directed	cytokine	110.7619538968712
IL27	UBD	Directed	cytokine	110.7619538968712
IL27	UBE2L6	Directed	cytokine	110.7619538968712
IL27	VCAM1	Directed	cytokine	110.7619538968712
IL27	XAF1	Directed	cytokine	110.7619538968712
IL3	ADAM19	Directed	cytokine	48.94309514866353
IL3	ADGRE1	Directed	cytokine	48.94309514866353
IL3	ADGRE5	Directed	cytokine	48.94309514866353
IL3	AKR1A1	Directed	cytokine	48.94309514866353
IL3	ALOX5AP	Directed	cytokine	48.94309514866353
IL3	ANPEP	Directed	cytokine	48.94309514866353
IL3	AREG	Directed	cytokine	48.94309514866353
IL3	ARHGDIB	Directed	cytokine	48.94309514866353
IL3	ARHGEF1	Directed	cytokine	48.94309514866353
IL3	ATF5	Directed	cytokine	48.94309514866353
IL3	BCL2L11	Directed	cytokine	48.94309514866353
IL3	BHLHE40	Directed	cytokine	48.94309514866353
IL3	BIRC3	Directed	cytokine	48.94309514866353
IL3	C1QA	Directed	cytokine	48.94309514866353
IL3	CALR	Directed	cytokine	48.94309514866353
IL3	CASP3	Directed	cytokine	48.94309514866353
IL3	CCL11	Directed	cytokine	48.94309514866353
IL3	CCL17	Directed	cytokine	48.94309514866353
IL3	CCL19	Directed	cytokine	48.94309514866353
IL3	CCL2	Directed	cytokine	48.94309514866353
IL3	CCL5	Directed	cytokine	48.94309514866353
IL3	CCND2	Directed	cytokine	48.94309514866353
IL3	CCND3	Directed	cytokine	48.94309514866353
IL3	CCR3	Directed	cytokine	48.94309514866353
IL3	CCT5	Directed	cytokine	48.94309514866353
IL3	CD14	Directed	cytokine	48.94309514866353
IL3	CD247	Directed	cytokine	48.94309514866353
IL3	CD3D	Directed	cytokine	48.94309514866353
IL3	CD3G	Directed	cytokine	48.94309514866353
IL3	CD40	Directed	cytokine	48.94309514866353
IL3	CD40LG	Directed	cytokine	48.94309514866353
IL3	CD48	Directed	cytokine	48.94309514866353
IL3	CD53	Directed	cytokine	48.94309514866353
IL3	CD63	Directed	cytokine	48.94309514866353
IL3	CD68	Directed	cytokine	48.94309514866353
IL3	CD69	Directed	cytokine	48.94309514866353
IL3	CD80	Directed	cytokine	48.94309514866353
IL3	CD83	Directed	cytokine	48.94309514866353
IL3	CD86	Directed	cytokine	48.94309514866353
IL3	CDKN1A	Directed	cytokine	48.94309514866353
IL3	CISH	Directed	cytokine	48.94309514866353
IL3	CLEC4C	Directed	cytokine	48.94309514866353
IL3	CREM	Directed	cytokine	48.94309514866353
IL3	CSF1	Directed	cytokine	48.94309514866353
IL3	CSF1R	Directed	cytokine	48.94309514866353
IL3	CSF2	Directed	cytokine	48.94309514866353
IL3	CSF3	Directed	cytokine	48.94309514866353
IL3	CSF3R	Directed	cytokine	48.94309514866353
IL3	CTLA4	Directed	cytokine	48.94309514866353
IL3	CXCL8	Directed	cytokine	48.94309514866353
IL3	CXCL9	Directed	cytokine	48.94309514866353
IL3	CXCR4	Directed	cytokine	48.94309514866353
IL3	DOK2	Directed	cytokine	48.94309514866353
IL3	EIF2AK2	Directed	cytokine	48.94309514866353
IL3	EMP3	Directed	cytokine	48.94309514866353
IL3	FAS	Directed	cytokine	48.94309514866353
IL3	FCER2	Directed	cytokine	48.94309514866353
IL3	FCGR2A	Directed	cytokine	48.94309514866353
IL3	FCGR2B	Directed	cytokine	48.94309514866353
IL3	GADD45B	Directed	cytokine	48.94309514866353
IL3	GART	Directed	cytokine	48.94309514866353
IL3	GNA13	Directed	cytokine	48.94309514866353
IL3	GP5	Directed	cytokine	48.94309514866353
IL3	GPX1	Directed	cytokine	48.94309514866353
IL3	GZMA	Directed	cytokine	48.94309514866353
IL3	GZMB	Directed	cytokine	48.94309514866353
IL3	HBEGF	Directed	cytokine	48.94309514866353
IL3	HK2	Directed	cytokine	48.94309514866353
IL3	HLA-A	Directed	cytokine	48.94309514866353
IL3	HSP90B1	Directed	cytokine	48.94309514866353
IL3	HSPA5	Directed	cytokine	48.94309514866353
IL3	ICAM1	Directed	cytokine	48.94309514866353
IL3	IL12B	Directed	cytokine	48.94309514866353
IL3	IL13	Directed	cytokine	48.94309514866353
IL3	IL1B	Directed	cytokine	48.94309514866353
IL3	IL1RL1	Directed	cytokine	48.94309514866353
IL3	IL2RA	Directed	cytokine	48.94309514866353
IL3	IL3	Directed	cytokine	48.94309514866353
IL3	IL3RA	Directed	cytokine	48.94309514866353
IL3	IL4	Directed	cytokine	48.94309514866353
IL3	IL5	Directed	cytokine	48.94309514866353
IL3	IL6	Directed	cytokine	48.94309514866353
IL3	ITGAM	Directed	cytokine	48.94309514866353
IL3	ITGAX	Directed	cytokine	48.94309514866353
IL3	ITGB3	Directed	cytokine	48.94309514866353
IL3	ITGB7	Directed	cytokine	48.94309514866353
IL3	JCHAIN	Directed	cytokine	48.94309514866353
IL3	JUNB	Directed	cytokine	48.94309514866353
IL3	KLF1	Directed	cytokine	48.94309514866353
IL3	LAMP3	Directed	cytokine	48.94309514866353
IL3	LCN2	Directed	cytokine	48.94309514866353
IL3	LIF	Directed	cytokine	48.94309514866353
IL3	LTA	Directed	cytokine	48.94309514866353
IL3	LTF	Directed	cytokine	48.94309514866353
IL3	LY75	Directed	cytokine	48.94309514866353
IL3	LY9	Directed	cytokine	48.94309514866353
IL3	LYN	Directed	cytokine	48.94309514866353
IL3	MAN2B1	Directed	cytokine	48.94309514866353
IL3	MCL1	Directed	cytokine	48.94309514866353
IL3	MMP1	Directed	cytokine	48.94309514866353
IL3	MMP13	Directed	cytokine	48.94309514866353
IL3	MMP3	Directed	cytokine	48.94309514866353
IL3	MPO	Directed	cytokine	48.94309514866353
IL3	NCF1	Directed	cytokine	48.94309514866353
IL3	NFIL3	Directed	cytokine	48.94309514866353
IL3	ODC1	Directed	cytokine	48.94309514866353
IL3	OSM	Directed	cytokine	48.94309514866353
IL3	PDE1B	Directed	cytokine	48.94309514866353
IL3	PDPN	Directed	cytokine	48.94309514866353
IL3	PIM1	Directed	cytokine	48.94309514866353
IL3	PIM2	Directed	cytokine	48.94309514866353
IL3	PLA2G7	Directed	cytokine	48.94309514866353
IL3	PLCB2	Directed	cytokine	48.94309514866353
IL3	PSMA5	Directed	cytokine	48.94309514866353
IL3	PSMB3	Directed	cytokine	48.94309514866353
IL3	PSMC4	Directed	cytokine	48.94309514866353
IL3	PSME1	Directed	cytokine	48.94309514866353
IL3	PTPN22	Directed	cytokine	48.94309514866353
IL3	RAN	Directed	cytokine	48.94309514866353
IL3	RB1	Directed	cytokine	48.94309514866353
IL3	SELE	Directed	cytokine	48.94309514866353
IL3	SELL	Directed	cytokine	48.94309514866353
IL3	SLAMF7	Directed	cytokine	48.94309514866353
IL3	SLC2A3	Directed	cytokine	48.94309514866353
IL3	SOCS1	Directed	cytokine	48.94309514866353
IL3	SOCS3	Directed	cytokine	48.94309514866353
IL3	SPI1	Directed	cytokine	48.94309514866353
IL3	SPP1	Directed	cytokine	48.94309514866353
IL3	STAT4	Directed	cytokine	48.94309514866353
IL3	TARS1	Directed	cytokine	48.94309514866353
IL3	TLR2	Directed	cytokine	48.94309514866353
IL3	TLR4	Directed	cytokine	48.94309514866353
IL3	TNF	Directed	cytokine	48.94309514866353
IL3	TNFRSF1B	Directed	cytokine	48.94309514866353
IL3	TNFRSF4	Directed	cytokine	48.94309514866353
IL3	TNFRSF9	Directed	cytokine	48.94309514866353
IL3	TNFSF10	Directed	cytokine	48.94309514866353
IL3	TNFSF11	Directed	cytokine	48.94309514866353
IL3	TNFSF8	Directed	cytokine	48.94309514866353
IL3	UCP2	Directed	cytokine	48.94309514866353
IL3	VASP	Directed	cytokine	48.94309514866353
IL3	VCAM1	Directed	cytokine	48.94309514866353
IL3	VEGFA	Directed	cytokine	48.94309514866353
IL31	CCL2	Directed	cytokine	3.040005161671584
IL31	CD86	Directed	cytokine	3.040005161671584
IL31	CISH	Directed	cytokine	3.040005161671584
IL31	IL6	Directed	cytokine	3.040005161671584
IL31	JUNB	Directed	cytokine	3.040005161671584
IL31	RB1	Directed	cytokine	3.040005161671584
IL31	SOCS1	Directed	cytokine	3.040005161671584
IL31	SOCS2	Directed	cytokine	3.040005161671584
IL31	SOCS3	Directed	cytokine	3.040005161671584
IL32	BAX	Directed	cytokine	19.292429823902065
IL32	CASP1	Directed	cytokine	19.292429823902065
IL32	CCL2	Directed	cytokine	19.292429823902065
IL32	CCL3	Directed	cytokine	19.292429823902065
IL32	CCL4	Directed	cytokine	19.292429823902065
IL32	CD274	Directed	cytokine	19.292429823902065
IL32	CXCL1	Directed	cytokine	19.292429823902065
IL32	CXCL8	Directed	cytokine	19.292429823902065
IL32	DCSTAMP	Directed	cytokine	19.292429823902065
IL32	EIF2AK2	Directed	cytokine	19.292429823902065
IL32	FAS	Directed	cytokine	19.292429823902065
IL32	ICAM1	Directed	cytokine	19.292429823902065
IL32	IDO1	Directed	cytokine	19.292429823902065
IL32	IDO2	Directed	cytokine	19.292429823902065
IL32	IL10	Directed	cytokine	19.292429823902065
IL32	IL12B	Directed	cytokine	19.292429823902065
IL32	IL1B	Directed	cytokine	19.292429823902065
IL32	IL23A	Directed	cytokine	19.292429823902065
IL32	IL32	Directed	cytokine	19.292429823902065
IL32	IL6	Directed	cytokine	19.292429823902065
IL32	ITGAM	Directed	cytokine	19.292429823902065
IL32	ITGB2	Directed	cytokine	19.292429823902065
IL32	MCL1	Directed	cytokine	19.292429823902065
IL32	MMP13	Directed	cytokine	19.292429823902065
IL32	MMP9	Directed	cytokine	19.292429823902065
IL32	MX1	Directed	cytokine	19.292429823902065
IL32	NOS2	Directed	cytokine	19.292429823902065
IL32	OSCAR	Directed	cytokine	19.292429823902065
IL32	PTGS2	Directed	cytokine	19.292429823902065
IL32	SAMHD1	Directed	cytokine	19.292429823902065
IL32	SPI1	Directed	cytokine	19.292429823902065
IL32	TDO2	Directed	cytokine	19.292429823902065
IL32	TNF	Directed	cytokine	19.292429823902065
IL32	TNFRSF11B	Directed	cytokine	19.292429823902065
IL32	TNFSF11	Directed	cytokine	19.292429823902065
IL32	ULBP2	Directed	cytokine	19.292429823902065
IL33	ACTB	Directed	cytokine	84.23732143627257
IL33	ADAMTS1	Directed	cytokine	84.23732143627257
IL33	ADGRE3	Directed	cytokine	84.23732143627257
IL33	ALDH1A3	Directed	cytokine	84.23732143627257
IL33	AREG	Directed	cytokine	84.23732143627257
IL33	ARFGAP3	Directed	cytokine	84.23732143627257
IL33	ARHGAP30	Directed	cytokine	84.23732143627257
IL33	ARHGAP9	Directed	cytokine	84.23732143627257
IL33	ATP10A	Directed	cytokine	84.23732143627257
IL33	ATP5F1E	Directed	cytokine	84.23732143627257
IL33	ATP8B4	Directed	cytokine	84.23732143627257
IL33	BATF	Directed	cytokine	84.23732143627257
IL33	BATF3	Directed	cytokine	84.23732143627257
IL33	BAX	Directed	cytokine	84.23732143627257
IL33	BCL2L11	Directed	cytokine	84.23732143627257
IL33	BCL3	Directed	cytokine	84.23732143627257
IL33	CALCA	Directed	cytokine	84.23732143627257
IL33	CASP1	Directed	cytokine	84.23732143627257
IL33	CCL1	Directed	cytokine	84.23732143627257
IL33	CCL11	Directed	cytokine	84.23732143627257
IL33	CCL17	Directed	cytokine	84.23732143627257
IL33	CCL18	Directed	cytokine	84.23732143627257
IL33	CCL2	Directed	cytokine	84.23732143627257
IL33	CCL22	Directed	cytokine	84.23732143627257
IL33	CCL3	Directed	cytokine	84.23732143627257
IL33	CCL5	Directed	cytokine	84.23732143627257
IL33	CCR1	Directed	cytokine	84.23732143627257
IL33	CCR2	Directed	cytokine	84.23732143627257
IL33	CCR4	Directed	cytokine	84.23732143627257
IL33	CD28	Directed	cytokine	84.23732143627257
IL33	CD40	Directed	cytokine	84.23732143627257
IL33	CD52	Directed	cytokine	84.23732143627257
IL33	CD53	Directed	cytokine	84.23732143627257
IL33	CD69	Directed	cytokine	84.23732143627257
IL33	CD72	Directed	cytokine	84.23732143627257
IL33	CD80	Directed	cytokine	84.23732143627257
IL33	CD83	Directed	cytokine	84.23732143627257
IL33	CD86	Directed	cytokine	84.23732143627257
IL33	CHST11	Directed	cytokine	84.23732143627257
IL33	CISH	Directed	cytokine	84.23732143627257
IL33	CLEC4E	Directed	cytokine	84.23732143627257
IL33	CLEC7A	Directed	cytokine	84.23732143627257
IL33	CREM	Directed	cytokine	84.23732143627257
IL33	CSF2	Directed	cytokine	84.23732143627257
IL33	CSF3R	Directed	cytokine	84.23732143627257
IL33	CX3CL1	Directed	cytokine	84.23732143627257
IL33	CXCL1	Directed	cytokine	84.23732143627257
IL33	CXCL10	Directed	cytokine	84.23732143627257
IL33	CXCL11	Directed	cytokine	84.23732143627257
IL33	CXCL16	Directed	cytokine	84.23732143627257
IL33	CXCL2	Directed	cytokine	84.23732143627257
IL33	CXCL8	Directed	cytokine	84.23732143627257
IL33	CXCR2	Directed	cytokine	84.23732143627257
IL33	DEFB4A	Directed	cytokine	84.23732143627257
IL33	DOCK2	Directed	cytokine	84.23732143627257
IL33	EBI3	Directed	cytokine	84.23732143627257
IL33	EHD1	Directed	cytokine	84.23732143627257
IL33	ELMO1	Directed	cytokine	84.23732143627257
IL33	ETS1	Directed	cytokine	84.23732143627257
IL33	FAR1	Directed	cytokine	84.23732143627257
IL33	FAS	Directed	cytokine	84.23732143627257
IL33	FGD2	Directed	cytokine	84.23732143627257
IL33	FGL2	Directed	cytokine	84.23732143627257
IL33	FGR	Directed	cytokine	84.23732143627257
IL33	FLT1	Directed	cytokine	84.23732143627257
IL33	FOXP3	Directed	cytokine	84.23732143627257
IL33	FPR1	Directed	cytokine	84.23732143627257
IL33	FPR2	Directed	cytokine	84.23732143627257
IL33	G0S2	Directed	cytokine	84.23732143627257
IL33	GADD45B	Directed	cytokine	84.23732143627257
IL33	GFI1	Directed	cytokine	84.23732143627257
IL33	GNA13	Directed	cytokine	84.23732143627257
IL33	GPR65	Directed	cytokine	84.23732143627257
IL33	HAVCR2	Directed	cytokine	84.23732143627257
IL33	HCAR2	Directed	cytokine	84.23732143627257
IL33	HCK	Directed	cytokine	84.23732143627257
IL33	HIF1A	Directed	cytokine	84.23732143627257
IL33	HSPE1	Directed	cytokine	84.23732143627257
IL33	ICAM1	Directed	cytokine	84.23732143627257
IL33	ICOS	Directed	cytokine	84.23732143627257
IL33	IER3	Directed	cytokine	84.23732143627257
IL33	IFNG	Directed	cytokine	84.23732143627257
IL33	IGHM	Directed	cytokine	84.23732143627257
IL33	IKBKE	Directed	cytokine	84.23732143627257
IL33	IKZF3	Directed	cytokine	84.23732143627257
IL33	IL10	Directed	cytokine	84.23732143627257
IL33	IL10RA	Directed	cytokine	84.23732143627257
IL33	IL13	Directed	cytokine	84.23732143627257
IL33	IL15	Directed	cytokine	84.23732143627257
IL33	IL17A	Directed	cytokine	84.23732143627257
IL33	IL17F	Directed	cytokine	84.23732143627257
IL33	IL1B	Directed	cytokine	84.23732143627257
IL33	IL1RL1	Directed	cytokine	84.23732143627257
IL33	IL1RN	Directed	cytokine	84.23732143627257
IL33	IL2	Directed	cytokine	84.23732143627257
IL33	IL2RA	Directed	cytokine	84.23732143627257
IL33	IL2RB	Directed	cytokine	84.23732143627257
IL33	IL2RG	Directed	cytokine	84.23732143627257
IL33	IL3	Directed	cytokine	84.23732143627257
IL33	IL32	Directed	cytokine	84.23732143627257
IL33	IL4	Directed	cytokine	84.23732143627257
IL33	IL4R	Directed	cytokine	84.23732143627257
IL33	IL5	Directed	cytokine	84.23732143627257
IL33	IL6	Directed	cytokine	84.23732143627257
IL33	IL7R	Directed	cytokine	84.23732143627257
IL33	IL9	Directed	cytokine	84.23732143627257
IL33	IRF5	Directed	cytokine	84.23732143627257
IL33	IRF7	Directed	cytokine	84.23732143627257
IL33	ITGA5	Directed	cytokine	84.23732143627257
IL33	ITGAM	Directed	cytokine	84.23732143627257
IL33	ITGAX	Directed	cytokine	84.23732143627257
IL33	ITIH1	Directed	cytokine	84.23732143627257
IL33	JAK2	Directed	cytokine	84.23732143627257
IL33	JUNB	Directed	cytokine	84.23732143627257
IL33	MARCKS	Directed	cytokine	84.23732143627257
IL33	MCEMP1	Directed	cytokine	84.23732143627257
IL33	MILR1	Directed	cytokine	84.23732143627257
IL33	MMP12	Directed	cytokine	84.23732143627257
IL33	MMP9	Directed	cytokine	84.23732143627257
IL33	MSR1	Directed	cytokine	84.23732143627257
IL33	NABP1	Directed	cytokine	84.23732143627257
IL33	NCF4	Directed	cytokine	84.23732143627257
IL33	NFIL3	Directed	cytokine	84.23732143627257
IL33	NFKB1	Directed	cytokine	84.23732143627257
IL33	NFKB2	Directed	cytokine	84.23732143627257
IL33	NFKBIA	Directed	cytokine	84.23732143627257
IL33	NFKBIB	Directed	cytokine	84.23732143627257
IL33	NFKBID	Directed	cytokine	84.23732143627257
IL33	NFKBIE	Directed	cytokine	84.23732143627257
IL33	NLRP3	Directed	cytokine	84.23732143627257
IL33	NOS2	Directed	cytokine	84.23732143627257
IL33	NT5E	Directed	cytokine	84.23732143627257
IL33	ODC1	Directed	cytokine	84.23732143627257
IL33	PCSK1	Directed	cytokine	84.23732143627257
IL33	PDCD1	Directed	cytokine	84.23732143627257
IL33	PEA15	Directed	cytokine	84.23732143627257
IL33	PGK1	Directed	cytokine	84.23732143627257
IL33	PIK3CD	Directed	cytokine	84.23732143627257
IL33	PIK3R5	Directed	cytokine	84.23732143627257
IL33	PILRA	Directed	cytokine	84.23732143627257
IL33	PIM2	Directed	cytokine	84.23732143627257
IL33	POU2F2	Directed	cytokine	84.23732143627257
IL33	PTGER4	Directed	cytokine	84.23732143627257
IL33	PTPRC	Directed	cytokine	84.23732143627257
IL33	RAPGEF1	Directed	cytokine	84.23732143627257
IL33	RASGRP1	Directed	cytokine	84.23732143627257
IL33	RASSF4	Directed	cytokine	84.23732143627257
IL33	RELB	Directed	cytokine	84.23732143627257
IL33	RGS1	Directed	cytokine	84.23732143627257
IL33	RGS10	Directed	cytokine	84.23732143627257
IL33	RIPK2	Directed	cytokine	84.23732143627257
IL33	S100A8	Directed	cytokine	84.23732143627257
IL33	S100A9	Directed	cytokine	84.23732143627257
IL33	SELPLG	Directed	cytokine	84.23732143627257
IL33	SERPINE1	Directed	cytokine	84.23732143627257
IL33	SIGLEC1	Directed	cytokine	84.23732143627257
IL33	SLC26A4	Directed	cytokine	84.23732143627257
IL33	SOCS3	Directed	cytokine	84.23732143627257
IL33	SOD2	Directed	cytokine	84.23732143627257
IL33	SPI1	Directed	cytokine	84.23732143627257
IL33	ST3GAL5	Directed	cytokine	84.23732143627257
IL33	STAT5A	Directed	cytokine	84.23732143627257
IL33	STX11	Directed	cytokine	84.23732143627257
IL33	SUCNR1	Directed	cytokine	84.23732143627257
IL33	TFEC	Directed	cytokine	84.23732143627257
IL33	TGFB1	Directed	cytokine	84.23732143627257
IL33	THEMIS2	Directed	cytokine	84.23732143627257
IL33	TIFAB	Directed	cytokine	84.23732143627257
IL33	TIGIT	Directed	cytokine	84.23732143627257
IL33	TIMP1	Directed	cytokine	84.23732143627257
IL33	TLR2	Directed	cytokine	84.23732143627257
IL33	TNF	Directed	cytokine	84.23732143627257
IL33	TNFAIP2	Directed	cytokine	84.23732143627257
IL33	TNFAIP3	Directed	cytokine	84.23732143627257
IL33	TNFRSF13B	Directed	cytokine	84.23732143627257
IL33	TNFRSF1B	Directed	cytokine	84.23732143627257
IL33	TNFRSF4	Directed	cytokine	84.23732143627257
IL33	TNFRSF9	Directed	cytokine	84.23732143627257
IL33	TNFSF10	Directed	cytokine	84.23732143627257
IL33	TNFSF11	Directed	cytokine	84.23732143627257
IL33	TNFSF14	Directed	cytokine	84.23732143627257
IL33	TPI1	Directed	cytokine	84.23732143627257
IL33	TRAF1	Directed	cytokine	84.23732143627257
IL33	TRAF3	Directed	cytokine	84.23732143627257
IL33	TRPV2	Directed	cytokine	84.23732143627257
IL33	TUBB6	Directed	cytokine	84.23732143627257
IL33	TYROBP	Directed	cytokine	84.23732143627257
IL33	VASH1	Directed	cytokine	84.23732143627257
IL33	VCAM1	Directed	cytokine	84.23732143627257
IL33	VEGFA	Directed	cytokine	84.23732143627257
IL33	VEGFC	Directed	cytokine	84.23732143627257
IL33	VMP1	Directed	cytokine	84.23732143627257
IL33	ZC3H12A	Directed	cytokine	84.23732143627257
IL33	ZFP36	Directed	cytokine	84.23732143627257
IL36G	CCL11	Directed	cytokine	23.723538195826755
IL36G	CCL17	Directed	cytokine	23.723538195826755
IL36G	CCL20	Directed	cytokine	23.723538195826755
IL36G	CCL22	Directed	cytokine	23.723538195826755
IL36G	CD83	Directed	cytokine	23.723538195826755
IL36G	CSF2	Directed	cytokine	23.723538195826755
IL36G	CSF3	Directed	cytokine	23.723538195826755
IL36G	CX3CL1	Directed	cytokine	23.723538195826755
IL36G	CXCL1	Directed	cytokine	23.723538195826755
IL36G	CXCL10	Directed	cytokine	23.723538195826755
IL36G	CXCL11	Directed	cytokine	23.723538195826755
IL36G	CXCL2	Directed	cytokine	23.723538195826755
IL36G	CXCL8	Directed	cytokine	23.723538195826755
IL36G	CXCR4	Directed	cytokine	23.723538195826755
IL36G	DEFB4A	Directed	cytokine	23.723538195826755
IL36G	FFAR2	Directed	cytokine	23.723538195826755
IL36G	FLT3	Directed	cytokine	23.723538195826755
IL36G	IFNG	Directed	cytokine	23.723538195826755
IL36G	IL12A	Directed	cytokine	23.723538195826755
IL36G	IL12B	Directed	cytokine	23.723538195826755
IL36G	IL12RB2	Directed	cytokine	23.723538195826755
IL36G	IL17A	Directed	cytokine	23.723538195826755
IL36G	IL18R1	Directed	cytokine	23.723538195826755
IL36G	IL1B	Directed	cytokine	23.723538195826755
IL36G	IL1RN	Directed	cytokine	23.723538195826755
IL36G	IL23A	Directed	cytokine	23.723538195826755
IL36G	IL32	Directed	cytokine	23.723538195826755
IL36G	IL4	Directed	cytokine	23.723538195826755
IL36G	IL6	Directed	cytokine	23.723538195826755
IL36G	ITGB2	Directed	cytokine	23.723538195826755
IL36G	MMP9	Directed	cytokine	23.723538195826755
IL36G	MRC1	Directed	cytokine	23.723538195826755
IL36G	PIK3CD	Directed	cytokine	23.723538195826755
IL36G	PIK3CG	Directed	cytokine	23.723538195826755
IL36G	SMAD7	Directed	cytokine	23.723538195826755
IL36G	STAT4	Directed	cytokine	23.723538195826755
IL36G	TBX21	Directed	cytokine	23.723538195826755
IL36G	TLR4	Directed	cytokine	23.723538195826755
IL36G	TNF	Directed	cytokine	23.723538195826755
IL36G	TNFSF15	Directed	cytokine	23.723538195826755
IL36G	VEGFA	Directed	cytokine	23.723538195826755
IL36G	ZC3H12A	Directed	cytokine	23.723538195826755
IL4	ACOD1	Directed	cytokine	184.89962945488244
IL4	ACP2	Directed	cytokine	184.89962945488244
IL4	ACSL4	Directed	cytokine	184.89962945488244
IL4	ACSL6	Directed	cytokine	184.89962945488244
IL4	ACTB	Directed	cytokine	184.89962945488244
IL4	ACTG1	Directed	cytokine	184.89962945488244
IL4	ADAM19	Directed	cytokine	184.89962945488244
IL4	ADAM8	Directed	cytokine	184.89962945488244
IL4	ADAMTS4	Directed	cytokine	184.89962945488244
IL4	ADAP1	Directed	cytokine	184.89962945488244
IL4	ADGRE1	Directed	cytokine	184.89962945488244
IL4	ADORA2A	Directed	cytokine	184.89962945488244
IL4	ALAS1	Directed	cytokine	184.89962945488244
IL4	ALOX15	Directed	cytokine	184.89962945488244
IL4	ALOX5	Directed	cytokine	184.89962945488244
IL4	ALOX5AP	Directed	cytokine	184.89962945488244
IL4	ANXA1	Directed	cytokine	184.89962945488244
IL4	ANXA6	Directed	cytokine	184.89962945488244
IL4	APOL6	Directed	cytokine	184.89962945488244
IL4	AREG	Directed	cytokine	184.89962945488244
IL4	ARID5A	Directed	cytokine	184.89962945488244
IL4	ARSB	Directed	cytokine	184.89962945488244
IL4	ASCC3	Directed	cytokine	184.89962945488244
IL4	ASS1	Directed	cytokine	184.89962945488244
IL4	BANF1	Directed	cytokine	184.89962945488244
IL4	BATF	Directed	cytokine	184.89962945488244
IL4	BAX	Directed	cytokine	184.89962945488244
IL4	BCL3	Directed	cytokine	184.89962945488244
IL4	BHLHE40	Directed	cytokine	184.89962945488244
IL4	BMAL2	Directed	cytokine	184.89962945488244
IL4	BST2	Directed	cytokine	184.89962945488244
IL4	C15orf48	Directed	cytokine	184.89962945488244
IL4	C3	Directed	cytokine	184.89962945488244
IL4	C5AR1	Directed	cytokine	184.89962945488244
IL4	CA2	Directed	cytokine	184.89962945488244
IL4	CARD16	Directed	cytokine	184.89962945488244
IL4	CASP3	Directed	cytokine	184.89962945488244
IL4	CCL1	Directed	cytokine	184.89962945488244
IL4	CCL11	Directed	cytokine	184.89962945488244
IL4	CCL13	Directed	cytokine	184.89962945488244
IL4	CCL17	Directed	cytokine	184.89962945488244
IL4	CCL18	Directed	cytokine	184.89962945488244
IL4	CCL2	Directed	cytokine	184.89962945488244
IL4	CCL20	Directed	cytokine	184.89962945488244
IL4	CCL22	Directed	cytokine	184.89962945488244
IL4	CCL25	Directed	cytokine	184.89962945488244
IL4	CCL26	Directed	cytokine	184.89962945488244
IL4	CCL3	Directed	cytokine	184.89962945488244
IL4	CCL4	Directed	cytokine	184.89962945488244
IL4	CCL5	Directed	cytokine	184.89962945488244
IL4	CCL7	Directed	cytokine	184.89962945488244
IL4	CCL8	Directed	cytokine	184.89962945488244
IL4	CCND2	Directed	cytokine	184.89962945488244
IL4	CCND3	Directed	cytokine	184.89962945488244
IL4	CCR1	Directed	cytokine	184.89962945488244
IL4	CCR3	Directed	cytokine	184.89962945488244
IL4	CCR4	Directed	cytokine	184.89962945488244
IL4	CCR5	Directed	cytokine	184.89962945488244
IL4	CCR6	Directed	cytokine	184.89962945488244
IL4	CCR7	Directed	cytokine	184.89962945488244
IL4	CCR8	Directed	cytokine	184.89962945488244
IL4	CCRL2	Directed	cytokine	184.89962945488244
IL4	CD14	Directed	cytokine	184.89962945488244
IL4	CD163	Directed	cytokine	184.89962945488244
IL4	CD1B	Directed	cytokine	184.89962945488244
IL4	CD1C	Directed	cytokine	184.89962945488244
IL4	CD2	Directed	cytokine	184.89962945488244
IL4	CD200	Directed	cytokine	184.89962945488244
IL4	CD209	Directed	cytokine	184.89962945488244
IL4	CD274	Directed	cytokine	184.89962945488244
IL4	CD300A	Directed	cytokine	184.89962945488244
IL4	CD300LF	Directed	cytokine	184.89962945488244
IL4	CD33	Directed	cytokine	184.89962945488244
IL4	CD38	Directed	cytokine	184.89962945488244
IL4	CD40	Directed	cytokine	184.89962945488244
IL4	CD40LG	Directed	cytokine	184.89962945488244
IL4	CD5	Directed	cytokine	184.89962945488244
IL4	CD6	Directed	cytokine	184.89962945488244
IL4	CD69	Directed	cytokine	184.89962945488244
IL4	CD72	Directed	cytokine	184.89962945488244
IL4	CD74	Directed	cytokine	184.89962945488244
IL4	CD79A	Directed	cytokine	184.89962945488244
IL4	CD79B	Directed	cytokine	184.89962945488244
IL4	CD80	Directed	cytokine	184.89962945488244
IL4	CD83	Directed	cytokine	184.89962945488244
IL4	CD86	Directed	cytokine	184.89962945488244
IL4	CD8A	Directed	cytokine	184.89962945488244
IL4	CD8B	Directed	cytokine	184.89962945488244
IL4	CDKN1A	Directed	cytokine	184.89962945488244
IL4	CELF2	Directed	cytokine	184.89962945488244
IL4	CFLAR	Directed	cytokine	184.89962945488244
IL4	CH25H	Directed	cytokine	184.89962945488244
IL4	CIITA	Directed	cytokine	184.89962945488244
IL4	CIMAP1B	Directed	cytokine	184.89962945488244
IL4	CISH	Directed	cytokine	184.89962945488244
IL4	CKAP4	Directed	cytokine	184.89962945488244
IL4	CLEC4C	Directed	cytokine	184.89962945488244
IL4	CLEC4G	Directed	cytokine	184.89962945488244
IL4	CLEC7A	Directed	cytokine	184.89962945488244
IL4	CMPK2	Directed	cytokine	184.89962945488244
IL4	CMTR1	Directed	cytokine	184.89962945488244
IL4	CNR2	Directed	cytokine	184.89962945488244
IL4	CRISPLD2	Directed	cytokine	184.89962945488244
IL4	CRLF2	Directed	cytokine	184.89962945488244
IL4	CSF1	Directed	cytokine	184.89962945488244
IL4	CSF1R	Directed	cytokine	184.89962945488244
IL4	CSF2	Directed	cytokine	184.89962945488244
IL4	CSF2RB	Directed	cytokine	184.89962945488244
IL4	CSF3	Directed	cytokine	184.89962945488244
IL4	CSF3R	Directed	cytokine	184.89962945488244
IL4	CST7	Directed	cytokine	184.89962945488244
IL4	CTLA4	Directed	cytokine	184.89962945488244
IL4	CTSC	Directed	cytokine	184.89962945488244
IL4	CTSL	Directed	cytokine	184.89962945488244
IL4	CX3CL1	Directed	cytokine	184.89962945488244
IL4	CXCL1	Directed	cytokine	184.89962945488244
IL4	CXCL10	Directed	cytokine	184.89962945488244
IL4	CXCL11	Directed	cytokine	184.89962945488244
IL4	CXCL16	Directed	cytokine	184.89962945488244
IL4	CXCL6	Directed	cytokine	184.89962945488244
IL4	CXCL8	Directed	cytokine	184.89962945488244
IL4	CXCL9	Directed	cytokine	184.89962945488244
IL4	CXCR1	Directed	cytokine	184.89962945488244
IL4	CXCR2	Directed	cytokine	184.89962945488244
IL4	CXCR3	Directed	cytokine	184.89962945488244
IL4	CXCR4	Directed	cytokine	184.89962945488244
IL4	CXCR5	Directed	cytokine	184.89962945488244
IL4	CYBB	Directed	cytokine	184.89962945488244
IL4	CYRIA	Directed	cytokine	184.89962945488244
IL4	CYSLTR2	Directed	cytokine	184.89962945488244
IL4	CYTH1	Directed	cytokine	184.89962945488244
IL4	DCSTAMP	Directed	cytokine	184.89962945488244
IL4	DDIT4	Directed	cytokine	184.89962945488244
IL4	DDX60	Directed	cytokine	184.89962945488244
IL4	DDX60L	Directed	cytokine	184.89962945488244
IL4	DEFB103B	Directed	cytokine	184.89962945488244
IL4	DEFB4A	Directed	cytokine	184.89962945488244
IL4	DENND4A	Directed	cytokine	184.89962945488244
IL4	DHX58	Directed	cytokine	184.89962945488244
IL4	DNASE1L3	Directed	cytokine	184.89962945488244
IL4	DOCK10	Directed	cytokine	184.89962945488244
IL4	DTX3L	Directed	cytokine	184.89962945488244
IL4	DUSP10	Directed	cytokine	184.89962945488244
IL4	EBI3	Directed	cytokine	184.89962945488244
IL4	EFHD2	Directed	cytokine	184.89962945488244
IL4	EIF2AK2	Directed	cytokine	184.89962945488244
IL4	EIF4A1	Directed	cytokine	184.89962945488244
IL4	ELAVL4	Directed	cytokine	184.89962945488244
IL4	EOMES	Directed	cytokine	184.89962945488244
IL4	EPOP	Directed	cytokine	184.89962945488244
IL4	FAS	Directed	cytokine	184.89962945488244
IL4	FASLG	Directed	cytokine	184.89962945488244
IL4	FCAR	Directed	cytokine	184.89962945488244
IL4	FCER1G	Directed	cytokine	184.89962945488244
IL4	FCER2	Directed	cytokine	184.89962945488244
IL4	FCGR1A	Directed	cytokine	184.89962945488244
IL4	FCGR2A	Directed	cytokine	184.89962945488244
IL4	FCGR2B	Directed	cytokine	184.89962945488244
IL4	FCGR3A	Directed	cytokine	184.89962945488244
IL4	FFAR2	Directed	cytokine	184.89962945488244
IL4	FLI1	Directed	cytokine	184.89962945488244
IL4	FLT1	Directed	cytokine	184.89962945488244
IL4	FLT3LG	Directed	cytokine	184.89962945488244
IL4	FOXP3	Directed	cytokine	184.89962945488244
IL4	FPR1	Directed	cytokine	184.89962945488244
IL4	FPR2	Directed	cytokine	184.89962945488244
IL4	FSCN1	Directed	cytokine	184.89962945488244
IL4	FUT7	Directed	cytokine	184.89962945488244
IL4	GADD45B	Directed	cytokine	184.89962945488244
IL4	GBP1	Directed	cytokine	184.89962945488244
IL4	GFI1	Directed	cytokine	184.89962945488244
IL4	GLIPR2	Directed	cytokine	184.89962945488244
IL4	GNA14	Directed	cytokine	184.89962945488244
IL4	GNA15	Directed	cytokine	184.89962945488244
IL4	GP5	Directed	cytokine	184.89962945488244
IL4	GPR18	Directed	cytokine	184.89962945488244
IL4	GPR84	Directed	cytokine	184.89962945488244
IL4	GZMA	Directed	cytokine	184.89962945488244
IL4	GZMB	Directed	cytokine	184.89962945488244
IL4	HBEGF	Directed	cytokine	184.89962945488244
IL4	HCK	Directed	cytokine	184.89962945488244
IL4	HCLS1	Directed	cytokine	184.89962945488244
IL4	HELZ2	Directed	cytokine	184.89962945488244
IL4	HERC5	Directed	cytokine	184.89962945488244
IL4	HIF1A	Directed	cytokine	184.89962945488244
IL4	HK2	Directed	cytokine	184.89962945488244
IL4	HLA-DMA	Directed	cytokine	184.89962945488244
IL4	HLA-DMB	Directed	cytokine	184.89962945488244
IL4	HLA-DPA1	Directed	cytokine	184.89962945488244
IL4	HLA-DQA1	Directed	cytokine	184.89962945488244
IL4	HLA-DQA2	Directed	cytokine	184.89962945488244
IL4	HLA-DQB1	Directed	cytokine	184.89962945488244
IL4	HLA-DRA	Directed	cytokine	184.89962945488244
IL4	HLA-DRB1	Directed	cytokine	184.89962945488244
IL4	HLA-DRB5	Directed	cytokine	184.89962945488244
IL4	HLX	Directed	cytokine	184.89962945488244
IL4	HMSD	Directed	cytokine	184.89962945488244
IL4	HP	Directed	cytokine	184.89962945488244
IL4	HSD11B1	Directed	cytokine	184.89962945488244
IL4	HSH2D	Directed	cytokine	184.89962945488244
IL4	ICAM1	Directed	cytokine	184.89962945488244
IL4	ICOS	Directed	cytokine	184.89962945488244
IL4	IDO1	Directed	cytokine	184.89962945488244
IL4	IER3	Directed	cytokine	184.89962945488244
IL4	IFI16	Directed	cytokine	184.89962945488244
IL4	IFI30	Directed	cytokine	184.89962945488244
IL4	IFI35	Directed	cytokine	184.89962945488244
IL4	IFI44	Directed	cytokine	184.89962945488244
IL4	IFI44L	Directed	cytokine	184.89962945488244
IL4	IFI6	Directed	cytokine	184.89962945488244
IL4	IFIH1	Directed	cytokine	184.89962945488244
IL4	IFIT1	Directed	cytokine	184.89962945488244
IL4	IFIT2	Directed	cytokine	184.89962945488244
IL4	IFIT3	Directed	cytokine	184.89962945488244
IL4	IFIT5	Directed	cytokine	184.89962945488244
IL4	IFITM1	Directed	cytokine	184.89962945488244
IL4	IFNAR2	Directed	cytokine	184.89962945488244
IL4	IFNB1	Directed	cytokine	184.89962945488244
IL4	IFNG	Directed	cytokine	184.89962945488244
IL4	IFNGR2	Directed	cytokine	184.89962945488244
IL4	IGHG1	Directed	cytokine	184.89962945488244
IL4	IGHG2	Directed	cytokine	184.89962945488244
IL4	IGHG3	Directed	cytokine	184.89962945488244
IL4	IL10	Directed	cytokine	184.89962945488244
IL4	IL10RA	Directed	cytokine	184.89962945488244
IL4	IL12A	Directed	cytokine	184.89962945488244
IL4	IL12B	Directed	cytokine	184.89962945488244
IL4	IL12RB1	Directed	cytokine	184.89962945488244
IL4	IL12RB2	Directed	cytokine	184.89962945488244
IL4	IL13	Directed	cytokine	184.89962945488244
IL4	IL13RA1	Directed	cytokine	184.89962945488244
IL4	IL15	Directed	cytokine	184.89962945488244
IL4	IL15RA	Directed	cytokine	184.89962945488244
IL4	IL17A	Directed	cytokine	184.89962945488244
IL4	IL17F	Directed	cytokine	184.89962945488244
IL4	IL18R1	Directed	cytokine	184.89962945488244
IL4	IL18RAP	Directed	cytokine	184.89962945488244
IL4	IL1B	Directed	cytokine	184.89962945488244
IL4	IL1RL1	Directed	cytokine	184.89962945488244
IL4	IL1RN	Directed	cytokine	184.89962945488244
IL4	IL2	Directed	cytokine	184.89962945488244
IL4	IL21	Directed	cytokine	184.89962945488244
IL4	IL24	Directed	cytokine	184.89962945488244
IL4	IL27RA	Directed	cytokine	184.89962945488244
IL4	IL2RA	Directed	cytokine	184.89962945488244
IL4	IL2RB	Directed	cytokine	184.89962945488244
IL4	IL2RG	Directed	cytokine	184.89962945488244
IL4	IL3	Directed	cytokine	184.89962945488244
IL4	IL31RA	Directed	cytokine	184.89962945488244
IL4	IL32	Directed	cytokine	184.89962945488244
IL4	IL36A	Directed	cytokine	184.89962945488244
IL4	IL3RA	Directed	cytokine	184.89962945488244
IL4	IL4	Directed	cytokine	184.89962945488244
IL4	IL4R	Directed	cytokine	184.89962945488244
IL4	IL5	Directed	cytokine	184.89962945488244
IL4	IL6	Directed	cytokine	184.89962945488244
IL4	IL7R	Directed	cytokine	184.89962945488244
IL4	IL9	Directed	cytokine	184.89962945488244
IL4	INPP1	Directed	cytokine	184.89962945488244
IL4	IRAK2	Directed	cytokine	184.89962945488244
IL4	IRF1	Directed	cytokine	184.89962945488244
IL4	IRF4	Directed	cytokine	184.89962945488244
IL4	IRF5	Directed	cytokine	184.89962945488244
IL4	IRF7	Directed	cytokine	184.89962945488244
IL4	IRF8	Directed	cytokine	184.89962945488244
IL4	IRF9	Directed	cytokine	184.89962945488244
IL4	ISG15	Directed	cytokine	184.89962945488244
IL4	ISG20	Directed	cytokine	184.89962945488244
IL4	ITGA4	Directed	cytokine	184.89962945488244
IL4	ITGAL	Directed	cytokine	184.89962945488244
IL4	ITGAX	Directed	cytokine	184.89962945488244
IL4	ITGB2	Directed	cytokine	184.89962945488244
IL4	ITGB3	Directed	cytokine	184.89962945488244
IL4	ITGB7	Directed	cytokine	184.89962945488244
IL4	JAK2	Directed	cytokine	184.89962945488244
IL4	JAK3	Directed	cytokine	184.89962945488244
IL4	JCHAIN	Directed	cytokine	184.89962945488244
IL4	JUNB	Directed	cytokine	184.89962945488244
IL4	KCNAB2	Directed	cytokine	184.89962945488244
IL4	KLF6	Directed	cytokine	184.89962945488244
IL4	KLRK1	Directed	cytokine	184.89962945488244
IL4	KMO	Directed	cytokine	184.89962945488244
IL4	LACTB	Directed	cytokine	184.89962945488244
IL4	LAG3	Directed	cytokine	184.89962945488244
IL4	LAP3	Directed	cytokine	184.89962945488244
IL4	LCP2	Directed	cytokine	184.89962945488244
IL4	LDHA	Directed	cytokine	184.89962945488244
IL4	LEF1	Directed	cytokine	184.89962945488244
IL4	LGALS2	Directed	cytokine	184.89962945488244
IL4	LGALS3BP	Directed	cytokine	184.89962945488244
IL4	LGALS9	Directed	cytokine	184.89962945488244
IL4	LIF	Directed	cytokine	184.89962945488244
IL4	LIFR	Directed	cytokine	184.89962945488244
IL4	LIG4	Directed	cytokine	184.89962945488244
IL4	LILRB1	Directed	cytokine	184.89962945488244
IL4	LIPG	Directed	cytokine	184.89962945488244
IL4	LPIN2	Directed	cytokine	184.89962945488244
IL4	LSP1	Directed	cytokine	184.89962945488244
IL4	LTA	Directed	cytokine	184.89962945488244
IL4	LTB	Directed	cytokine	184.89962945488244
IL4	LY6E	Directed	cytokine	184.89962945488244
IL4	LY75	Directed	cytokine	184.89962945488244
IL4	LYL1	Directed	cytokine	184.89962945488244
IL4	MAPKAPK2	Directed	cytokine	184.89962945488244
IL4	MATK	Directed	cytokine	184.89962945488244
IL4	MCL1	Directed	cytokine	184.89962945488244
IL4	MEFV	Directed	cytokine	184.89962945488244
IL4	MMP1	Directed	cytokine	184.89962945488244
IL4	MMP12	Directed	cytokine	184.89962945488244
IL4	MMP3	Directed	cytokine	184.89962945488244
IL4	MMP9	Directed	cytokine	184.89962945488244
IL4	MOV10	Directed	cytokine	184.89962945488244
IL4	MRC1	Directed	cytokine	184.89962945488244
IL4	MS4A1	Directed	cytokine	184.89962945488244
IL4	MSR1	Directed	cytokine	184.89962945488244
IL4	MUC1	Directed	cytokine	184.89962945488244
IL4	MX1	Directed	cytokine	184.89962945488244
IL4	MX2	Directed	cytokine	184.89962945488244
IL4	MYD88	Directed	cytokine	184.89962945488244
IL4	NABP1	Directed	cytokine	184.89962945488244
IL4	NFIL3	Directed	cytokine	184.89962945488244
IL4	NFKB1	Directed	cytokine	184.89962945488244
IL4	NFKB2	Directed	cytokine	184.89962945488244
IL4	NFKBIA	Directed	cytokine	184.89962945488244
IL4	NFKBID	Directed	cytokine	184.89962945488244
IL4	NFKBIE	Directed	cytokine	184.89962945488244
IL4	NOCT	Directed	cytokine	184.89962945488244
IL4	NOS2	Directed	cytokine	184.89962945488244
IL4	NR4A3	Directed	cytokine	184.89962945488244
IL4	NT5C3A	Directed	cytokine	184.89962945488244
IL4	OAS1	Directed	cytokine	184.89962945488244
IL4	OAS2	Directed	cytokine	184.89962945488244
IL4	OAS3	Directed	cytokine	184.89962945488244
IL4	OASL	Directed	cytokine	184.89962945488244
IL4	ODC1	Directed	cytokine	184.89962945488244
IL4	OGFR	Directed	cytokine	184.89962945488244
IL4	OSM	Directed	cytokine	184.89962945488244
IL4	PARP10	Directed	cytokine	184.89962945488244
IL4	PARP14	Directed	cytokine	184.89962945488244
IL4	PARP9	Directed	cytokine	184.89962945488244
IL4	PAX5	Directed	cytokine	184.89962945488244
IL4	PDCD1	Directed	cytokine	184.89962945488244
IL4	PDCD1LG2	Directed	cytokine	184.89962945488244
IL4	PDE1B	Directed	cytokine	184.89962945488244
IL4	PDE4B	Directed	cytokine	184.89962945488244
IL4	PFKP	Directed	cytokine	184.89962945488244
IL4	PGK1	Directed	cytokine	184.89962945488244
IL4	PHF11	Directed	cytokine	184.89962945488244
IL4	PI3	Directed	cytokine	184.89962945488244
IL4	PIGR	Directed	cytokine	184.89962945488244
IL4	PIK3R5	Directed	cytokine	184.89962945488244
IL4	PIM1	Directed	cytokine	184.89962945488244
IL4	PIM2	Directed	cytokine	184.89962945488244
IL4	PKM	Directed	cytokine	184.89962945488244
IL4	PLAU	Directed	cytokine	184.89962945488244
IL4	PLSCR1	Directed	cytokine	184.89962945488244
IL4	PNP	Directed	cytokine	184.89962945488244
IL4	POU2F2	Directed	cytokine	184.89962945488244
IL4	PREX1	Directed	cytokine	184.89962945488244
IL4	PRF1	Directed	cytokine	184.89962945488244
IL4	PRKCD	Directed	cytokine	184.89962945488244
IL4	PRSS22	Directed	cytokine	184.89962945488244
IL4	PSMA2	Directed	cytokine	184.89962945488244
IL4	PSMA6	Directed	cytokine	184.89962945488244
IL4	PSMB10	Directed	cytokine	184.89962945488244
IL4	PSMB8	Directed	cytokine	184.89962945488244
IL4	PSMB9	Directed	cytokine	184.89962945488244
IL4	PSMD13	Directed	cytokine	184.89962945488244
IL4	PSME1	Directed	cytokine	184.89962945488244
IL4	PSTPIP1	Directed	cytokine	184.89962945488244
IL4	PTGS2	Directed	cytokine	184.89962945488244
IL4	PTPN1	Directed	cytokine	184.89962945488244
IL4	PTPN2	Directed	cytokine	184.89962945488244
IL4	PTPN7	Directed	cytokine	184.89962945488244
IL4	PTPRCAP	Directed	cytokine	184.89962945488244
IL4	RASGRP3	Directed	cytokine	184.89962945488244
IL4	RASSF4	Directed	cytokine	184.89962945488244
IL4	RIGI	Directed	cytokine	184.89962945488244
IL4	RIPK3	Directed	cytokine	184.89962945488244
IL4	RNF19B	Directed	cytokine	184.89962945488244
IL4	RNF213	Directed	cytokine	184.89962945488244
IL4	RRBP1	Directed	cytokine	184.89962945488244
IL4	RSAD2	Directed	cytokine	184.89962945488244
IL4	S100A10	Directed	cytokine	184.89962945488244
IL4	S100A8	Directed	cytokine	184.89962945488244
IL4	S100A9	Directed	cytokine	184.89962945488244
IL4	SAMD4A	Directed	cytokine	184.89962945488244
IL4	SAMD9	Directed	cytokine	184.89962945488244
IL4	SAMD9L	Directed	cytokine	184.89962945488244
IL4	SAMSN1	Directed	cytokine	184.89962945488244
IL4	SCO2	Directed	cytokine	184.89962945488244
IL4	SDF2L1	Directed	cytokine	184.89962945488244
IL4	SEC24A	Directed	cytokine	184.89962945488244
IL4	SELE	Directed	cytokine	184.89962945488244
IL4	SELL	Directed	cytokine	184.89962945488244
IL4	SELP	Directed	cytokine	184.89962945488244
IL4	SELPLG	Directed	cytokine	184.89962945488244
IL4	SEMA4D	Directed	cytokine	184.89962945488244
IL4	SERPINB3	Directed	cytokine	184.89962945488244
IL4	SERPINB4	Directed	cytokine	184.89962945488244
IL4	SERPINB9	Directed	cytokine	184.89962945488244
IL4	SERPINE1	Directed	cytokine	184.89962945488244
IL4	SGTB	Directed	cytokine	184.89962945488244
IL4	SH2D1A	Directed	cytokine	184.89962945488244
IL4	SH2D1B	Directed	cytokine	184.89962945488244
IL4	SHISA5	Directed	cytokine	184.89962945488244
IL4	SIGLEC1	Directed	cytokine	184.89962945488244
IL4	SIRPA	Directed	cytokine	184.89962945488244
IL4	SLAMF7	Directed	cytokine	184.89962945488244
IL4	SLC16A3	Directed	cytokine	184.89962945488244
IL4	SLC25A25	Directed	cytokine	184.89962945488244
IL4	SNX20	Directed	cytokine	184.89962945488244
IL4	SNX8	Directed	cytokine	184.89962945488244
IL4	SOCS1	Directed	cytokine	184.89962945488244
IL4	SOCS2	Directed	cytokine	184.89962945488244
IL4	SOCS3	Directed	cytokine	184.89962945488244
IL4	SP110	Directed	cytokine	184.89962945488244
IL4	SPHK1	Directed	cytokine	184.89962945488244
IL4	SPN	Directed	cytokine	184.89962945488244
IL4	SPP1	Directed	cytokine	184.89962945488244
IL4	SRM	Directed	cytokine	184.89962945488244
IL4	STAT1	Directed	cytokine	184.89962945488244
IL4	STAT2	Directed	cytokine	184.89962945488244
IL4	STAT4	Directed	cytokine	184.89962945488244
IL4	STAT5A	Directed	cytokine	184.89962945488244
IL4	STC2	Directed	cytokine	184.89962945488244
IL4	STK4	Directed	cytokine	184.89962945488244
IL4	SYK	Directed	cytokine	184.89962945488244
IL4	SYNGR2	Directed	cytokine	184.89962945488244
IL4	SYNGR3	Directed	cytokine	184.89962945488244
IL4	SYT11	Directed	cytokine	184.89962945488244
IL4	TAP2	Directed	cytokine	184.89962945488244
IL4	TAPBP	Directed	cytokine	184.89962945488244
IL4	TBX21	Directed	cytokine	184.89962945488244
IL4	TCF7	Directed	cytokine	184.89962945488244
IL4	TFEC	Directed	cytokine	184.89962945488244
IL4	TFRC	Directed	cytokine	184.89962945488244
IL4	TGFB1	Directed	cytokine	184.89962945488244
IL4	TGM2	Directed	cytokine	184.89962945488244
IL4	THY1	Directed	cytokine	184.89962945488244
IL4	TICAM1	Directed	cytokine	184.89962945488244
IL4	TIMP1	Directed	cytokine	184.89962945488244
IL4	TLR2	Directed	cytokine	184.89962945488244
IL4	TLR4	Directed	cytokine	184.89962945488244
IL4	TMED5	Directed	cytokine	184.89962945488244
IL4	TMEM176B	Directed	cytokine	184.89962945488244
IL4	TNC	Directed	cytokine	184.89962945488244
IL4	TNF	Directed	cytokine	184.89962945488244
IL4	TNFAIP3	Directed	cytokine	184.89962945488244
IL4	TNFAIP6	Directed	cytokine	184.89962945488244
IL4	TNFRSF11B	Directed	cytokine	184.89962945488244
IL4	TNFRSF14	Directed	cytokine	184.89962945488244
IL4	TNFRSF4	Directed	cytokine	184.89962945488244
IL4	TNFRSF8	Directed	cytokine	184.89962945488244
IL4	TNFRSF9	Directed	cytokine	184.89962945488244
IL4	TNFSF11	Directed	cytokine	184.89962945488244
IL4	TNFSF18	Directed	cytokine	184.89962945488244
IL4	TNFSF8	Directed	cytokine	184.89962945488244
IL4	TNIK	Directed	cytokine	184.89962945488244
IL4	TNIP1	Directed	cytokine	184.89962945488244
IL4	TNIP2	Directed	cytokine	184.89962945488244
IL4	TPI1	Directed	cytokine	184.89962945488244
IL4	TRAF1	Directed	cytokine	184.89962945488244
IL4	TRAF3	Directed	cytokine	184.89962945488244
IL4	TRANK1	Directed	cytokine	184.89962945488244
IL4	TRAV12-3	Directed	cytokine	184.89962945488244
IL4	TRBV30	Directed	cytokine	184.89962945488244
IL4	TRDV1	Directed	cytokine	184.89962945488244
IL4	TRIM14	Directed	cytokine	184.89962945488244
IL4	TRIM21	Directed	cytokine	184.89962945488244
IL4	TRIM22	Directed	cytokine	184.89962945488244
IL4	TRIM25	Directed	cytokine	184.89962945488244
IL4	TRIM5	Directed	cytokine	184.89962945488244
IL4	TRPV2	Directed	cytokine	184.89962945488244
IL4	TXK	Directed	cytokine	184.89962945488244
IL4	TYMP	Directed	cytokine	184.89962945488244
IL4	UBE2L6	Directed	cytokine	184.89962945488244
IL4	UPK3A	Directed	cytokine	184.89962945488244
IL4	UPP1	Directed	cytokine	184.89962945488244
IL4	USP18	Directed	cytokine	184.89962945488244
IL4	VCAM1	Directed	cytokine	184.89962945488244
IL4	VEGFA	Directed	cytokine	184.89962945488244
IL4	VPS13C	Directed	cytokine	184.89962945488244
IL4	WFDC2	Directed	cytokine	184.89962945488244
IL4	XAF1	Directed	cytokine	184.89962945488244
IL4	XCL1	Directed	cytokine	184.89962945488244
IL4	XCL2	Directed	cytokine	184.89962945488244
IL4	ZAP70	Directed	cytokine	184.89962945488244
IL4	ZBP1	Directed	cytokine	184.89962945488244
IL4	ZC3H12A	Directed	cytokine	184.89962945488244
IL4	ZFP36	Directed	cytokine	184.89962945488244
IL4	ZNFX1	Directed	cytokine	184.89962945488244
IL5	ANXA6	Directed	cytokine	53.58670023591875
IL5	AREG	Directed	cytokine	53.58670023591875
IL5	ASS1	Directed	cytokine	53.58670023591875
IL5	BCL3	Directed	cytokine	53.58670023591875
IL5	CASP4	Directed	cytokine	53.58670023591875
IL5	CCL2	Directed	cytokine	53.58670023591875
IL5	CCL22	Directed	cytokine	53.58670023591875
IL5	CCL3	Directed	cytokine	53.58670023591875
IL5	CCND2	Directed	cytokine	53.58670023591875
IL5	CCND3	Directed	cytokine	53.58670023591875
IL5	CCR1	Directed	cytokine	53.58670023591875
IL5	CCR2	Directed	cytokine	53.58670023591875
IL5	CCR3	Directed	cytokine	53.58670023591875
IL5	CCR5	Directed	cytokine	53.58670023591875
IL5	CCR7	Directed	cytokine	53.58670023591875
IL5	CCRL2	Directed	cytokine	53.58670023591875
IL5	CD40	Directed	cytokine	53.58670023591875
IL5	CD40LG	Directed	cytokine	53.58670023591875
IL5	CD5	Directed	cytokine	53.58670023591875
IL5	CD63	Directed	cytokine	53.58670023591875
IL5	CD69	Directed	cytokine	53.58670023591875
IL5	CD79A	Directed	cytokine	53.58670023591875
IL5	CD80	Directed	cytokine	53.58670023591875
IL5	CDKN1A	Directed	cytokine	53.58670023591875
IL5	CEACAM1	Directed	cytokine	53.58670023591875
IL5	CIITA	Directed	cytokine	53.58670023591875
IL5	CISH	Directed	cytokine	53.58670023591875
IL5	CKAP4	Directed	cytokine	53.58670023591875
IL5	CRELD2	Directed	cytokine	53.58670023591875
IL5	CSF2	Directed	cytokine	53.58670023591875
IL5	CSF2RB	Directed	cytokine	53.58670023591875
IL5	CSF3R	Directed	cytokine	53.58670023591875
IL5	CTSC	Directed	cytokine	53.58670023591875
IL5	CXCL8	Directed	cytokine	53.58670023591875
IL5	CXCR2	Directed	cytokine	53.58670023591875
IL5	CXCR3	Directed	cytokine	53.58670023591875
IL5	CXCR4	Directed	cytokine	53.58670023591875
IL5	DDX21	Directed	cytokine	53.58670023591875
IL5	DUSP5	Directed	cytokine	53.58670023591875
IL5	DUSP6	Directed	cytokine	53.58670023591875
IL5	EAF2	Directed	cytokine	53.58670023591875
IL5	EIF4EBP1	Directed	cytokine	53.58670023591875
IL5	ENO1	Directed	cytokine	53.58670023591875
IL5	ERO1A	Directed	cytokine	53.58670023591875
IL5	FAS	Directed	cytokine	53.58670023591875
IL5	FCGR2B	Directed	cytokine	53.58670023591875
IL5	FGL2	Directed	cytokine	53.58670023591875
IL5	GCLM	Directed	cytokine	53.58670023591875
IL5	GK	Directed	cytokine	53.58670023591875
IL5	GLIPR2	Directed	cytokine	53.58670023591875
IL5	HBEGF	Directed	cytokine	53.58670023591875
IL5	HCAR3	Directed	cytokine	53.58670023591875
IL5	HIF1A	Directed	cytokine	53.58670023591875
IL5	HLX	Directed	cytokine	53.58670023591875
IL5	HSP90B1	Directed	cytokine	53.58670023591875
IL5	HSPA5	Directed	cytokine	53.58670023591875
IL5	HSPA6	Directed	cytokine	53.58670023591875
IL5	HSPH1	Directed	cytokine	53.58670023591875
IL5	ICAM1	Directed	cytokine	53.58670023591875
IL5	IER3	Directed	cytokine	53.58670023591875
IL5	IFI30	Directed	cytokine	53.58670023591875
IL5	IFNB1	Directed	cytokine	53.58670023591875
IL5	IFNG	Directed	cytokine	53.58670023591875
IL5	IGHG1	Directed	cytokine	53.58670023591875
IL5	IGHM	Directed	cytokine	53.58670023591875
IL5	IL10	Directed	cytokine	53.58670023591875
IL5	IL13	Directed	cytokine	53.58670023591875
IL5	IL13RA1	Directed	cytokine	53.58670023591875
IL5	IL18BP	Directed	cytokine	53.58670023591875
IL5	IL1RL1	Directed	cytokine	53.58670023591875
IL5	IL2RA	Directed	cytokine	53.58670023591875
IL5	IL2RG	Directed	cytokine	53.58670023591875
IL5	IL3RA	Directed	cytokine	53.58670023591875
IL5	IL4	Directed	cytokine	53.58670023591875
IL5	IL4R	Directed	cytokine	53.58670023591875
IL5	IL5	Directed	cytokine	53.58670023591875
IL5	IL6R	Directed	cytokine	53.58670023591875
IL5	IL9	Directed	cytokine	53.58670023591875
IL5	IRF7	Directed	cytokine	53.58670023591875
IL5	ITGAM	Directed	cytokine	53.58670023591875
IL5	ITGB6	Directed	cytokine	53.58670023591875
IL5	ITGB7	Directed	cytokine	53.58670023591875
IL5	JCHAIN	Directed	cytokine	53.58670023591875
IL5	KCNAB2	Directed	cytokine	53.58670023591875
IL5	LCP2	Directed	cytokine	53.58670023591875
IL5	LMNB1	Directed	cytokine	53.58670023591875
IL5	LTA	Directed	cytokine	53.58670023591875
IL5	LTB	Directed	cytokine	53.58670023591875
IL5	MANF	Directed	cytokine	53.58670023591875
IL5	MMP9	Directed	cytokine	53.58670023591875
IL5	MYADM	Directed	cytokine	53.58670023591875
IL5	NABP1	Directed	cytokine	53.58670023591875
IL5	NFIL3	Directed	cytokine	53.58670023591875
IL5	NOS2	Directed	cytokine	53.58670023591875
IL5	PAX5	Directed	cytokine	53.58670023591875
IL5	PDE4B	Directed	cytokine	53.58670023591875
IL5	PDIA6	Directed	cytokine	53.58670023591875
IL5	PFKP	Directed	cytokine	53.58670023591875
IL5	PIM1	Directed	cytokine	53.58670023591875
IL5	PKM	Directed	cytokine	53.58670023591875
IL5	PSMB4	Directed	cytokine	53.58670023591875
IL5	PTPRC	Directed	cytokine	53.58670023591875
IL5	RASGRP2	Directed	cytokine	53.58670023591875
IL5	RHOH	Directed	cytokine	53.58670023591875
IL5	RIPOR2	Directed	cytokine	53.58670023591875
IL5	RPN1	Directed	cytokine	53.58670023591875
IL5	SDF2L1	Directed	cytokine	53.58670023591875
IL5	SLC16A3	Directed	cytokine	53.58670023591875
IL5	SLC39A8	Directed	cytokine	53.58670023591875
IL5	SOCS1	Directed	cytokine	53.58670023591875
IL5	SOCS2	Directed	cytokine	53.58670023591875
IL5	SPN	Directed	cytokine	53.58670023591875
IL5	SRI	Directed	cytokine	53.58670023591875
IL5	TARP	Directed	cytokine	53.58670023591875
IL5	TGFB1	Directed	cytokine	53.58670023591875
IL5	THY1	Directed	cytokine	53.58670023591875
IL5	TLR1	Directed	cytokine	53.58670023591875
IL5	TNF	Directed	cytokine	53.58670023591875
IL5	TNFRSF4	Directed	cytokine	53.58670023591875
IL5	TNFRSF8	Directed	cytokine	53.58670023591875
IL5	TNFRSF9	Directed	cytokine	53.58670023591875
IL5	TNFSF8	Directed	cytokine	53.58670023591875
IL5	TPI1	Directed	cytokine	53.58670023591875
IL5	TPM4	Directed	cytokine	53.58670023591875
IL5	UPP1	Directed	cytokine	53.58670023591875
IL5	ZBTB32	Directed	cytokine	53.58670023591875
IL5	ZYX	Directed	cytokine	53.58670023591875
IL6	ACKR2	Directed	cytokine	82.37778597703371
IL6	ACVRL1	Directed	cytokine	82.37778597703371
IL6	ADAMTS1	Directed	cytokine	82.37778597703371
IL6	ADAMTS4	Directed	cytokine	82.37778597703371
IL6	ADGRE1	Directed	cytokine	82.37778597703371
IL6	ADGRE5	Directed	cytokine	82.37778597703371
IL6	ADM	Directed	cytokine	82.37778597703371
IL6	AIM2	Directed	cytokine	82.37778597703371
IL6	ALAS1	Directed	cytokine	82.37778597703371
IL6	ANPEP	Directed	cytokine	82.37778597703371
IL6	ANXA1	Directed	cytokine	82.37778597703371
IL6	AREG	Directed	cytokine	82.37778597703371
IL6	ARL4C	Directed	cytokine	82.37778597703371
IL6	ATF3	Directed	cytokine	82.37778597703371
IL6	BAK1	Directed	cytokine	82.37778597703371
IL6	BATF	Directed	cytokine	82.37778597703371
IL6	BAX	Directed	cytokine	82.37778597703371
IL6	BCL2L11	Directed	cytokine	82.37778597703371
IL6	BCL3	Directed	cytokine	82.37778597703371
IL6	BHLHE40	Directed	cytokine	82.37778597703371
IL6	BST2	Directed	cytokine	82.37778597703371
IL6	C3	Directed	cytokine	82.37778597703371
IL6	C5AR1	Directed	cytokine	82.37778597703371
IL6	CALCA	Directed	cytokine	82.37778597703371
IL6	CASP3	Directed	cytokine	82.37778597703371
IL6	CASP7	Directed	cytokine	82.37778597703371
IL6	CCL2	Directed	cytokine	82.37778597703371
IL6	CCL20	Directed	cytokine	82.37778597703371
IL6	CCL4	Directed	cytokine	82.37778597703371
IL6	CCL5	Directed	cytokine	82.37778597703371
IL6	CCL7	Directed	cytokine	82.37778597703371
IL6	CCNA1	Directed	cytokine	82.37778597703371
IL6	CCR1	Directed	cytokine	82.37778597703371
IL6	CCR2	Directed	cytokine	82.37778597703371
IL6	CCR3	Directed	cytokine	82.37778597703371
IL6	CCR4	Directed	cytokine	82.37778597703371
IL6	CCR6	Directed	cytokine	82.37778597703371
IL6	CCR7	Directed	cytokine	82.37778597703371
IL6	CD14	Directed	cytokine	82.37778597703371
IL6	CD163	Directed	cytokine	82.37778597703371
IL6	CD209	Directed	cytokine	82.37778597703371
IL6	CD274	Directed	cytokine	82.37778597703371
IL6	CD38	Directed	cytokine	82.37778597703371
IL6	CD40	Directed	cytokine	82.37778597703371
IL6	CD48	Directed	cytokine	82.37778597703371
IL6	CD53	Directed	cytokine	82.37778597703371
IL6	CD68	Directed	cytokine	82.37778597703371
IL6	CD74	Directed	cytokine	82.37778597703371
IL6	CD79A	Directed	cytokine	82.37778597703371
IL6	CD80	Directed	cytokine	82.37778597703371
IL6	CD83	Directed	cytokine	82.37778597703371
IL6	CD86	Directed	cytokine	82.37778597703371
IL6	CDKN1A	Directed	cytokine	82.37778597703371
IL6	CDKN2A	Directed	cytokine	82.37778597703371
IL6	CDKN2D	Directed	cytokine	82.37778597703371
IL6	CEACAM1	Directed	cytokine	82.37778597703371
IL6	CEMIP2	Directed	cytokine	82.37778597703371
IL6	CFLAR	Directed	cytokine	82.37778597703371
IL6	CFP	Directed	cytokine	82.37778597703371
IL6	CIITA	Directed	cytokine	82.37778597703371
IL6	CISH	Directed	cytokine	82.37778597703371
IL6	CLEC4E	Directed	cytokine	82.37778597703371
IL6	CLU	Directed	cytokine	82.37778597703371
IL6	CRP	Directed	cytokine	82.37778597703371
IL6	CSF1	Directed	cytokine	82.37778597703371
IL6	CSF1R	Directed	cytokine	82.37778597703371
IL6	CSF2	Directed	cytokine	82.37778597703371
IL6	CSF3R	Directed	cytokine	82.37778597703371
IL6	CTSB	Directed	cytokine	82.37778597703371
IL6	CTSC	Directed	cytokine	82.37778597703371
IL6	CXCL1	Directed	cytokine	82.37778597703371
IL6	CXCL10	Directed	cytokine	82.37778597703371
IL6	CXCL13	Directed	cytokine	82.37778597703371
IL6	CXCL5	Directed	cytokine	82.37778597703371
IL6	CXCL6	Directed	cytokine	82.37778597703371
IL6	CXCL8	Directed	cytokine	82.37778597703371
IL6	CXCL9	Directed	cytokine	82.37778597703371
IL6	CXCR3	Directed	cytokine	82.37778597703371
IL6	CXCR4	Directed	cytokine	82.37778597703371
IL6	CYBB	Directed	cytokine	82.37778597703371
IL6	CYP19A1	Directed	cytokine	82.37778597703371
IL6	CYTIP	Directed	cytokine	82.37778597703371
IL6	DEFB4A	Directed	cytokine	82.37778597703371
IL6	DPP3	Directed	cytokine	82.37778597703371
IL6	DUSP6	Directed	cytokine	82.37778597703371
IL6	ELAVL4	Directed	cytokine	82.37778597703371
IL6	ENPP2	Directed	cytokine	82.37778597703371
IL6	EOMES	Directed	cytokine	82.37778597703371
IL6	FAS	Directed	cytokine	82.37778597703371
IL6	FASLG	Directed	cytokine	82.37778597703371
IL6	FCER2	Directed	cytokine	82.37778597703371
IL6	FCGR1A	Directed	cytokine	82.37778597703371
IL6	FFAR2	Directed	cytokine	82.37778597703371
IL6	FLI1	Directed	cytokine	82.37778597703371
IL6	FOSL1	Directed	cytokine	82.37778597703371
IL6	FOXP3	Directed	cytokine	82.37778597703371
IL6	FPR2	Directed	cytokine	82.37778597703371
IL6	FSCN1	Directed	cytokine	82.37778597703371
IL6	GADD45B	Directed	cytokine	82.37778597703371
IL6	GALE	Directed	cytokine	82.37778597703371
IL6	GCH1	Directed	cytokine	82.37778597703371
IL6	GP5	Directed	cytokine	82.37778597703371
IL6	GZMB	Directed	cytokine	82.37778597703371
IL6	HAS2	Directed	cytokine	82.37778597703371
IL6	HIF1A	Directed	cytokine	82.37778597703371
IL6	HLA-A	Directed	cytokine	82.37778597703371
IL6	HLA-DMA	Directed	cytokine	82.37778597703371
IL6	HLA-DQA1	Directed	cytokine	82.37778597703371
IL6	HP	Directed	cytokine	82.37778597703371
IL6	HSPA5	Directed	cytokine	82.37778597703371
IL6	ICAM1	Directed	cytokine	82.37778597703371
IL6	ICAM3	Directed	cytokine	82.37778597703371
IL6	ICOS	Directed	cytokine	82.37778597703371
IL6	IDO1	Directed	cytokine	82.37778597703371
IL6	IFI16	Directed	cytokine	82.37778597703371
IL6	IFIT1	Directed	cytokine	82.37778597703371
IL6	IFIT2	Directed	cytokine	82.37778597703371
IL6	IFITM3	Directed	cytokine	82.37778597703371
IL6	IFNB1	Directed	cytokine	82.37778597703371
IL6	IFNG	Directed	cytokine	82.37778597703371
IL6	IGHM	Directed	cytokine	82.37778597703371
IL6	IKBKE	Directed	cytokine	82.37778597703371
IL6	IL10	Directed	cytokine	82.37778597703371
IL6	IL12A	Directed	cytokine	82.37778597703371
IL6	IL12B	Directed	cytokine	82.37778597703371
IL6	IL13	Directed	cytokine	82.37778597703371
IL6	IL15	Directed	cytokine	82.37778597703371
IL6	IL17A	Directed	cytokine	82.37778597703371
IL6	IL17F	Directed	cytokine	82.37778597703371
IL6	IL1B	Directed	cytokine	82.37778597703371
IL6	IL1RL1	Directed	cytokine	82.37778597703371
IL6	IL1RN	Directed	cytokine	82.37778597703371
IL6	IL2	Directed	cytokine	82.37778597703371
IL6	IL20	Directed	cytokine	82.37778597703371
IL6	IL21	Directed	cytokine	82.37778597703371
IL6	IL22	Directed	cytokine	82.37778597703371
IL6	IL23A	Directed	cytokine	82.37778597703371
IL6	IL25	Directed	cytokine	82.37778597703371
IL6	IL2RG	Directed	cytokine	82.37778597703371
IL6	IL4	Directed	cytokine	82.37778597703371
IL6	IL4R	Directed	cytokine	82.37778597703371
IL6	IL5	Directed	cytokine	82.37778597703371
IL6	IL6	Directed	cytokine	82.37778597703371
IL6	IL6R	Directed	cytokine	82.37778597703371
IL6	IL7R	Directed	cytokine	82.37778597703371
IL6	IL9	Directed	cytokine	82.37778597703371
IL6	IRF1	Directed	cytokine	82.37778597703371
IL6	IRF4	Directed	cytokine	82.37778597703371
IL6	IRF8	Directed	cytokine	82.37778597703371
IL6	IRF9	Directed	cytokine	82.37778597703371
IL6	ITGAM	Directed	cytokine	82.37778597703371
IL6	ITGB3	Directed	cytokine	82.37778597703371
IL6	JAK2	Directed	cytokine	82.37778597703371
IL6	JCHAIN	Directed	cytokine	82.37778597703371
IL6	JUNB	Directed	cytokine	82.37778597703371
IL6	KLRB1	Directed	cytokine	82.37778597703371
IL6	LAG3	Directed	cytokine	82.37778597703371
IL6	LBP	Directed	cytokine	82.37778597703371
IL6	LCN2	Directed	cytokine	82.37778597703371
IL6	LDLR	Directed	cytokine	82.37778597703371
IL6	LIF	Directed	cytokine	82.37778597703371
IL6	LIFR	Directed	cytokine	82.37778597703371
IL6	LRG1	Directed	cytokine	82.37778597703371
IL6	LTF	Directed	cytokine	82.37778597703371
IL6	LY86	Directed	cytokine	82.37778597703371
IL6	LY96	Directed	cytokine	82.37778597703371
IL6	LYZ	Directed	cytokine	82.37778597703371
IL6	MCL1	Directed	cytokine	82.37778597703371
IL6	MET	Directed	cytokine	82.37778597703371
IL6	MMP1	Directed	cytokine	82.37778597703371
IL6	MMP12	Directed	cytokine	82.37778597703371
IL6	MMP13	Directed	cytokine	82.37778597703371
IL6	MMP3	Directed	cytokine	82.37778597703371
IL6	MMP9	Directed	cytokine	82.37778597703371
IL6	MPO	Directed	cytokine	82.37778597703371
IL6	MRC1	Directed	cytokine	82.37778597703371
IL6	MSR1	Directed	cytokine	82.37778597703371
IL6	MT1A	Directed	cytokine	82.37778597703371
IL6	MT1E	Directed	cytokine	82.37778597703371
IL6	MT1F	Directed	cytokine	82.37778597703371
IL6	MT1G	Directed	cytokine	82.37778597703371
IL6	MT1M	Directed	cytokine	82.37778597703371
IL6	MT2A	Directed	cytokine	82.37778597703371
IL6	MUC1	Directed	cytokine	82.37778597703371
IL6	MYD88	Directed	cytokine	82.37778597703371
IL6	NAMPT	Directed	cytokine	82.37778597703371
IL6	NCF2	Directed	cytokine	82.37778597703371
IL6	NES	Directed	cytokine	82.37778597703371
IL6	NFKB1	Directed	cytokine	82.37778597703371
IL6	NFKBIA	Directed	cytokine	82.37778597703371
IL6	NOS2	Directed	cytokine	82.37778597703371
IL6	ORM1	Directed	cytokine	82.37778597703371
IL6	OXTR	Directed	cytokine	82.37778597703371
IL6	PCSK1	Directed	cytokine	82.37778597703371
IL6	PDCD1	Directed	cytokine	82.37778597703371
IL6	PDCD1LG2	Directed	cytokine	82.37778597703371
IL6	PGF	Directed	cytokine	82.37778597703371
IL6	PIM1	Directed	cytokine	82.37778597703371
IL6	PLA2G2A	Directed	cytokine	82.37778597703371
IL6	PLA2G2D	Directed	cytokine	82.37778597703371
IL6	PLAU	Directed	cytokine	82.37778597703371
IL6	PLEK	Directed	cytokine	82.37778597703371
IL6	PRF1	Directed	cytokine	82.37778597703371
IL6	PROK2	Directed	cytokine	82.37778597703371
IL6	PSMB10	Directed	cytokine	82.37778597703371
IL6	PSMB8	Directed	cytokine	82.37778597703371
IL6	PSMB9	Directed	cytokine	82.37778597703371
IL6	PSME1	Directed	cytokine	82.37778597703371
IL6	PSME2	Directed	cytokine	82.37778597703371
IL6	PTGER4	Directed	cytokine	82.37778597703371
IL6	PTGES	Directed	cytokine	82.37778597703371
IL6	PTGS2	Directed	cytokine	82.37778597703371
IL6	PTPRC	Directed	cytokine	82.37778597703371
IL6	RAB27A	Directed	cytokine	82.37778597703371
IL6	RB1	Directed	cytokine	82.37778597703371
IL6	RNASE6	Directed	cytokine	82.37778597703371
IL6	RUNX2	Directed	cytokine	82.37778597703371
IL6	S100A7	Directed	cytokine	82.37778597703371
IL6	S100A9	Directed	cytokine	82.37778597703371
IL6	S1PR1	Directed	cytokine	82.37778597703371
IL6	S1PR2	Directed	cytokine	82.37778597703371
IL6	S1PR3	Directed	cytokine	82.37778597703371
IL6	SAA1	Directed	cytokine	82.37778597703371
IL6	SAA2	Directed	cytokine	82.37778597703371
IL6	SAA4	Directed	cytokine	82.37778597703371
IL6	SBNO2	Directed	cytokine	82.37778597703371
IL6	SELP	Directed	cytokine	82.37778597703371
IL6	SERPINA1	Directed	cytokine	82.37778597703371
IL6	SERPINA3	Directed	cytokine	82.37778597703371
IL6	SERPINE1	Directed	cytokine	82.37778597703371
IL6	SLC39A14	Directed	cytokine	82.37778597703371
IL6	SLC41A2	Directed	cytokine	82.37778597703371
IL6	SLC7A7	Directed	cytokine	82.37778597703371
IL6	SMAD7	Directed	cytokine	82.37778597703371
IL6	SNAI1	Directed	cytokine	82.37778597703371
IL6	SNX10	Directed	cytokine	82.37778597703371
IL6	SOCS1	Directed	cytokine	82.37778597703371
IL6	SOCS2	Directed	cytokine	82.37778597703371
IL6	SOCS3	Directed	cytokine	82.37778597703371
IL6	SOD2	Directed	cytokine	82.37778597703371
IL6	SPI1	Directed	cytokine	82.37778597703371
IL6	SPP1	Directed	cytokine	82.37778597703371
IL6	SRA1	Directed	cytokine	82.37778597703371
IL6	SRC	Directed	cytokine	82.37778597703371
IL6	STAT1	Directed	cytokine	82.37778597703371
IL6	STAT3	Directed	cytokine	82.37778597703371
IL6	STAT4	Directed	cytokine	82.37778597703371
IL6	STING1	Directed	cytokine	82.37778597703371
IL6	STOM	Directed	cytokine	82.37778597703371
IL6	TAP1	Directed	cytokine	82.37778597703371
IL6	TBX21	Directed	cytokine	82.37778597703371
IL6	TBXAS1	Directed	cytokine	82.37778597703371
IL6	TFRC	Directed	cytokine	82.37778597703371
IL6	TGFB1	Directed	cytokine	82.37778597703371
IL6	TGM2	Directed	cytokine	82.37778597703371
IL6	THBS1	Directed	cytokine	82.37778597703371
IL6	TIMP1	Directed	cytokine	82.37778597703371
IL6	TLR1	Directed	cytokine	82.37778597703371
IL6	TLR10	Directed	cytokine	82.37778597703371
IL6	TLR2	Directed	cytokine	82.37778597703371
IL6	TLR3	Directed	cytokine	82.37778597703371
IL6	TLR4	Directed	cytokine	82.37778597703371
IL6	TLR6	Directed	cytokine	82.37778597703371
IL6	TLR7	Directed	cytokine	82.37778597703371
IL6	TLR8	Directed	cytokine	82.37778597703371
IL6	TLR9	Directed	cytokine	82.37778597703371
IL6	TNC	Directed	cytokine	82.37778597703371
IL6	TNF	Directed	cytokine	82.37778597703371
IL6	TNFRSF10B	Directed	cytokine	82.37778597703371
IL6	TNFRSF11B	Directed	cytokine	82.37778597703371
IL6	TNFRSF12A	Directed	cytokine	82.37778597703371
IL6	TNFRSF1B	Directed	cytokine	82.37778597703371
IL6	TNFSF10	Directed	cytokine	82.37778597703371
IL6	TNFSF11	Directed	cytokine	82.37778597703371
IL6	TRAF3	Directed	cytokine	82.37778597703371
IL6	VASP	Directed	cytokine	82.37778597703371
IL6	VCAM1	Directed	cytokine	82.37778597703371
IL6	VEGFA	Directed	cytokine	82.37778597703371
IL6	WARS1	Directed	cytokine	82.37778597703371
IL7	BAX	Directed	cytokine	51.694648630553374
IL7	BTLA	Directed	cytokine	51.694648630553374
IL7	CASP3	Directed	cytokine	51.694648630553374
IL7	CBLB	Directed	cytokine	51.694648630553374
IL7	CCL2	Directed	cytokine	51.694648630553374
IL7	CCL3	Directed	cytokine	51.694648630553374
IL7	CCL4	Directed	cytokine	51.694648630553374
IL7	CCND2	Directed	cytokine	51.694648630553374
IL7	CCND3	Directed	cytokine	51.694648630553374
IL7	CD19	Directed	cytokine	51.694648630553374
IL7	CD2	Directed	cytokine	51.694648630553374
IL7	CD247	Directed	cytokine	51.694648630553374
IL7	CD274	Directed	cytokine	51.694648630553374
IL7	CD3D	Directed	cytokine	51.694648630553374
IL7	CD3G	Directed	cytokine	51.694648630553374
IL7	CD69	Directed	cytokine	51.694648630553374
IL7	CD86	Directed	cytokine	51.694648630553374
IL7	CD8A	Directed	cytokine	51.694648630553374
IL7	CD8B	Directed	cytokine	51.694648630553374
IL7	CDKN1A	Directed	cytokine	51.694648630553374
IL7	CEACAM1	Directed	cytokine	51.694648630553374
IL7	CFLAR	Directed	cytokine	51.694648630553374
IL7	CISH	Directed	cytokine	51.694648630553374
IL7	CSF1	Directed	cytokine	51.694648630553374
IL7	CSF2	Directed	cytokine	51.694648630553374
IL7	CXCL1	Directed	cytokine	51.694648630553374
IL7	CXCR4	Directed	cytokine	51.694648630553374
IL7	DNTT	Directed	cytokine	51.694648630553374
IL7	DUSP5	Directed	cytokine	51.694648630553374
IL7	E2F3	Directed	cytokine	51.694648630553374
IL7	FAS	Directed	cytokine	51.694648630553374
IL7	FLT3LG	Directed	cytokine	51.694648630553374
IL7	FOXP3	Directed	cytokine	51.694648630553374
IL7	GFI1	Directed	cytokine	51.694648630553374
IL7	GZMB	Directed	cytokine	51.694648630553374
IL7	HAVCR2	Directed	cytokine	51.694648630553374
IL7	HCST	Directed	cytokine	51.694648630553374
IL7	ICOS	Directed	cytokine	51.694648630553374
IL7	IFNG	Directed	cytokine	51.694648630553374
IL7	IGHM	Directed	cytokine	51.694648630553374
IL7	IL13	Directed	cytokine	51.694648630553374
IL7	IL17A	Directed	cytokine	51.694648630553374
IL7	IL17F	Directed	cytokine	51.694648630553374
IL7	IL18R1	Directed	cytokine	51.694648630553374
IL7	IL18RAP	Directed	cytokine	51.694648630553374
IL7	IL2	Directed	cytokine	51.694648630553374
IL7	IL21	Directed	cytokine	51.694648630553374
IL7	IL22	Directed	cytokine	51.694648630553374
IL7	IL24	Directed	cytokine	51.694648630553374
IL7	IL2RA	Directed	cytokine	51.694648630553374
IL7	IL4	Directed	cytokine	51.694648630553374
IL7	IL5	Directed	cytokine	51.694648630553374
IL7	IL6	Directed	cytokine	51.694648630553374
IL7	IL7R	Directed	cytokine	51.694648630553374
IL7	ITGB7	Directed	cytokine	51.694648630553374
IL7	JAK3	Directed	cytokine	51.694648630553374
IL7	KLRG1	Directed	cytokine	51.694648630553374
IL7	KLRK1	Directed	cytokine	51.694648630553374
IL7	LEF1	Directed	cytokine	51.694648630553374
IL7	LIF	Directed	cytokine	51.694648630553374
IL7	LTA	Directed	cytokine	51.694648630553374
IL7	LTB	Directed	cytokine	51.694648630553374
IL7	LYN	Directed	cytokine	51.694648630553374
IL7	MCL1	Directed	cytokine	51.694648630553374
IL7	MMP13	Directed	cytokine	51.694648630553374
IL7	MMP9	Directed	cytokine	51.694648630553374
IL7	MX1	Directed	cytokine	51.694648630553374
IL7	PAX5	Directed	cytokine	51.694648630553374
IL7	PDCD1	Directed	cytokine	51.694648630553374
IL7	PIM1	Directed	cytokine	51.694648630553374
IL7	PIM2	Directed	cytokine	51.694648630553374
IL7	PMAIP1	Directed	cytokine	51.694648630553374
IL7	PTPRC	Directed	cytokine	51.694648630553374
IL7	RGS16	Directed	cytokine	51.694648630553374
IL7	RUNX2	Directed	cytokine	51.694648630553374
IL7	S1PR1	Directed	cytokine	51.694648630553374
IL7	SELL	Directed	cytokine	51.694648630553374
IL7	SELPLG	Directed	cytokine	51.694648630553374
IL7	SMAD7	Directed	cytokine	51.694648630553374
IL7	SOCS1	Directed	cytokine	51.694648630553374
IL7	SOCS3	Directed	cytokine	51.694648630553374
IL7	TCF7	Directed	cytokine	51.694648630553374
IL7	TNF	Directed	cytokine	51.694648630553374
IL7	TNFRSF9	Directed	cytokine	51.694648630553374
IL7	TNFSF10	Directed	cytokine	51.694648630553374
IL7	TNFSF11	Directed	cytokine	51.694648630553374
IL7	TNFSF8	Directed	cytokine	51.694648630553374
IL7	UPP1	Directed	cytokine	51.694648630553374
KITLG	ACHE	Directed	cytokine	23.175223537524456
KITLG	ACTB	Directed	cytokine	23.175223537524456
KITLG	AIF1	Directed	cytokine	23.175223537524456
KITLG	ALOX5	Directed	cytokine	23.175223537524456
KITLG	ALOX5AP	Directed	cytokine	23.175223537524456
KITLG	ATP6V1B2	Directed	cytokine	23.175223537524456
KITLG	B2M	Directed	cytokine	23.175223537524456
KITLG	BCL2L11	Directed	cytokine	23.175223537524456
KITLG	CA2	Directed	cytokine	23.175223537524456
KITLG	CALCA	Directed	cytokine	23.175223537524456
KITLG	CASP3	Directed	cytokine	23.175223537524456
KITLG	CCL1	Directed	cytokine	23.175223537524456
KITLG	CCL2	Directed	cytokine	23.175223537524456
KITLG	CCL22	Directed	cytokine	23.175223537524456
KITLG	CCL4	Directed	cytokine	23.175223537524456
KITLG	CCND3	Directed	cytokine	23.175223537524456
KITLG	CD14	Directed	cytokine	23.175223537524456
KITLG	CD247	Directed	cytokine	23.175223537524456
KITLG	CD3D	Directed	cytokine	23.175223537524456
KITLG	CD3G	Directed	cytokine	23.175223537524456
KITLG	CD68	Directed	cytokine	23.175223537524456
KITLG	CDKN1A	Directed	cytokine	23.175223537524456
KITLG	CISH	Directed	cytokine	23.175223537524456
KITLG	CLEC1B	Directed	cytokine	23.175223537524456
KITLG	CLIC1	Directed	cytokine	23.175223537524456
KITLG	CLU	Directed	cytokine	23.175223537524456
KITLG	CSF1	Directed	cytokine	23.175223537524456
KITLG	CSF2	Directed	cytokine	23.175223537524456
KITLG	CSF3R	Directed	cytokine	23.175223537524456
KITLG	CX3CL1	Directed	cytokine	23.175223537524456
KITLG	CXCL8	Directed	cytokine	23.175223537524456
KITLG	CXCR4	Directed	cytokine	23.175223537524456
KITLG	CYTH1	Directed	cytokine	23.175223537524456
KITLG	FTH1	Directed	cytokine	23.175223537524456
KITLG	HCK	Directed	cytokine	23.175223537524456
KITLG	HNRNPF	Directed	cytokine	23.175223537524456
KITLG	IFI27L2	Directed	cytokine	23.175223537524456
KITLG	IFNG	Directed	cytokine	23.175223537524456
KITLG	IGHM	Directed	cytokine	23.175223537524456
KITLG	IL10	Directed	cytokine	23.175223537524456
KITLG	IL13	Directed	cytokine	23.175223537524456
KITLG	IL1B	Directed	cytokine	23.175223537524456
KITLG	IL1RL1	Directed	cytokine	23.175223537524456
KITLG	IL1RN	Directed	cytokine	23.175223537524456
KITLG	IL3	Directed	cytokine	23.175223537524456
KITLG	IL4	Directed	cytokine	23.175223537524456
KITLG	IL5	Directed	cytokine	23.175223537524456
KITLG	IL6	Directed	cytokine	23.175223537524456
KITLG	IL9	Directed	cytokine	23.175223537524456
KITLG	IRF2	Directed	cytokine	23.175223537524456
KITLG	ITGB3	Directed	cytokine	23.175223537524456
KITLG	KIR2DL3	Directed	cytokine	23.175223537524456
KITLG	KLF1	Directed	cytokine	23.175223537524456
KITLG	KPNA2	Directed	cytokine	23.175223537524456
KITLG	LAPTM5	Directed	cytokine	23.175223537524456
KITLG	LDLR	Directed	cytokine	23.175223537524456
KITLG	LTF	Directed	cytokine	23.175223537524456
KITLG	LY6E	Directed	cytokine	23.175223537524456
KITLG	MAPK11	Directed	cytokine	23.175223537524456
KITLG	MME	Directed	cytokine	23.175223537524456
KITLG	MPO	Directed	cytokine	23.175223537524456
KITLG	N4BP2L1	Directed	cytokine	23.175223537524456
KITLG	NFKB2	Directed	cytokine	23.175223537524456
KITLG	NFKBIA	Directed	cytokine	23.175223537524456
KITLG	OSM	Directed	cytokine	23.175223537524456
KITLG	PARVB	Directed	cytokine	23.175223537524456
KITLG	PIM1	Directed	cytokine	23.175223537524456
KITLG	PKM	Directed	cytokine	23.175223537524456
KITLG	PLCL2	Directed	cytokine	23.175223537524456
KITLG	PRKCB	Directed	cytokine	23.175223537524456
KITLG	PRKCQ	Directed	cytokine	23.175223537524456
KITLG	PTGS2	Directed	cytokine	23.175223537524456
KITLG	SLC4A1	Directed	cytokine	23.175223537524456
KITLG	SNRPG	Directed	cytokine	23.175223537524456
KITLG	SOCS1	Directed	cytokine	23.175223537524456
KITLG	SRGN	Directed	cytokine	23.175223537524456
KITLG	STAT3	Directed	cytokine	23.175223537524456
KITLG	SYK	Directed	cytokine	23.175223537524456
KITLG	TMSB4X	Directed	cytokine	23.175223537524456
KITLG	TNF	Directed	cytokine	23.175223537524456
KITLG	TPM4	Directed	cytokine	23.175223537524456
KITLG	UCP2	Directed	cytokine	23.175223537524456
KITLG	WDR1	Directed	cytokine	23.175223537524456
PF4	C1QB	Directed	cytokine	22.482804102050025
PF4	C3	Directed	cytokine	22.482804102050025
PF4	CCL18	Directed	cytokine	22.482804102050025
PF4	CCL2	Directed	cytokine	22.482804102050025
PF4	CCL22	Directed	cytokine	22.482804102050025
PF4	CCL3	Directed	cytokine	22.482804102050025
PF4	CCL4	Directed	cytokine	22.482804102050025
PF4	CD1C	Directed	cytokine	22.482804102050025
PF4	CD83	Directed	cytokine	22.482804102050025
PF4	CD86	Directed	cytokine	22.482804102050025
PF4	CDKN1A	Directed	cytokine	22.482804102050025
PF4	CMPK2	Directed	cytokine	22.482804102050025
PF4	CXCL3	Directed	cytokine	22.482804102050025
PF4	CXCL8	Directed	cytokine	22.482804102050025
PF4	EPSTI1	Directed	cytokine	22.482804102050025
PF4	FLI1	Directed	cytokine	22.482804102050025
PF4	GCH1	Directed	cytokine	22.482804102050025
PF4	ICAM1	Directed	cytokine	22.482804102050025
PF4	IFNG	Directed	cytokine	22.482804102050025
PF4	IL12B	Directed	cytokine	22.482804102050025
PF4	IL17A	Directed	cytokine	22.482804102050025
PF4	IL1B	Directed	cytokine	22.482804102050025
PF4	IL1RN	Directed	cytokine	22.482804102050025
PF4	IL22	Directed	cytokine	22.482804102050025
PF4	IL23A	Directed	cytokine	22.482804102050025
PF4	IL6	Directed	cytokine	22.482804102050025
PF4	INHBA	Directed	cytokine	22.482804102050025
PF4	IRF1	Directed	cytokine	22.482804102050025
PF4	ISG15	Directed	cytokine	22.482804102050025
PF4	ITGAM	Directed	cytokine	22.482804102050025
PF4	LCN2	Directed	cytokine	22.482804102050025
PF4	LY75	Directed	cytokine	22.482804102050025
PF4	NFKB1	Directed	cytokine	22.482804102050025
PF4	NFKB2	Directed	cytokine	22.482804102050025
PF4	NFKBIA	Directed	cytokine	22.482804102050025
PF4	NKG7	Directed	cytokine	22.482804102050025
PF4	RFX5	Directed	cytokine	22.482804102050025
PF4	RIGI	Directed	cytokine	22.482804102050025
PF4	RSAD2	Directed	cytokine	22.482804102050025
PF4	SOD2	Directed	cytokine	22.482804102050025
PF4	SPHK1	Directed	cytokine	22.482804102050025
PF4	STAT1	Directed	cytokine	22.482804102050025
PF4	STAT2	Directed	cytokine	22.482804102050025
PF4	TGFB1	Directed	cytokine	22.482804102050025
PF4	TNF	Directed	cytokine	22.482804102050025
PF4	TNFAIP3	Directed	cytokine	22.482804102050025
PF4	TNFSF13B	Directed	cytokine	22.482804102050025
PF4	USP18	Directed	cytokine	22.482804102050025
TGFB1	ABCD1	Directed	cytokine	80.62893213772827
TGFB1	ABCF1	Directed	cytokine	80.62893213772827
TGFB1	ACKR2	Directed	cytokine	80.62893213772827
TGFB1	ACSL6	Directed	cytokine	80.62893213772827
TGFB1	ACTC1	Directed	cytokine	80.62893213772827
TGFB1	ACTN1	Directed	cytokine	80.62893213772827
TGFB1	ACVRL1	Directed	cytokine	80.62893213772827
TGFB1	ADAM12	Directed	cytokine	80.62893213772827
TGFB1	ADAM19	Directed	cytokine	80.62893213772827
TGFB1	ADAMTS4	Directed	cytokine	80.62893213772827
TGFB1	ADGRG2	Directed	cytokine	80.62893213772827
TGFB1	ADM	Directed	cytokine	80.62893213772827
TGFB1	AIM2	Directed	cytokine	80.62893213772827
TGFB1	AKT3	Directed	cytokine	80.62893213772827
TGFB1	ALDH1A3	Directed	cytokine	80.62893213772827
TGFB1	ALOX15	Directed	cytokine	80.62893213772827
TGFB1	ALOX5	Directed	cytokine	80.62893213772827
TGFB1	ALOX5AP	Directed	cytokine	80.62893213772827
TGFB1	ANGPTL4	Directed	cytokine	80.62893213772827
TGFB1	ANPEP	Directed	cytokine	80.62893213772827
TGFB1	AREG	Directed	cytokine	80.62893213772827
TGFB1	ARHGAP22	Directed	cytokine	80.62893213772827
TGFB1	ARHGDIA	Directed	cytokine	80.62893213772827
TGFB1	ARHGEF2	Directed	cytokine	80.62893213772827
TGFB1	ASGR2	Directed	cytokine	80.62893213772827
TGFB1	ASS1	Directed	cytokine	80.62893213772827
TGFB1	ATF3	Directed	cytokine	80.62893213772827
TGFB1	ATP13A3	Directed	cytokine	80.62893213772827
TGFB1	B2M	Directed	cytokine	80.62893213772827
TGFB1	BAX	Directed	cytokine	80.62893213772827
TGFB1	BCL2L11	Directed	cytokine	80.62893213772827
TGFB1	BCL3	Directed	cytokine	80.62893213772827
TGFB1	BFAR	Directed	cytokine	80.62893213772827
TGFB1	BHLHE40	Directed	cytokine	80.62893213772827
TGFB1	BID	Directed	cytokine	80.62893213772827
TGFB1	BIRC3	Directed	cytokine	80.62893213772827
TGFB1	BRCA2	Directed	cytokine	80.62893213772827
TGFB1	C1QA	Directed	cytokine	80.62893213772827
TGFB1	C1QB	Directed	cytokine	80.62893213772827
TGFB1	C1QC	Directed	cytokine	80.62893213772827
TGFB1	C1R	Directed	cytokine	80.62893213772827
TGFB1	C2	Directed	cytokine	80.62893213772827
TGFB1	C3	Directed	cytokine	80.62893213772827
TGFB1	C3AR1	Directed	cytokine	80.62893213772827
TGFB1	C4BPA	Directed	cytokine	80.62893213772827
TGFB1	C5AR1	Directed	cytokine	80.62893213772827
TGFB1	CALCA	Directed	cytokine	80.62893213772827
TGFB1	CALR	Directed	cytokine	80.62893213772827
TGFB1	CAP1	Directed	cytokine	80.62893213772827
TGFB1	CAPNS1	Directed	cytokine	80.62893213772827
TGFB1	CASP1	Directed	cytokine	80.62893213772827
TGFB1	CASP3	Directed	cytokine	80.62893213772827
TGFB1	CASP8	Directed	cytokine	80.62893213772827
TGFB1	CBR3	Directed	cytokine	80.62893213772827
TGFB1	CCL11	Directed	cytokine	80.62893213772827
TGFB1	CCL18	Directed	cytokine	80.62893213772827
TGFB1	CCL2	Directed	cytokine	80.62893213772827
TGFB1	CCL20	Directed	cytokine	80.62893213772827
TGFB1	CCL3	Directed	cytokine	80.62893213772827
TGFB1	CCL5	Directed	cytokine	80.62893213772827
TGFB1	CCL8	Directed	cytokine	80.62893213772827
TGFB1	CCN1	Directed	cytokine	80.62893213772827
TGFB1	CCND2	Directed	cytokine	80.62893213772827
TGFB1	CCND3	Directed	cytokine	80.62893213772827
TGFB1	CCR1	Directed	cytokine	80.62893213772827
TGFB1	CCR2	Directed	cytokine	80.62893213772827
TGFB1	CCR3	Directed	cytokine	80.62893213772827
TGFB1	CCR4	Directed	cytokine	80.62893213772827
TGFB1	CCR5	Directed	cytokine	80.62893213772827
TGFB1	CCR6	Directed	cytokine	80.62893213772827
TGFB1	CCR7	Directed	cytokine	80.62893213772827
TGFB1	CCRL2	Directed	cytokine	80.62893213772827
TGFB1	CCT5	Directed	cytokine	80.62893213772827
TGFB1	CD14	Directed	cytokine	80.62893213772827
TGFB1	CD163	Directed	cytokine	80.62893213772827
TGFB1	CD226	Directed	cytokine	80.62893213772827
TGFB1	CD274	Directed	cytokine	80.62893213772827
TGFB1	CD28	Directed	cytokine	80.62893213772827
TGFB1	CD300A	Directed	cytokine	80.62893213772827
TGFB1	CD4	Directed	cytokine	80.62893213772827
TGFB1	CD40	Directed	cytokine	80.62893213772827
TGFB1	CD68	Directed	cytokine	80.62893213772827
TGFB1	CD69	Directed	cytokine	80.62893213772827
TGFB1	CD72	Directed	cytokine	80.62893213772827
TGFB1	CD74	Directed	cytokine	80.62893213772827
TGFB1	CD80	Directed	cytokine	80.62893213772827
TGFB1	CD83	Directed	cytokine	80.62893213772827
TGFB1	CD86	Directed	cytokine	80.62893213772827
TGFB1	CD8B	Directed	cytokine	80.62893213772827
TGFB1	CDC7	Directed	cytokine	80.62893213772827
TGFB1	CDKN1A	Directed	cytokine	80.62893213772827
TGFB1	CDKN2A	Directed	cytokine	80.62893213772827
TGFB1	CELF2	Directed	cytokine	80.62893213772827
TGFB1	CFB	Directed	cytokine	80.62893213772827
TGFB1	CFL1	Directed	cytokine	80.62893213772827
TGFB1	CHI3L1	Directed	cytokine	80.62893213772827
TGFB1	CHI3L2	Directed	cytokine	80.62893213772827
TGFB1	CHST11	Directed	cytokine	80.62893213772827
TGFB1	CIITA	Directed	cytokine	80.62893213772827
TGFB1	CLEC2D	Directed	cytokine	80.62893213772827
TGFB1	CLU	Directed	cytokine	80.62893213772827
TGFB1	CNN2	Directed	cytokine	80.62893213772827
TGFB1	COL4A1	Directed	cytokine	80.62893213772827
TGFB1	COL4A2	Directed	cytokine	80.62893213772827
TGFB1	COTL1	Directed	cytokine	80.62893213772827
TGFB1	CRP	Directed	cytokine	80.62893213772827
TGFB1	CSF1	Directed	cytokine	80.62893213772827
TGFB1	CSF1R	Directed	cytokine	80.62893213772827
TGFB1	CSF2	Directed	cytokine	80.62893213772827
TGFB1	CTLA4	Directed	cytokine	80.62893213772827
TGFB1	CTPS1	Directed	cytokine	80.62893213772827
TGFB1	CTSB	Directed	cytokine	80.62893213772827
TGFB1	CTSC	Directed	cytokine	80.62893213772827
TGFB1	CTSH	Directed	cytokine	80.62893213772827
TGFB1	CTSL	Directed	cytokine	80.62893213772827
TGFB1	CTSS	Directed	cytokine	80.62893213772827
TGFB1	CX3CL1	Directed	cytokine	80.62893213772827
TGFB1	CXCL1	Directed	cytokine	80.62893213772827
TGFB1	CXCL13	Directed	cytokine	80.62893213772827
TGFB1	CXCL3	Directed	cytokine	80.62893213772827
TGFB1	CXCL8	Directed	cytokine	80.62893213772827
TGFB1	CXCR1	Directed	cytokine	80.62893213772827
TGFB1	CXCR2	Directed	cytokine	80.62893213772827
TGFB1	CXCR3	Directed	cytokine	80.62893213772827
TGFB1	CXCR4	Directed	cytokine	80.62893213772827
TGFB1	CXCR5	Directed	cytokine	80.62893213772827
TGFB1	CXCR6	Directed	cytokine	80.62893213772827
TGFB1	CYBA	Directed	cytokine	80.62893213772827
TGFB1	CYBB	Directed	cytokine	80.62893213772827
TGFB1	CYP19A1	Directed	cytokine	80.62893213772827
TGFB1	CYP21A2	Directed	cytokine	80.62893213772827
TGFB1	CYP27B1	Directed	cytokine	80.62893213772827
TGFB1	DAXX	Directed	cytokine	80.62893213772827
TGFB1	DDIT4	Directed	cytokine	80.62893213772827
TGFB1	DDX21	Directed	cytokine	80.62893213772827
TGFB1	DNAJA1	Directed	cytokine	80.62893213772827
TGFB1	DOCK2	Directed	cytokine	80.62893213772827
TGFB1	DOCK4	Directed	cytokine	80.62893213772827
TGFB1	DOK1	Directed	cytokine	80.62893213772827
TGFB1	EHD1	Directed	cytokine	80.62893213772827
TGFB1	EIF2S2	Directed	cytokine	80.62893213772827
TGFB1	EIF4A3	Directed	cytokine	80.62893213772827
TGFB1	EIF4EBP1	Directed	cytokine	80.62893213772827
TGFB1	ELF4	Directed	cytokine	80.62893213772827
TGFB1	ELMO1	Directed	cytokine	80.62893213772827
TGFB1	EMILIN1	Directed	cytokine	80.62893213772827
TGFB1	ENG	Directed	cytokine	80.62893213772827
TGFB1	ENO1	Directed	cytokine	80.62893213772827
TGFB1	EOMES	Directed	cytokine	80.62893213772827
TGFB1	ETS1	Directed	cytokine	80.62893213772827
TGFB1	FAS	Directed	cytokine	80.62893213772827
TGFB1	FASLG	Directed	cytokine	80.62893213772827
TGFB1	FCAR	Directed	cytokine	80.62893213772827
TGFB1	FCER1G	Directed	cytokine	80.62893213772827
TGFB1	FCER2	Directed	cytokine	80.62893213772827
TGFB1	FCGR1A	Directed	cytokine	80.62893213772827
TGFB1	FCGR3A	Directed	cytokine	80.62893213772827
TGFB1	FLI1	Directed	cytokine	80.62893213772827
TGFB1	FLT1	Directed	cytokine	80.62893213772827
TGFB1	FNBP1	Directed	cytokine	80.62893213772827
TGFB1	FOSL1	Directed	cytokine	80.62893213772827
TGFB1	FOXP3	Directed	cytokine	80.62893213772827
TGFB1	FPR2	Directed	cytokine	80.62893213772827
TGFB1	FSCN1	Directed	cytokine	80.62893213772827
TGFB1	FTH1	Directed	cytokine	80.62893213772827
TGFB1	FUT7	Directed	cytokine	80.62893213772827
TGFB1	FXYD5	Directed	cytokine	80.62893213772827
TGFB1	FZD2	Directed	cytokine	80.62893213772827
TGFB1	FZD5	Directed	cytokine	80.62893213772827
TGFB1	GAD1	Directed	cytokine	80.62893213772827
TGFB1	GADD45B	Directed	cytokine	80.62893213772827
TGFB1	GALM	Directed	cytokine	80.62893213772827
TGFB1	GBP1	Directed	cytokine	80.62893213772827
TGFB1	GCNT1	Directed	cytokine	80.62893213772827
TGFB1	GFI1	Directed	cytokine	80.62893213772827
TGFB1	GFPT2	Directed	cytokine	80.62893213772827
TGFB1	GLS	Directed	cytokine	80.62893213772827
TGFB1	GLUL	Directed	cytokine	80.62893213772827
TGFB1	GNA13	Directed	cytokine	80.62893213772827
TGFB1	GNA14	Directed	cytokine	80.62893213772827
TGFB1	GNAI2	Directed	cytokine	80.62893213772827
TGFB1	GPI	Directed	cytokine	80.62893213772827
TGFB1	GPR19	Directed	cytokine	80.62893213772827
TGFB1	GTPBP1	Directed	cytokine	80.62893213772827
TGFB1	GYG1	Directed	cytokine	80.62893213772827
TGFB1	GZMA	Directed	cytokine	80.62893213772827
TGFB1	GZMB	Directed	cytokine	80.62893213772827
TGFB1	HABP2	Directed	cytokine	80.62893213772827
TGFB1	HAPLN3	Directed	cytokine	80.62893213772827
TGFB1	HAS2	Directed	cytokine	80.62893213772827
TGFB1	HAS3	Directed	cytokine	80.62893213772827
TGFB1	HAT1	Directed	cytokine	80.62893213772827
TGFB1	HBEGF	Directed	cytokine	80.62893213772827
TGFB1	HCAR2	Directed	cytokine	80.62893213772827
TGFB1	HCST	Directed	cytokine	80.62893213772827
TGFB1	HERC5	Directed	cytokine	80.62893213772827
TGFB1	HHEX	Directed	cytokine	80.62893213772827
TGFB1	HIF1A	Directed	cytokine	80.62893213772827
TGFB1	HK2	Directed	cytokine	80.62893213772827
TGFB1	HKDC1	Directed	cytokine	80.62893213772827
TGFB1	HLA-DMA	Directed	cytokine	80.62893213772827
TGFB1	HLA-DPA1	Directed	cytokine	80.62893213772827
TGFB1	HLA-DQA1	Directed	cytokine	80.62893213772827
TGFB1	HLA-DQA2	Directed	cytokine	80.62893213772827
TGFB1	HLA-DQB1	Directed	cytokine	80.62893213772827
TGFB1	HLA-DRA	Directed	cytokine	80.62893213772827
TGFB1	HLA-DRB1	Directed	cytokine	80.62893213772827
TGFB1	HLA-DRB5	Directed	cytokine	80.62893213772827
TGFB1	HRH2	Directed	cytokine	80.62893213772827
TGFB1	HSP90AA1	Directed	cytokine	80.62893213772827
TGFB1	HSP90B1	Directed	cytokine	80.62893213772827
TGFB1	HSPA5	Directed	cytokine	80.62893213772827
TGFB1	ICAM1	Directed	cytokine	80.62893213772827
TGFB1	ICAM2	Directed	cytokine	80.62893213772827
TGFB1	IDO1	Directed	cytokine	80.62893213772827
TGFB1	IER3	Directed	cytokine	80.62893213772827
TGFB1	IFI16	Directed	cytokine	80.62893213772827
TGFB1	IFI27	Directed	cytokine	80.62893213772827
TGFB1	IFI30	Directed	cytokine	80.62893213772827
TGFB1	IFIH1	Directed	cytokine	80.62893213772827
TGFB1	IFIT3	Directed	cytokine	80.62893213772827
TGFB1	IFNB1	Directed	cytokine	80.62893213772827
TGFB1	IFNG	Directed	cytokine	80.62893213772827
TGFB1	IGHM	Directed	cytokine	80.62893213772827
TGFB1	IKZF3	Directed	cytokine	80.62893213772827
TGFB1	IL10	Directed	cytokine	80.62893213772827
TGFB1	IL10RA	Directed	cytokine	80.62893213772827
TGFB1	IL12A	Directed	cytokine	80.62893213772827
TGFB1	IL12B	Directed	cytokine	80.62893213772827
TGFB1	IL13	Directed	cytokine	80.62893213772827
TGFB1	IL15	Directed	cytokine	80.62893213772827
TGFB1	IL17A	Directed	cytokine	80.62893213772827
TGFB1	IL17F	Directed	cytokine	80.62893213772827
TGFB1	IL1B	Directed	cytokine	80.62893213772827
TGFB1	IL1RL1	Directed	cytokine	80.62893213772827
TGFB1	IL1RN	Directed	cytokine	80.62893213772827
TGFB1	IL2	Directed	cytokine	80.62893213772827
TGFB1	IL21	Directed	cytokine	80.62893213772827
TGFB1	IL22	Directed	cytokine	80.62893213772827
TGFB1	IL23A	Directed	cytokine	80.62893213772827
TGFB1	IL2RA	Directed	cytokine	80.62893213772827
TGFB1	IL2RB	Directed	cytokine	80.62893213772827
TGFB1	IL32	Directed	cytokine	80.62893213772827
TGFB1	IL36A	Directed	cytokine	80.62893213772827
TGFB1	IL4	Directed	cytokine	80.62893213772827
TGFB1	IL4R	Directed	cytokine	80.62893213772827
TGFB1	IL5	Directed	cytokine	80.62893213772827
TGFB1	IL6	Directed	cytokine	80.62893213772827
TGFB1	IL6R	Directed	cytokine	80.62893213772827
TGFB1	IL9	Directed	cytokine	80.62893213772827
TGFB1	INHBA	Directed	cytokine	80.62893213772827
TGFB1	INPP5D	Directed	cytokine	80.62893213772827
TGFB1	IRAK2	Directed	cytokine	80.62893213772827
TGFB1	IRF1	Directed	cytokine	80.62893213772827
TGFB1	IRF8	Directed	cytokine	80.62893213772827
TGFB1	ISG15	Directed	cytokine	80.62893213772827
TGFB1	ITGA4	Directed	cytokine	80.62893213772827
TGFB1	ITGA5	Directed	cytokine	80.62893213772827
TGFB1	ITGAL	Directed	cytokine	80.62893213772827
TGFB1	ITGAM	Directed	cytokine	80.62893213772827
TGFB1	ITGAX	Directed	cytokine	80.62893213772827
TGFB1	ITGB2	Directed	cytokine	80.62893213772827
TGFB1	ITGB3	Directed	cytokine	80.62893213772827
TGFB1	ITGB6	Directed	cytokine	80.62893213772827
TGFB1	ITGB7	Directed	cytokine	80.62893213772827
TGFB1	JUNB	Directed	cytokine	80.62893213772827
TGFB1	KLRC1	Directed	cytokine	80.62893213772827
TGFB1	KLRD1	Directed	cytokine	80.62893213772827
TGFB1	KLRK1	Directed	cytokine	80.62893213772827
TGFB1	KRT17	Directed	cytokine	80.62893213772827
TGFB1	LASP1	Directed	cytokine	80.62893213772827
TGFB1	LCN2	Directed	cytokine	80.62893213772827
TGFB1	LDHA	Directed	cytokine	80.62893213772827
TGFB1	LDLR	Directed	cytokine	80.62893213772827
TGFB1	LEF1	Directed	cytokine	80.62893213772827
TGFB1	LGALS9	Directed	cytokine	80.62893213772827
TGFB1	LIF	Directed	cytokine	80.62893213772827
TGFB1	LIFR	Directed	cytokine	80.62893213772827
TGFB1	LIPF	Directed	cytokine	80.62893213772827
TGFB1	LITAF	Directed	cytokine	80.62893213772827
TGFB1	LSM2	Directed	cytokine	80.62893213772827
TGFB1	LSM6	Directed	cytokine	80.62893213772827
TGFB1	LTA	Directed	cytokine	80.62893213772827
TGFB1	MANF	Directed	cytokine	80.62893213772827
TGFB1	MAPKAPK2	Directed	cytokine	80.62893213772827
TGFB1	MCL1	Directed	cytokine	80.62893213772827
TGFB1	ME2	Directed	cytokine	80.62893213772827
TGFB1	MEFV	Directed	cytokine	80.62893213772827
TGFB1	MET	Directed	cytokine	80.62893213772827
TGFB1	MGAT4A	Directed	cytokine	80.62893213772827
TGFB1	MMP1	Directed	cytokine	80.62893213772827
TGFB1	MMP12	Directed	cytokine	80.62893213772827
TGFB1	MMP13	Directed	cytokine	80.62893213772827
TGFB1	MMP3	Directed	cytokine	80.62893213772827
TGFB1	MMP9	Directed	cytokine	80.62893213772827
TGFB1	MRC1	Directed	cytokine	80.62893213772827
TGFB1	MSN	Directed	cytokine	80.62893213772827
TGFB1	MSR1	Directed	cytokine	80.62893213772827
TGFB1	MTHFD2	Directed	cytokine	80.62893213772827
TGFB1	MUC4	Directed	cytokine	80.62893213772827
TGFB1	MX1	Directed	cytokine	80.62893213772827
TGFB1	MYBL1	Directed	cytokine	80.62893213772827
TGFB1	MYD88	Directed	cytokine	80.62893213772827
TGFB1	MYH7	Directed	cytokine	80.62893213772827
TGFB1	MYL6	Directed	cytokine	80.62893213772827
TGFB1	NAMPT	Directed	cytokine	80.62893213772827
TGFB1	NCF1	Directed	cytokine	80.62893213772827
TGFB1	NCF2	Directed	cytokine	80.62893213772827
TGFB1	NCR3	Directed	cytokine	80.62893213772827
TGFB1	NFKB2	Directed	cytokine	80.62893213772827
TGFB1	NFKBIA	Directed	cytokine	80.62893213772827
TGFB1	NLRP3	Directed	cytokine	80.62893213772827
TGFB1	NME1	Directed	cytokine	80.62893213772827
TGFB1	NNMT	Directed	cytokine	80.62893213772827
TGFB1	NOS2	Directed	cytokine	80.62893213772827
TGFB1	NR4A3	Directed	cytokine	80.62893213772827
TGFB1	NT5E	Directed	cytokine	80.62893213772827
TGFB1	NUP62	Directed	cytokine	80.62893213772827
TGFB1	OLR1	Directed	cytokine	80.62893213772827
TGFB1	OSM	Directed	cytokine	80.62893213772827
TGFB1	P2RY14	Directed	cytokine	80.62893213772827
TGFB1	P2RY6	Directed	cytokine	80.62893213772827
TGFB1	PARK7	Directed	cytokine	80.62893213772827
TGFB1	PARP1	Directed	cytokine	80.62893213772827
TGFB1	PARP3	Directed	cytokine	80.62893213772827
TGFB1	PCBP3	Directed	cytokine	80.62893213772827
TGFB1	PDCD1	Directed	cytokine	80.62893213772827
TGFB1	PDE4D	Directed	cytokine	80.62893213772827
TGFB1	PDE7A	Directed	cytokine	80.62893213772827
TGFB1	PDPN	Directed	cytokine	80.62893213772827
TGFB1	PDZK1IP1	Directed	cytokine	80.62893213772827
TGFB1	PFKP	Directed	cytokine	80.62893213772827
TGFB1	PGK1	Directed	cytokine	80.62893213772827
TGFB1	PHLDA2	Directed	cytokine	80.62893213772827
TGFB1	PIK3CD	Directed	cytokine	80.62893213772827
TGFB1	PILRA	Directed	cytokine	80.62893213772827
TGFB1	PIM1	Directed	cytokine	80.62893213772827
TGFB1	PITPNM1	Directed	cytokine	80.62893213772827
TGFB1	PKM	Directed	cytokine	80.62893213772827
TGFB1	PLA1A	Directed	cytokine	80.62893213772827
TGFB1	PLAU	Directed	cytokine	80.62893213772827
TGFB1	PLAUR	Directed	cytokine	80.62893213772827
TGFB1	PLXNC1	Directed	cytokine	80.62893213772827
TGFB1	PML	Directed	cytokine	80.62893213772827
TGFB1	PNOC	Directed	cytokine	80.62893213772827
TGFB1	PNP	Directed	cytokine	80.62893213772827
TGFB1	PNPT1	Directed	cytokine	80.62893213772827
TGFB1	PPP1R3C	Directed	cytokine	80.62893213772827
TGFB1	PRL	Directed	cytokine	80.62893213772827
TGFB1	PROCR	Directed	cytokine	80.62893213772827
TGFB1	PRSS22	Directed	cytokine	80.62893213772827
TGFB1	PSMC1	Directed	cytokine	80.62893213772827
TGFB1	PTAFR	Directed	cytokine	80.62893213772827
TGFB1	PTGER2	Directed	cytokine	80.62893213772827
TGFB1	PTGER4	Directed	cytokine	80.62893213772827
TGFB1	PTGES	Directed	cytokine	80.62893213772827
TGFB1	PTGS2	Directed	cytokine	80.62893213772827
TGFB1	PTPN6	Directed	cytokine	80.62893213772827
TGFB1	PTPRC	Directed	cytokine	80.62893213772827
TGFB1	PTX3	Directed	cytokine	80.62893213772827
TGFB1	RAB31	Directed	cytokine	80.62893213772827
TGFB1	RAB5IF	Directed	cytokine	80.62893213772827
TGFB1	RALB	Directed	cytokine	80.62893213772827
TGFB1	RASGRP1	Directed	cytokine	80.62893213772827
TGFB1	RASGRP3	Directed	cytokine	80.62893213772827
TGFB1	RB1	Directed	cytokine	80.62893213772827
TGFB1	RETN	Directed	cytokine	80.62893213772827
TGFB1	RFLNB	Directed	cytokine	80.62893213772827
TGFB1	RHOU	Directed	cytokine	80.62893213772827
TGFB1	RND1	Directed	cytokine	80.62893213772827
TGFB1	RSAD2	Directed	cytokine	80.62893213772827
TGFB1	RSPO3	Directed	cytokine	80.62893213772827
TGFB1	RSU1	Directed	cytokine	80.62893213772827
TGFB1	RTN1	Directed	cytokine	80.62893213772827
TGFB1	RUNX1	Directed	cytokine	80.62893213772827
TGFB1	RUNX2	Directed	cytokine	80.62893213772827
TGFB1	RUNX3	Directed	cytokine	80.62893213772827
TGFB1	RXFP1	Directed	cytokine	80.62893213772827
TGFB1	S100A10	Directed	cytokine	80.62893213772827
TGFB1	S100A11	Directed	cytokine	80.62893213772827
TGFB1	S1PR1	Directed	cytokine	80.62893213772827
TGFB1	S1PR2	Directed	cytokine	80.62893213772827
TGFB1	S1PR3	Directed	cytokine	80.62893213772827
TGFB1	S1PR4	Directed	cytokine	80.62893213772827
TGFB1	SAMHD1	Directed	cytokine	80.62893213772827
TGFB1	SBNO2	Directed	cytokine	80.62893213772827
TGFB1	SEC61B	Directed	cytokine	80.62893213772827
TGFB1	SELE	Directed	cytokine	80.62893213772827
TGFB1	SELP	Directed	cytokine	80.62893213772827
TGFB1	SELPLG	Directed	cytokine	80.62893213772827
TGFB1	SERPINA1	Directed	cytokine	80.62893213772827
TGFB1	SERPINA3	Directed	cytokine	80.62893213772827
TGFB1	SERPINE1	Directed	cytokine	80.62893213772827
TGFB1	SERPINE2	Directed	cytokine	80.62893213772827
TGFB1	SERPINF2	Directed	cytokine	80.62893213772827
TGFB1	SERPINH1	Directed	cytokine	80.62893213772827
TGFB1	SERTAD1	Directed	cytokine	80.62893213772827
TGFB1	SHISA5	Directed	cytokine	80.62893213772827
TGFB1	SLA	Directed	cytokine	80.62893213772827
TGFB1	SLAMF1	Directed	cytokine	80.62893213772827
TGFB1	SLAMF7	Directed	cytokine	80.62893213772827
TGFB1	SLC12A7	Directed	cytokine	80.62893213772827
TGFB1	SLC16A3	Directed	cytokine	80.62893213772827
TGFB1	SLC20A1	Directed	cytokine	80.62893213772827
TGFB1	SLC2A3	Directed	cytokine	80.62893213772827
TGFB1	SLC39A14	Directed	cytokine	80.62893213772827
TGFB1	SLC39A8	Directed	cytokine	80.62893213772827
TGFB1	SLC4A1	Directed	cytokine	80.62893213772827
TGFB1	SLC5A5	Directed	cytokine	80.62893213772827
TGFB1	SMAD7	Directed	cytokine	80.62893213772827
TGFB1	SNAI1	Directed	cytokine	80.62893213772827
TGFB1	SOCS1	Directed	cytokine	80.62893213772827
TGFB1	SOCS3	Directed	cytokine	80.62893213772827
TGFB1	SOD2	Directed	cytokine	80.62893213772827
TGFB1	SPHK1	Directed	cytokine	80.62893213772827
TGFB1	SPI1	Directed	cytokine	80.62893213772827
TGFB1	SPP1	Directed	cytokine	80.62893213772827
TGFB1	SPPL2A	Directed	cytokine	80.62893213772827
TGFB1	SRC	Directed	cytokine	80.62893213772827
TGFB1	SRFBP1	Directed	cytokine	80.62893213772827
TGFB1	SRI	Directed	cytokine	80.62893213772827
TGFB1	SRM	Directed	cytokine	80.62893213772827
TGFB1	SSTR2	Directed	cytokine	80.62893213772827
TGFB1	ST3GAL5	Directed	cytokine	80.62893213772827
TGFB1	STARD4	Directed	cytokine	80.62893213772827
TGFB1	STAT1	Directed	cytokine	80.62893213772827
TGFB1	STAT3	Directed	cytokine	80.62893213772827
TGFB1	STAT5A	Directed	cytokine	80.62893213772827
TGFB1	STC2	Directed	cytokine	80.62893213772827
TGFB1	STK17A	Directed	cytokine	80.62893213772827
TGFB1	SYK	Directed	cytokine	80.62893213772827
TGFB1	TAGLN2	Directed	cytokine	80.62893213772827
TGFB1	TBC1D1	Directed	cytokine	80.62893213772827
TGFB1	TBX21	Directed	cytokine	80.62893213772827
TGFB1	TCF7	Directed	cytokine	80.62893213772827
TGFB1	TCN2	Directed	cytokine	80.62893213772827
TGFB1	TFRC	Directed	cytokine	80.62893213772827
TGFB1	TGFB1	Directed	cytokine	80.62893213772827
TGFB1	TGM2	Directed	cytokine	80.62893213772827
TGFB1	THBS1	Directed	cytokine	80.62893213772827
TGFB1	THY1	Directed	cytokine	80.62893213772827
TGFB1	TIMP1	Directed	cytokine	80.62893213772827
TGFB1	TLR2	Directed	cytokine	80.62893213772827
TGFB1	TLR4	Directed	cytokine	80.62893213772827
TGFB1	TNC	Directed	cytokine	80.62893213772827
TGFB1	TNF	Directed	cytokine	80.62893213772827
TGFB1	TNFAIP3	Directed	cytokine	80.62893213772827
TGFB1	TNFAIP6	Directed	cytokine	80.62893213772827
TGFB1	TNFAIP8	Directed	cytokine	80.62893213772827
TGFB1	TNFRSF10A	Directed	cytokine	80.62893213772827
TGFB1	TNFRSF11B	Directed	cytokine	80.62893213772827
TGFB1	TNFRSF12A	Directed	cytokine	80.62893213772827
TGFB1	TNFRSF14	Directed	cytokine	80.62893213772827
TGFB1	TNFSF10	Directed	cytokine	80.62893213772827
TGFB1	TNFSF11	Directed	cytokine	80.62893213772827
TGFB1	TNFSF13B	Directed	cytokine	80.62893213772827
TGFB1	TPI1	Directed	cytokine	80.62893213772827
TGFB1	TPM3	Directed	cytokine	80.62893213772827
TGFB1	TPM4	Directed	cytokine	80.62893213772827
TGFB1	TRAF1	Directed	cytokine	80.62893213772827
TGFB1	TRAV12-3	Directed	cytokine	80.62893213772827
TGFB1	TRBV30	Directed	cytokine	80.62893213772827
TGFB1	TRDV1	Directed	cytokine	80.62893213772827
TGFB1	TYMP	Directed	cytokine	80.62893213772827
TGFB1	VASP	Directed	cytokine	80.62893213772827
TGFB1	VCAM1	Directed	cytokine	80.62893213772827
TGFB1	VEGFA	Directed	cytokine	80.62893213772827
TGFB1	VEGFC	Directed	cytokine	80.62893213772827
TGFB1	XCL1	Directed	cytokine	80.62893213772827
TGFB1	XCL2	Directed	cytokine	80.62893213772827
TGFB1	XDH	Directed	cytokine	80.62893213772827
TGFB1	ZFP36	Directed	cytokine	80.62893213772827
TGFB1	ZYX	Directed	cytokine	80.62893213772827
THPO	ACHE	Directed	cytokine	12.480172006224281
THPO	BAX	Directed	cytokine	12.480172006224281
THPO	CCND2	Directed	cytokine	12.480172006224281
THPO	CCND3	Directed	cytokine	12.480172006224281
THPO	CISH	Directed	cytokine	12.480172006224281
THPO	CMPK2	Directed	cytokine	12.480172006224281
THPO	CXCL1	Directed	cytokine	12.480172006224281
THPO	EPSTI1	Directed	cytokine	12.480172006224281
THPO	FLI1	Directed	cytokine	12.480172006224281
THPO	GCH1	Directed	cytokine	12.480172006224281
THPO	GP5	Directed	cytokine	12.480172006224281
THPO	ICAM1	Directed	cytokine	12.480172006224281
THPO	IL1B	Directed	cytokine	12.480172006224281
THPO	IL6	Directed	cytokine	12.480172006224281
THPO	INHBA	Directed	cytokine	12.480172006224281
THPO	IRF1	Directed	cytokine	12.480172006224281
THPO	ISG15	Directed	cytokine	12.480172006224281
THPO	ITGB3	Directed	cytokine	12.480172006224281
THPO	JAK2	Directed	cytokine	12.480172006224281
THPO	NFKB2	Directed	cytokine	12.480172006224281
THPO	NFKBIA	Directed	cytokine	12.480172006224281
THPO	PIM1	Directed	cytokine	12.480172006224281
THPO	RFX5	Directed	cytokine	12.480172006224281
THPO	RIGI	Directed	cytokine	12.480172006224281
THPO	RSAD2	Directed	cytokine	12.480172006224281
THPO	RUNX1	Directed	cytokine	12.480172006224281
THPO	SELP	Directed	cytokine	12.480172006224281
THPO	SH2B3	Directed	cytokine	12.480172006224281
THPO	SOCS3	Directed	cytokine	12.480172006224281
THPO	SOD2	Directed	cytokine	12.480172006224281
THPO	STAT1	Directed	cytokine	12.480172006224281
THPO	STAT2	Directed	cytokine	12.480172006224281
THPO	STAT3	Directed	cytokine	12.480172006224281
THPO	TAP1	Directed	cytokine	12.480172006224281
THPO	TNF	Directed	cytokine	12.480172006224281
THPO	TNFAIP3	Directed	cytokine	12.480172006224281
THPO	USP18	Directed	cytokine	12.480172006224281
THPO	VEGFA	Directed	cytokine	12.480172006224281
TIMP1	CCL20	Directed	cytokine	9.29413628771608
TIMP1	CD163	Directed	cytokine	9.29413628771608
TIMP1	CD38	Directed	cytokine	9.29413628771608
TIMP1	CD40	Directed	cytokine	9.29413628771608
TIMP1	CD80	Directed	cytokine	9.29413628771608
TIMP1	CDKN1A	Directed	cytokine	9.29413628771608
TIMP1	CSF2	Directed	cytokine	9.29413628771608
TIMP1	CXCL1	Directed	cytokine	9.29413628771608
TIMP1	CXCL5	Directed	cytokine	9.29413628771608
TIMP1	FCER2	Directed	cytokine	9.29413628771608
TIMP1	FLT1	Directed	cytokine	9.29413628771608
TIMP1	IFNG	Directed	cytokine	9.29413628771608
TIMP1	IL1B	Directed	cytokine	9.29413628771608
TIMP1	IL3	Directed	cytokine	9.29413628771608
TIMP1	IL6	Directed	cytokine	9.29413628771608
TIMP1	ITGAX	Directed	cytokine	9.29413628771608
TIMP1	MET	Directed	cytokine	9.29413628771608
TIMP1	MME	Directed	cytokine	9.29413628771608
TIMP1	MMP9	Directed	cytokine	9.29413628771608
TIMP1	PLAU	Directed	cytokine	9.29413628771608
TIMP1	PLAUR	Directed	cytokine	9.29413628771608
TIMP1	TNF	Directed	cytokine	9.29413628771608
TNF	ACKR2	Directed	cytokine	180.5543957967264
TNF	ACOD1	Directed	cytokine	180.5543957967264
TNF	ACSL4	Directed	cytokine	180.5543957967264
TNF	ACSL5	Directed	cytokine	180.5543957967264
TNF	ACTB	Directed	cytokine	180.5543957967264
TNF	ADAM8	Directed	cytokine	180.5543957967264
TNF	ADAMTS4	Directed	cytokine	180.5543957967264
TNF	ADAMTS8	Directed	cytokine	180.5543957967264
TNF	ADAR	Directed	cytokine	180.5543957967264
TNF	ADCY7	Directed	cytokine	180.5543957967264
TNF	ADGRD1	Directed	cytokine	180.5543957967264
TNF	ADGRE1	Directed	cytokine	180.5543957967264
TNF	ADM	Directed	cytokine	180.5543957967264
TNF	ADORA2A	Directed	cytokine	180.5543957967264
TNF	ADRB3	Directed	cytokine	180.5543957967264
TNF	AGER	Directed	cytokine	180.5543957967264
TNF	AKR1B10	Directed	cytokine	180.5543957967264
TNF	AKT3	Directed	cytokine	180.5543957967264
TNF	ALDH1A3	Directed	cytokine	180.5543957967264
TNF	ALOX5	Directed	cytokine	180.5543957967264
TNF	ALOX5AP	Directed	cytokine	180.5543957967264
TNF	ANGPTL4	Directed	cytokine	180.5543957967264
TNF	ANPEP	Directed	cytokine	180.5543957967264
TNF	ANXA1	Directed	cytokine	180.5543957967264
TNF	APBB1IP	Directed	cytokine	180.5543957967264
TNF	APOBEC3B	Directed	cytokine	180.5543957967264
TNF	APOL1	Directed	cytokine	180.5543957967264
TNF	ARHGAP22	Directed	cytokine	180.5543957967264
TNF	ARHGDIB	Directed	cytokine	180.5543957967264
TNF	ASCL2	Directed	cytokine	180.5543957967264
TNF	ASS1	Directed	cytokine	180.5543957967264
TNF	ATF3	Directed	cytokine	180.5543957967264
TNF	B2M	Directed	cytokine	180.5543957967264
TNF	B4GALT1	Directed	cytokine	180.5543957967264
TNF	BAX	Directed	cytokine	180.5543957967264
TNF	BCL10	Directed	cytokine	180.5543957967264
TNF	BCL2A1	Directed	cytokine	180.5543957967264
TNF	BCL2L11	Directed	cytokine	180.5543957967264
TNF	BCL3	Directed	cytokine	180.5543957967264
TNF	BHLHE40	Directed	cytokine	180.5543957967264
TNF	BID	Directed	cytokine	180.5543957967264
TNF	BIRC3	Directed	cytokine	180.5543957967264
TNF	BLVRA	Directed	cytokine	180.5543957967264
TNF	BST2	Directed	cytokine	180.5543957967264
TNF	BTN3A3	Directed	cytokine	180.5543957967264
TNF	C15orf48	Directed	cytokine	180.5543957967264
TNF	C1QTNF1	Directed	cytokine	180.5543957967264
TNF	C2CD4A	Directed	cytokine	180.5543957967264
TNF	C3	Directed	cytokine	180.5543957967264
TNF	C3AR1	Directed	cytokine	180.5543957967264
TNF	C5AR1	Directed	cytokine	180.5543957967264
TNF	CA2	Directed	cytokine	180.5543957967264
TNF	CALCA	Directed	cytokine	180.5543957967264
TNF	CALHM6	Directed	cytokine	180.5543957967264
TNF	CALR	Directed	cytokine	180.5543957967264
TNF	CARD16	Directed	cytokine	180.5543957967264
TNF	CARD6	Directed	cytokine	180.5543957967264
TNF	CASP1	Directed	cytokine	180.5543957967264
TNF	CASP10	Directed	cytokine	180.5543957967264
TNF	CASP3	Directed	cytokine	180.5543957967264
TNF	CASP4	Directed	cytokine	180.5543957967264
TNF	CASP7	Directed	cytokine	180.5543957967264
TNF	CASP8	Directed	cytokine	180.5543957967264
TNF	CBR3	Directed	cytokine	180.5543957967264
TNF	CCL1	Directed	cytokine	180.5543957967264
TNF	CCL11	Directed	cytokine	180.5543957967264
TNF	CCL13	Directed	cytokine	180.5543957967264
TNF	CCL17	Directed	cytokine	180.5543957967264
TNF	CCL18	Directed	cytokine	180.5543957967264
TNF	CCL19	Directed	cytokine	180.5543957967264
TNF	CCL2	Directed	cytokine	180.5543957967264
TNF	CCL20	Directed	cytokine	180.5543957967264
TNF	CCL22	Directed	cytokine	180.5543957967264
TNF	CCL25	Directed	cytokine	180.5543957967264
TNF	CCL26	Directed	cytokine	180.5543957967264
TNF	CCL3	Directed	cytokine	180.5543957967264
TNF	CCL4	Directed	cytokine	180.5543957967264
TNF	CCL5	Directed	cytokine	180.5543957967264
TNF	CCL7	Directed	cytokine	180.5543957967264
TNF	CCL8	Directed	cytokine	180.5543957967264
TNF	CCN1	Directed	cytokine	180.5543957967264
TNF	CCND2	Directed	cytokine	180.5543957967264
TNF	CCND3	Directed	cytokine	180.5543957967264
TNF	CCR1	Directed	cytokine	180.5543957967264
TNF	CCR2	Directed	cytokine	180.5543957967264
TNF	CCR3	Directed	cytokine	180.5543957967264
TNF	CCR4	Directed	cytokine	180.5543957967264
TNF	CCR5	Directed	cytokine	180.5543957967264
TNF	CCR6	Directed	cytokine	180.5543957967264
TNF	CCR7	Directed	cytokine	180.5543957967264
TNF	CCR8	Directed	cytokine	180.5543957967264
TNF	CCRL2	Directed	cytokine	180.5543957967264
TNF	CD14	Directed	cytokine	180.5543957967264
TNF	CD163	Directed	cytokine	180.5543957967264
TNF	CD1B	Directed	cytokine	180.5543957967264
TNF	CD1C	Directed	cytokine	180.5543957967264
TNF	CD200	Directed	cytokine	180.5543957967264
TNF	CD209	Directed	cytokine	180.5543957967264
TNF	CD247	Directed	cytokine	180.5543957967264
TNF	CD274	Directed	cytokine	180.5543957967264
TNF	CD28	Directed	cytokine	180.5543957967264
TNF	CD38	Directed	cytokine	180.5543957967264
TNF	CD3D	Directed	cytokine	180.5543957967264
TNF	CD3E	Directed	cytokine	180.5543957967264
TNF	CD4	Directed	cytokine	180.5543957967264
TNF	CD40	Directed	cytokine	180.5543957967264
TNF	CD40LG	Directed	cytokine	180.5543957967264
TNF	CD47	Directed	cytokine	180.5543957967264
TNF	CD5	Directed	cytokine	180.5543957967264
TNF	CD69	Directed	cytokine	180.5543957967264
TNF	CD74	Directed	cytokine	180.5543957967264
TNF	CD80	Directed	cytokine	180.5543957967264
TNF	CD83	Directed	cytokine	180.5543957967264
TNF	CD86	Directed	cytokine	180.5543957967264
TNF	CDC42EP2	Directed	cytokine	180.5543957967264
TNF	CDH3	Directed	cytokine	180.5543957967264
TNF	CDKN1A	Directed	cytokine	180.5543957967264
TNF	CDKN2A	Directed	cytokine	180.5543957967264
TNF	CEMIP2	Directed	cytokine	180.5543957967264
TNF	CFB	Directed	cytokine	180.5543957967264
TNF	CFL1	Directed	cytokine	180.5543957967264
TNF	CFLAR	Directed	cytokine	180.5543957967264
TNF	CH25H	Directed	cytokine	180.5543957967264
TNF	CHI3L1	Directed	cytokine	180.5543957967264
TNF	CHI3L2	Directed	cytokine	180.5543957967264
TNF	CHST11	Directed	cytokine	180.5543957967264
TNF	CHST2	Directed	cytokine	180.5543957967264
TNF	CIITA	Directed	cytokine	180.5543957967264
TNF	CISH	Directed	cytokine	180.5543957967264
TNF	CLEC2D	Directed	cytokine	180.5543957967264
TNF	CLEC4E	Directed	cytokine	180.5543957967264
TNF	CLEC5A	Directed	cytokine	180.5543957967264
TNF	CLU	Directed	cytokine	180.5543957967264
TNF	CMKLR1	Directed	cytokine	180.5543957967264
TNF	CNP	Directed	cytokine	180.5543957967264
TNF	CNR2	Directed	cytokine	180.5543957967264
TNF	COL15A1	Directed	cytokine	180.5543957967264
TNF	COL4A1	Directed	cytokine	180.5543957967264
TNF	COL4A2	Directed	cytokine	180.5543957967264
TNF	COTL1	Directed	cytokine	180.5543957967264
TNF	CREB3L3	Directed	cytokine	180.5543957967264
TNF	CREM	Directed	cytokine	180.5543957967264
TNF	CRISPLD2	Directed	cytokine	180.5543957967264
TNF	CRP	Directed	cytokine	180.5543957967264
TNF	CSF1	Directed	cytokine	180.5543957967264
TNF	CSF1R	Directed	cytokine	180.5543957967264
TNF	CSF2	Directed	cytokine	180.5543957967264
TNF	CSF2RB	Directed	cytokine	180.5543957967264
TNF	CSF3	Directed	cytokine	180.5543957967264
TNF	CST7	Directed	cytokine	180.5543957967264
TNF	CTLA4	Directed	cytokine	180.5543957967264
TNF	CTSB	Directed	cytokine	180.5543957967264
TNF	CTSC	Directed	cytokine	180.5543957967264
TNF	CTSL	Directed	cytokine	180.5543957967264
TNF	CTSS	Directed	cytokine	180.5543957967264
TNF	CTSZ	Directed	cytokine	180.5543957967264
TNF	CX3CL1	Directed	cytokine	180.5543957967264
TNF	CXCL1	Directed	cytokine	180.5543957967264
TNF	CXCL10	Directed	cytokine	180.5543957967264
TNF	CXCL11	Directed	cytokine	180.5543957967264
TNF	CXCL13	Directed	cytokine	180.5543957967264
TNF	CXCL16	Directed	cytokine	180.5543957967264
TNF	CXCL2	Directed	cytokine	180.5543957967264
TNF	CXCL3	Directed	cytokine	180.5543957967264
TNF	CXCL5	Directed	cytokine	180.5543957967264
TNF	CXCL6	Directed	cytokine	180.5543957967264
TNF	CXCL8	Directed	cytokine	180.5543957967264
TNF	CXCL9	Directed	cytokine	180.5543957967264
TNF	CXCR1	Directed	cytokine	180.5543957967264
TNF	CXCR2	Directed	cytokine	180.5543957967264
TNF	CXCR3	Directed	cytokine	180.5543957967264
TNF	CXCR4	Directed	cytokine	180.5543957967264
TNF	CXCR5	Directed	cytokine	180.5543957967264
TNF	CYBA	Directed	cytokine	180.5543957967264
TNF	CYBB	Directed	cytokine	180.5543957967264
TNF	CYLD	Directed	cytokine	180.5543957967264
TNF	CYP19A1	Directed	cytokine	180.5543957967264
TNF	CYP27B1	Directed	cytokine	180.5543957967264
TNF	CYTIP	Directed	cytokine	180.5543957967264
TNF	DAXX	Directed	cytokine	180.5543957967264
TNF	DCSTAMP	Directed	cytokine	180.5543957967264
TNF	DDIT4	Directed	cytokine	180.5543957967264
TNF	DEFB103B	Directed	cytokine	180.5543957967264
TNF	DEFB4A	Directed	cytokine	180.5543957967264
TNF	DENND2D	Directed	cytokine	180.5543957967264
TNF	DENND4A	Directed	cytokine	180.5543957967264
TNF	DEPP1	Directed	cytokine	180.5543957967264
TNF	DOCK8	Directed	cytokine	180.5543957967264
TNF	DPYS	Directed	cytokine	180.5543957967264
TNF	DUSP10	Directed	cytokine	180.5543957967264
TNF	DUSP5	Directed	cytokine	180.5543957967264
TNF	DUSP6	Directed	cytokine	180.5543957967264
TNF	EBI3	Directed	cytokine	180.5543957967264
TNF	EFHD2	Directed	cytokine	180.5543957967264
TNF	EGLN2	Directed	cytokine	180.5543957967264
TNF	EHD1	Directed	cytokine	180.5543957967264
TNF	EIF2AK2	Directed	cytokine	180.5543957967264
TNF	EIF4EBP1	Directed	cytokine	180.5543957967264
TNF	ELMO1	Directed	cytokine	180.5543957967264
TNF	ENG	Directed	cytokine	180.5543957967264
TNF	ENPP2	Directed	cytokine	180.5543957967264
TNF	ETS1	Directed	cytokine	180.5543957967264
TNF	ETV6	Directed	cytokine	180.5543957967264
TNF	EXOC3L4	Directed	cytokine	180.5543957967264
TNF	FAS	Directed	cytokine	180.5543957967264
TNF	FASLG	Directed	cytokine	180.5543957967264
TNF	FCAR	Directed	cytokine	180.5543957967264
TNF	FCER1G	Directed	cytokine	180.5543957967264
TNF	FCER2	Directed	cytokine	180.5543957967264
TNF	FCGR2A	Directed	cytokine	180.5543957967264
TNF	FCGR2B	Directed	cytokine	180.5543957967264
TNF	FLT1	Directed	cytokine	180.5543957967264
TNF	FNBP1	Directed	cytokine	180.5543957967264
TNF	FOSL1	Directed	cytokine	180.5543957967264
TNF	FOXF1	Directed	cytokine	180.5543957967264
TNF	FOXP3	Directed	cytokine	180.5543957967264
TNF	FPR1	Directed	cytokine	180.5543957967264
TNF	FPR2	Directed	cytokine	180.5543957967264
TNF	FSCN1	Directed	cytokine	180.5543957967264
TNF	FTH1	Directed	cytokine	180.5543957967264
TNF	FUT4	Directed	cytokine	180.5543957967264
TNF	FUT7	Directed	cytokine	180.5543957967264
TNF	FZD5	Directed	cytokine	180.5543957967264
TNF	G0S2	Directed	cytokine	180.5543957967264
TNF	GADD45B	Directed	cytokine	180.5543957967264
TNF	GBP1	Directed	cytokine	180.5543957967264
TNF	GBP2	Directed	cytokine	180.5543957967264
TNF	GBP4	Directed	cytokine	180.5543957967264
TNF	GCH1	Directed	cytokine	180.5543957967264
TNF	GCLM	Directed	cytokine	180.5543957967264
TNF	GFPT2	Directed	cytokine	180.5543957967264
TNF	GLS	Directed	cytokine	180.5543957967264
TNF	GLUL	Directed	cytokine	180.5543957967264
TNF	GNA15	Directed	cytokine	180.5543957967264
TNF	GNAI2	Directed	cytokine	180.5543957967264
TNF	GNGT2	Directed	cytokine	180.5543957967264
TNF	GPR18	Directed	cytokine	180.5543957967264
TNF	GPR84	Directed	cytokine	180.5543957967264
TNF	GPR88	Directed	cytokine	180.5543957967264
TNF	GPX1	Directed	cytokine	180.5543957967264
TNF	GSDMD	Directed	cytokine	180.5543957967264
TNF	HAND1	Directed	cytokine	180.5543957967264
TNF	HAPLN1	Directed	cytokine	180.5543957967264
TNF	HAS2	Directed	cytokine	180.5543957967264
TNF	HAS3	Directed	cytokine	180.5543957967264
TNF	HBEGF	Directed	cytokine	180.5543957967264
TNF	HCAR3	Directed	cytokine	180.5543957967264
TNF	HERC5	Directed	cytokine	180.5543957967264
TNF	HIF1A	Directed	cytokine	180.5543957967264
TNF	HIVEP3	Directed	cytokine	180.5543957967264
TNF	HK2	Directed	cytokine	180.5543957967264
TNF	HK3	Directed	cytokine	180.5543957967264
TNF	HLA-A	Directed	cytokine	180.5543957967264
TNF	HLA-B	Directed	cytokine	180.5543957967264
TNF	HLA-C	Directed	cytokine	180.5543957967264
TNF	HLA-DRA	Directed	cytokine	180.5543957967264
TNF	HLA-DRB4	Directed	cytokine	180.5543957967264
TNF	HLA-E	Directed	cytokine	180.5543957967264
TNF	HLA-F	Directed	cytokine	180.5543957967264
TNF	HP	Directed	cytokine	180.5543957967264
TNF	HPRT1	Directed	cytokine	180.5543957967264
TNF	HSD11B1	Directed	cytokine	180.5543957967264
TNF	HSH2D	Directed	cytokine	180.5543957967264
TNF	HSP90B1	Directed	cytokine	180.5543957967264
TNF	HSPA5	Directed	cytokine	180.5543957967264
TNF	HSPA8	Directed	cytokine	180.5543957967264
TNF	ICAM1	Directed	cytokine	180.5543957967264
TNF	ICAM2	Directed	cytokine	180.5543957967264
TNF	ICOS	Directed	cytokine	180.5543957967264
TNF	IDO1	Directed	cytokine	180.5543957967264
TNF	IER3	Directed	cytokine	180.5543957967264
TNF	IFI27	Directed	cytokine	180.5543957967264
TNF	IFI35	Directed	cytokine	180.5543957967264
TNF	IFI6	Directed	cytokine	180.5543957967264
TNF	IFIH1	Directed	cytokine	180.5543957967264
TNF	IFIT1	Directed	cytokine	180.5543957967264
TNF	IFIT2	Directed	cytokine	180.5543957967264
TNF	IFIT3	Directed	cytokine	180.5543957967264
TNF	IFIT5	Directed	cytokine	180.5543957967264
TNF	IFITM1	Directed	cytokine	180.5543957967264
TNF	IFITM2	Directed	cytokine	180.5543957967264
TNF	IFITM3	Directed	cytokine	180.5543957967264
TNF	IFNAR2	Directed	cytokine	180.5543957967264
TNF	IFNB1	Directed	cytokine	180.5543957967264
TNF	IFNG	Directed	cytokine	180.5543957967264
TNF	IFNGR2	Directed	cytokine	180.5543957967264
TNF	IFNL1	Directed	cytokine	180.5543957967264
TNF	IFNL2	Directed	cytokine	180.5543957967264
TNF	IGFL1	Directed	cytokine	180.5543957967264
TNF	IKBKE	Directed	cytokine	180.5543957967264
TNF	IL10	Directed	cytokine	180.5543957967264
TNF	IL10RA	Directed	cytokine	180.5543957967264
TNF	IL12A	Directed	cytokine	180.5543957967264
TNF	IL12B	Directed	cytokine	180.5543957967264
TNF	IL12RB1	Directed	cytokine	180.5543957967264
TNF	IL13	Directed	cytokine	180.5543957967264
TNF	IL15	Directed	cytokine	180.5543957967264
TNF	IL15RA	Directed	cytokine	180.5543957967264
TNF	IL17A	Directed	cytokine	180.5543957967264
TNF	IL17C	Directed	cytokine	180.5543957967264
TNF	IL17RA	Directed	cytokine	180.5543957967264
TNF	IL18BP	Directed	cytokine	180.5543957967264
TNF	IL18R1	Directed	cytokine	180.5543957967264
TNF	IL1B	Directed	cytokine	180.5543957967264
TNF	IL1RL1	Directed	cytokine	180.5543957967264
TNF	IL1RN	Directed	cytokine	180.5543957967264
TNF	IL2	Directed	cytokine	180.5543957967264
TNF	IL20	Directed	cytokine	180.5543957967264
TNF	IL21	Directed	cytokine	180.5543957967264
TNF	IL21R	Directed	cytokine	180.5543957967264
TNF	IL22	Directed	cytokine	180.5543957967264
TNF	IL23A	Directed	cytokine	180.5543957967264
TNF	IL24	Directed	cytokine	180.5543957967264
TNF	IL25	Directed	cytokine	180.5543957967264
TNF	IL26	Directed	cytokine	180.5543957967264
TNF	IL27	Directed	cytokine	180.5543957967264
TNF	IL27RA	Directed	cytokine	180.5543957967264
TNF	IL2RA	Directed	cytokine	180.5543957967264
TNF	IL3	Directed	cytokine	180.5543957967264
TNF	IL32	Directed	cytokine	180.5543957967264
TNF	IL36A	Directed	cytokine	180.5543957967264
TNF	IL3RA	Directed	cytokine	180.5543957967264
TNF	IL4	Directed	cytokine	180.5543957967264
TNF	IL4I1	Directed	cytokine	180.5543957967264
TNF	IL4R	Directed	cytokine	180.5543957967264
TNF	IL5	Directed	cytokine	180.5543957967264
TNF	IL6	Directed	cytokine	180.5543957967264
TNF	IL6R	Directed	cytokine	180.5543957967264
TNF	IL7R	Directed	cytokine	180.5543957967264
TNF	IL9	Directed	cytokine	180.5543957967264
TNF	INHBA	Directed	cytokine	180.5543957967264
TNF	INPP5D	Directed	cytokine	180.5543957967264
TNF	IRAK2	Directed	cytokine	180.5543957967264
TNF	IRF1	Directed	cytokine	180.5543957967264
TNF	IRF2	Directed	cytokine	180.5543957967264
TNF	IRF4	Directed	cytokine	180.5543957967264
TNF	IRF5	Directed	cytokine	180.5543957967264
TNF	IRF7	Directed	cytokine	180.5543957967264
TNF	IRF8	Directed	cytokine	180.5543957967264
TNF	IRF9	Directed	cytokine	180.5543957967264
TNF	ISG15	Directed	cytokine	180.5543957967264
TNF	ISG20	Directed	cytokine	180.5543957967264
TNF	ITGA4	Directed	cytokine	180.5543957967264
TNF	ITGA5	Directed	cytokine	180.5543957967264
TNF	ITGAL	Directed	cytokine	180.5543957967264
TNF	ITGAM	Directed	cytokine	180.5543957967264
TNF	ITGAX	Directed	cytokine	180.5543957967264
TNF	ITGB2	Directed	cytokine	180.5543957967264
TNF	ITGB3	Directed	cytokine	180.5543957967264
TNF	ITGB6	Directed	cytokine	180.5543957967264
TNF	ITGB7	Directed	cytokine	180.5543957967264
TNF	JUNB	Directed	cytokine	180.5543957967264
TNF	KARS1	Directed	cytokine	180.5543957967264
TNF	KCNJ10	Directed	cytokine	180.5543957967264
TNF	KCNJ2	Directed	cytokine	180.5543957967264
TNF	KLF6	Directed	cytokine	180.5543957967264
TNF	KMO	Directed	cytokine	180.5543957967264
TNF	KRT16	Directed	cytokine	180.5543957967264
TNF	KRT17	Directed	cytokine	180.5543957967264
TNF	KRT6B	Directed	cytokine	180.5543957967264
TNF	KYNU	Directed	cytokine	180.5543957967264
TNF	L3MBTL3	Directed	cytokine	180.5543957967264
TNF	LAMP3	Directed	cytokine	180.5543957967264
TNF	LBP	Directed	cytokine	180.5543957967264
TNF	LCN2	Directed	cytokine	180.5543957967264
TNF	LCP2	Directed	cytokine	180.5543957967264
TNF	LDHA	Directed	cytokine	180.5543957967264
TNF	LDLR	Directed	cytokine	180.5543957967264
TNF	LGALS9	Directed	cytokine	180.5543957967264
TNF	LIF	Directed	cytokine	180.5543957967264
TNF	LIFR	Directed	cytokine	180.5543957967264
TNF	LIMK1	Directed	cytokine	180.5543957967264
TNF	LITAF	Directed	cytokine	180.5543957967264
TNF	LRG1	Directed	cytokine	180.5543957967264
TNF	LTA	Directed	cytokine	180.5543957967264
TNF	LTB	Directed	cytokine	180.5543957967264
TNF	LY96	Directed	cytokine	180.5543957967264
TNF	LYN	Directed	cytokine	180.5543957967264
TNF	MAP3K14	Directed	cytokine	180.5543957967264
TNF	MAPK11	Directed	cytokine	180.5543957967264
TNF	MARCKSL1	Directed	cytokine	180.5543957967264
TNF	MCF2	Directed	cytokine	180.5543957967264
TNF	MCL1	Directed	cytokine	180.5543957967264
TNF	MEFV	Directed	cytokine	180.5543957967264
TNF	MET	Directed	cytokine	180.5543957967264
TNF	MLKL	Directed	cytokine	180.5543957967264
TNF	MMP1	Directed	cytokine	180.5543957967264
TNF	MMP12	Directed	cytokine	180.5543957967264
TNF	MMP13	Directed	cytokine	180.5543957967264
TNF	MMP3	Directed	cytokine	180.5543957967264
TNF	MMP9	Directed	cytokine	180.5543957967264
TNF	MOB3C	Directed	cytokine	180.5543957967264
TNF	MPO	Directed	cytokine	180.5543957967264
TNF	MSC	Directed	cytokine	180.5543957967264
TNF	MSR1	Directed	cytokine	180.5543957967264
TNF	MT1A	Directed	cytokine	180.5543957967264
TNF	MT1E	Directed	cytokine	180.5543957967264
TNF	MT1F	Directed	cytokine	180.5543957967264
TNF	MT1G	Directed	cytokine	180.5543957967264
TNF	MT1M	Directed	cytokine	180.5543957967264
TNF	MT2A	Directed	cytokine	180.5543957967264
TNF	MUC1	Directed	cytokine	180.5543957967264
TNF	MUC4	Directed	cytokine	180.5543957967264
TNF	MVP	Directed	cytokine	180.5543957967264
TNF	MX1	Directed	cytokine	180.5543957967264
TNF	MX2	Directed	cytokine	180.5543957967264
TNF	MYD88	Directed	cytokine	180.5543957967264
TNF	MYH7	Directed	cytokine	180.5543957967264
TNF	MYL6	Directed	cytokine	180.5543957967264
TNF	MYO9B	Directed	cytokine	180.5543957967264
TNF	NAMPT	Directed	cytokine	180.5543957967264
TNF	NCF1	Directed	cytokine	180.5543957967264
TNF	NCF2	Directed	cytokine	180.5543957967264
TNF	NEFH	Directed	cytokine	180.5543957967264
TNF	NES	Directed	cytokine	180.5543957967264
TNF	NEUROG3	Directed	cytokine	180.5543957967264
TNF	NFKB1	Directed	cytokine	180.5543957967264
TNF	NFKB2	Directed	cytokine	180.5543957967264
TNF	NFKBIA	Directed	cytokine	180.5543957967264
TNF	NFKBIB	Directed	cytokine	180.5543957967264
TNF	NFKBIE	Directed	cytokine	180.5543957967264
TNF	NINJ1	Directed	cytokine	180.5543957967264
TNF	NLRP3	Directed	cytokine	180.5543957967264
TNF	NLRP7	Directed	cytokine	180.5543957967264
TNF	NNMT	Directed	cytokine	180.5543957967264
TNF	NOCT	Directed	cytokine	180.5543957967264
TNF	NOD2	Directed	cytokine	180.5543957967264
TNF	NOS2	Directed	cytokine	180.5543957967264
TNF	NR4A3	Directed	cytokine	180.5543957967264
TNF	NRROS	Directed	cytokine	180.5543957967264
TNF	OAS1	Directed	cytokine	180.5543957967264
TNF	OAS2	Directed	cytokine	180.5543957967264
TNF	OAS3	Directed	cytokine	180.5543957967264
TNF	OASL	Directed	cytokine	180.5543957967264
TNF	ODC1	Directed	cytokine	180.5543957967264
TNF	OLR1	Directed	cytokine	180.5543957967264
TNF	OPTN	Directed	cytokine	180.5543957967264
TNF	ORM1	Directed	cytokine	180.5543957967264
TNF	OSCAR	Directed	cytokine	180.5543957967264
TNF	OSM	Directed	cytokine	180.5543957967264
TNF	OSMR	Directed	cytokine	180.5543957967264
TNF	P2RX2	Directed	cytokine	180.5543957967264
TNF	P2RX5	Directed	cytokine	180.5543957967264
TNF	P2RY6	Directed	cytokine	180.5543957967264
TNF	PAK2	Directed	cytokine	180.5543957967264
TNF	PANX1	Directed	cytokine	180.5543957967264
TNF	PARP1	Directed	cytokine	180.5543957967264
TNF	PARP14	Directed	cytokine	180.5543957967264
TNF	PDCD1	Directed	cytokine	180.5543957967264
TNF	PDE4B	Directed	cytokine	180.5543957967264
TNF	PDE6G	Directed	cytokine	180.5543957967264
TNF	PDIA4	Directed	cytokine	180.5543957967264
TNF	PDPN	Directed	cytokine	180.5543957967264
TNF	PGF	Directed	cytokine	180.5543957967264
TNF	PI3	Directed	cytokine	180.5543957967264
TNF	PIGR	Directed	cytokine	180.5543957967264
TNF	PIK3CD	Directed	cytokine	180.5543957967264
TNF	PIK3CG	Directed	cytokine	180.5543957967264
TNF	PIM1	Directed	cytokine	180.5543957967264
TNF	PIM2	Directed	cytokine	180.5543957967264
TNF	PIM3	Directed	cytokine	180.5543957967264
TNF	PKM	Directed	cytokine	180.5543957967264
TNF	PLA1A	Directed	cytokine	180.5543957967264
TNF	PLA2G2A	Directed	cytokine	180.5543957967264
TNF	PLA2G3	Directed	cytokine	180.5543957967264
TNF	PLAAT4	Directed	cytokine	180.5543957967264
TNF	PLAU	Directed	cytokine	180.5543957967264
TNF	PLAUR	Directed	cytokine	180.5543957967264
TNF	PLSCR1	Directed	cytokine	180.5543957967264
TNF	PMAIP1	Directed	cytokine	180.5543957967264
TNF	PML	Directed	cytokine	180.5543957967264
TNF	PPP1R3C	Directed	cytokine	180.5543957967264
TNF	PRKCD	Directed	cytokine	180.5543957967264
TNF	PRL	Directed	cytokine	180.5543957967264
TNF	PROCR	Directed	cytokine	180.5543957967264
TNF	PROK2	Directed	cytokine	180.5543957967264
TNF	PSMA2	Directed	cytokine	180.5543957967264
TNF	PSMB10	Directed	cytokine	180.5543957967264
TNF	PSMB8	Directed	cytokine	180.5543957967264
TNF	PSMB9	Directed	cytokine	180.5543957967264
TNF	PSME1	Directed	cytokine	180.5543957967264
TNF	PSME2	Directed	cytokine	180.5543957967264
TNF	PTAFR	Directed	cytokine	180.5543957967264
TNF	PTGER4	Directed	cytokine	180.5543957967264
TNF	PTGES	Directed	cytokine	180.5543957967264
TNF	PTGS2	Directed	cytokine	180.5543957967264
TNF	PTPN1	Directed	cytokine	180.5543957967264
TNF	PTPN2	Directed	cytokine	180.5543957967264
TNF	PTPRC	Directed	cytokine	180.5543957967264
TNF	PTX3	Directed	cytokine	180.5543957967264
TNF	RAB32	Directed	cytokine	180.5543957967264
TNF	RAC2	Directed	cytokine	180.5543957967264
TNF	RASGRF1	Directed	cytokine	180.5543957967264
TNF	RASSF5	Directed	cytokine	180.5543957967264
TNF	RB1	Directed	cytokine	180.5543957967264
TNF	RELB	Directed	cytokine	180.5543957967264
TNF	RETN	Directed	cytokine	180.5543957967264
TNF	RFLNA	Directed	cytokine	180.5543957967264
TNF	RFTN1	Directed	cytokine	180.5543957967264
TNF	RFX5	Directed	cytokine	180.5543957967264
TNF	RGS1	Directed	cytokine	180.5543957967264
TNF	RGS16	Directed	cytokine	180.5543957967264
TNF	RHBDF2	Directed	cytokine	180.5543957967264
TNF	RIGI	Directed	cytokine	180.5543957967264
TNF	RIPK2	Directed	cytokine	180.5543957967264
TNF	RIPK3	Directed	cytokine	180.5543957967264
TNF	RNASE2	Directed	cytokine	180.5543957967264
TNF	RND1	Directed	cytokine	180.5543957967264
TNF	RND3	Directed	cytokine	180.5543957967264
TNF	RSAD2	Directed	cytokine	180.5543957967264
TNF	RUNX1	Directed	cytokine	180.5543957967264
TNF	RUNX2	Directed	cytokine	180.5543957967264
TNF	S100A10	Directed	cytokine	180.5543957967264
TNF	S100A12	Directed	cytokine	180.5543957967264
TNF	S100A7	Directed	cytokine	180.5543957967264
TNF	S100A7A	Directed	cytokine	180.5543957967264
TNF	S100A8	Directed	cytokine	180.5543957967264
TNF	S100A9	Directed	cytokine	180.5543957967264
TNF	S1PR1	Directed	cytokine	180.5543957967264
TNF	S1PR2	Directed	cytokine	180.5543957967264
TNF	S1PR3	Directed	cytokine	180.5543957967264
TNF	SAA1	Directed	cytokine	180.5543957967264
TNF	SAA2	Directed	cytokine	180.5543957967264
TNF	SAMD4A	Directed	cytokine	180.5543957967264
TNF	SAMD9	Directed	cytokine	180.5543957967264
TNF	SAT1	Directed	cytokine	180.5543957967264
TNF	SCO2	Directed	cytokine	180.5543957967264
TNF	SELE	Directed	cytokine	180.5543957967264
TNF	SELL	Directed	cytokine	180.5543957967264
TNF	SELP	Directed	cytokine	180.5543957967264
TNF	SELPLG	Directed	cytokine	180.5543957967264
TNF	SERPINA3	Directed	cytokine	180.5543957967264
TNF	SERPINB1	Directed	cytokine	180.5543957967264
TNF	SERPINB4	Directed	cytokine	180.5543957967264
TNF	SERPINB9	Directed	cytokine	180.5543957967264
TNF	SERPINE1	Directed	cytokine	180.5543957967264
TNF	SERPINE2	Directed	cytokine	180.5543957967264
TNF	SERPING1	Directed	cytokine	180.5543957967264
TNF	SIRPA	Directed	cytokine	180.5543957967264
TNF	SLAMF8	Directed	cytokine	180.5543957967264
TNF	SLC15A3	Directed	cytokine	180.5543957967264
TNF	SLC1A3	Directed	cytokine	180.5543957967264
TNF	SLC20A1	Directed	cytokine	180.5543957967264
TNF	SLC2A6	Directed	cytokine	180.5543957967264
TNF	SLC39A8	Directed	cytokine	180.5543957967264
TNF	SLC43A2	Directed	cytokine	180.5543957967264
TNF	SLC4A10	Directed	cytokine	180.5543957967264
TNF	SLC5A5	Directed	cytokine	180.5543957967264
TNF	SLC8A1	Directed	cytokine	180.5543957967264
TNF	SLCO2B1	Directed	cytokine	180.5543957967264
TNF	SMAD7	Directed	cytokine	180.5543957967264
TNF	SNAI1	Directed	cytokine	180.5543957967264
TNF	SOCS1	Directed	cytokine	180.5543957967264
TNF	SOCS2	Directed	cytokine	180.5543957967264
TNF	SOCS3	Directed	cytokine	180.5543957967264
TNF	SOD2	Directed	cytokine	180.5543957967264
TNF	SPHK1	Directed	cytokine	180.5543957967264
TNF	SPP1	Directed	cytokine	180.5543957967264
TNF	SPRR2A	Directed	cytokine	180.5543957967264
TNF	SPRR2B	Directed	cytokine	180.5543957967264
TNF	SRA1	Directed	cytokine	180.5543957967264
TNF	ST3GAL5	Directed	cytokine	180.5543957967264
TNF	ST8SIA4	Directed	cytokine	180.5543957967264
TNF	STAT1	Directed	cytokine	180.5543957967264
TNF	STAT2	Directed	cytokine	180.5543957967264
TNF	STAT3	Directed	cytokine	180.5543957967264
TNF	STAT4	Directed	cytokine	180.5543957967264
TNF	STAT5A	Directed	cytokine	180.5543957967264
TNF	SYK	Directed	cytokine	180.5543957967264
TNF	SYNGR3	Directed	cytokine	180.5543957967264
TNF	SYNPO	Directed	cytokine	180.5543957967264
TNF	SYT11	Directed	cytokine	180.5543957967264
TNF	TAP1	Directed	cytokine	180.5543957967264
TNF	TAP2	Directed	cytokine	180.5543957967264
TNF	TAPBP	Directed	cytokine	180.5543957967264
TNF	TBX21	Directed	cytokine	180.5543957967264
TNF	TBXAS1	Directed	cytokine	180.5543957967264
TNF	TCIM	Directed	cytokine	180.5543957967264
TNF	TDRD7	Directed	cytokine	180.5543957967264
TNF	TFRC	Directed	cytokine	180.5543957967264
TNF	TGFB1	Directed	cytokine	180.5543957967264
TNF	TGM2	Directed	cytokine	180.5543957967264
TNF	THBS1	Directed	cytokine	180.5543957967264
TNF	THY1	Directed	cytokine	180.5543957967264
TNF	TICAM1	Directed	cytokine	180.5543957967264
TNF	TIFA	Directed	cytokine	180.5543957967264
TNF	TIMD4	Directed	cytokine	180.5543957967264
TNF	TIMP1	Directed	cytokine	180.5543957967264
TNF	TLR1	Directed	cytokine	180.5543957967264
TNF	TLR2	Directed	cytokine	180.5543957967264
TNF	TLR3	Directed	cytokine	180.5543957967264
TNF	TLR4	Directed	cytokine	180.5543957967264
TNF	TLR6	Directed	cytokine	180.5543957967264
TNF	TLR7	Directed	cytokine	180.5543957967264
TNF	TLR8	Directed	cytokine	180.5543957967264
TNF	TLR9	Directed	cytokine	180.5543957967264
TNF	TMEM176B	Directed	cytokine	180.5543957967264
TNF	TNC	Directed	cytokine	180.5543957967264
TNF	TNF	Directed	cytokine	180.5543957967264
TNF	TNFAIP2	Directed	cytokine	180.5543957967264
TNF	TNFAIP3	Directed	cytokine	180.5543957967264
TNF	TNFAIP6	Directed	cytokine	180.5543957967264
TNF	TNFAIP8	Directed	cytokine	180.5543957967264
TNF	TNFRSF10A	Directed	cytokine	180.5543957967264
TNF	TNFRSF10B	Directed	cytokine	180.5543957967264
TNF	TNFRSF11B	Directed	cytokine	180.5543957967264
TNF	TNFRSF14	Directed	cytokine	180.5543957967264
TNF	TNFRSF1B	Directed	cytokine	180.5543957967264
TNF	TNFRSF4	Directed	cytokine	180.5543957967264
TNF	TNFRSF6B	Directed	cytokine	180.5543957967264
TNF	TNFRSF8	Directed	cytokine	180.5543957967264
TNF	TNFRSF9	Directed	cytokine	180.5543957967264
TNF	TNFSF10	Directed	cytokine	180.5543957967264
TNF	TNFSF11	Directed	cytokine	180.5543957967264
TNF	TNFSF13	Directed	cytokine	180.5543957967264
TNF	TNFSF13B	Directed	cytokine	180.5543957967264
TNF	TNFSF14	Directed	cytokine	180.5543957967264
TNF	TNFSF15	Directed	cytokine	180.5543957967264
TNF	TNFSF8	Directed	cytokine	180.5543957967264
TNF	TNIP1	Directed	cytokine	180.5543957967264
TNF	TRADD	Directed	cytokine	180.5543957967264
TNF	TRAF1	Directed	cytokine	180.5543957967264
TNF	TRAF2	Directed	cytokine	180.5543957967264
TNF	TRAF3	Directed	cytokine	180.5543957967264
TNF	TRAFD1	Directed	cytokine	180.5543957967264
TNF	TREM1	Directed	cytokine	180.5543957967264
TNF	TRIM15	Directed	cytokine	180.5543957967264
TNF	TRIM21	Directed	cytokine	180.5543957967264
TNF	TRIM56	Directed	cytokine	180.5543957967264
TNF	TXN	Directed	cytokine	180.5543957967264
TNF	TYMP	Directed	cytokine	180.5543957967264
TNF	UBD	Directed	cytokine	180.5543957967264
TNF	UCP2	Directed	cytokine	180.5543957967264
TNF	VASH1	Directed	cytokine	180.5543957967264
TNF	VASP	Directed	cytokine	180.5543957967264
TNF	VAV1	Directed	cytokine	180.5543957967264
TNF	VCAM1	Directed	cytokine	180.5543957967264
TNF	VEGFA	Directed	cytokine	180.5543957967264
TNF	VEGFC	Directed	cytokine	180.5543957967264
TNF	VMP1	Directed	cytokine	180.5543957967264
TNF	VSIR	Directed	cytokine	180.5543957967264
TNF	WNT1	Directed	cytokine	180.5543957967264
TNF	XAF1	Directed	cytokine	180.5543957967264
TNF	XDH	Directed	cytokine	180.5543957967264
TNF	ZC3H12A	Directed	cytokine	180.5543957967264
TNF	ZFP36	Directed	cytokine	180.5543957967264
TNF	ZNF267	Directed	cytokine	180.5543957967264
TNF	ZYX	Directed	cytokine	180.5543957967264
TNFSF10	BAK1	Directed	cytokine	42.09420411963213
TNFSF10	BAX	Directed	cytokine	42.09420411963213
TNFSF10	BID	Directed	cytokine	42.09420411963213
TNFSF10	BIRC3	Directed	cytokine	42.09420411963213
TNFSF10	CASP3	Directed	cytokine	42.09420411963213
TNFSF10	CASP8	Directed	cytokine	42.09420411963213
TNFSF10	CD14	Directed	cytokine	42.09420411963213
TNFSF10	CD274	Directed	cytokine	42.09420411963213
TNFSF10	CD28	Directed	cytokine	42.09420411963213
TNFSF10	CD3G	Directed	cytokine	42.09420411963213
TNFSF10	CD4	Directed	cytokine	42.09420411963213
TNFSF10	CD69	Directed	cytokine	42.09420411963213
TNFSF10	CFLAR	Directed	cytokine	42.09420411963213
TNFSF10	CTSB	Directed	cytokine	42.09420411963213
TNFSF10	CX3CL1	Directed	cytokine	42.09420411963213
TNFSF10	CXCL8	Directed	cytokine	42.09420411963213
TNFSF10	CXCR4	Directed	cytokine	42.09420411963213
TNFSF10	DDIT4	Directed	cytokine	42.09420411963213
TNFSF10	DPYD	Directed	cytokine	42.09420411963213
TNFSF10	DRD3	Directed	cytokine	42.09420411963213
TNFSF10	EIF2AK2	Directed	cytokine	42.09420411963213
TNFSF10	FASLG	Directed	cytokine	42.09420411963213
TNFSF10	FOXP3	Directed	cytokine	42.09420411963213
TNFSF10	FTH1	Directed	cytokine	42.09420411963213
TNFSF10	GZMB	Directed	cytokine	42.09420411963213
TNFSF10	HLA-A	Directed	cytokine	42.09420411963213
TNFSF10	HLA-C	Directed	cytokine	42.09420411963213
TNFSF10	HLA-F	Directed	cytokine	42.09420411963213
TNFSF10	ICOS	Directed	cytokine	42.09420411963213
TNFSF10	IFI16	Directed	cytokine	42.09420411963213
TNFSF10	IFI27	Directed	cytokine	42.09420411963213
TNFSF10	IFI6	Directed	cytokine	42.09420411963213
TNFSF10	IFIT1	Directed	cytokine	42.09420411963213
TNFSF10	IFITM1	Directed	cytokine	42.09420411963213
TNFSF10	IFITM2	Directed	cytokine	42.09420411963213
TNFSF10	IFNB1	Directed	cytokine	42.09420411963213
TNFSF10	IFNG	Directed	cytokine	42.09420411963213
TNFSF10	IL13	Directed	cytokine	42.09420411963213
TNFSF10	IL17A	Directed	cytokine	42.09420411963213
TNFSF10	IL1B	Directed	cytokine	42.09420411963213
TNFSF10	IL1RN	Directed	cytokine	42.09420411963213
TNFSF10	IL2	Directed	cytokine	42.09420411963213
TNFSF10	IL27RA	Directed	cytokine	42.09420411963213
TNFSF10	IL2RA	Directed	cytokine	42.09420411963213
TNFSF10	IL5	Directed	cytokine	42.09420411963213
TNFSF10	IL6	Directed	cytokine	42.09420411963213
TNFSF10	IL7R	Directed	cytokine	42.09420411963213
TNFSF10	IRF9	Directed	cytokine	42.09420411963213
TNFSF10	ISG15	Directed	cytokine	42.09420411963213
TNFSF10	ITGAM	Directed	cytokine	42.09420411963213
TNFSF10	LAT	Directed	cytokine	42.09420411963213
TNFSF10	LCK	Directed	cytokine	42.09420411963213
TNFSF10	MCL1	Directed	cytokine	42.09420411963213
TNFSF10	MMP3	Directed	cytokine	42.09420411963213
TNFSF10	MMP9	Directed	cytokine	42.09420411963213
TNFSF10	NFKBIA	Directed	cytokine	42.09420411963213
TNFSF10	PLAU	Directed	cytokine	42.09420411963213
TNFSF10	PMAIP1	Directed	cytokine	42.09420411963213
TNFSF10	PSME2	Directed	cytokine	42.09420411963213
TNFSF10	PTGS2	Directed	cytokine	42.09420411963213
TNFSF10	PTPN22	Directed	cytokine	42.09420411963213
TNFSF10	PTPRC	Directed	cytokine	42.09420411963213
TNFSF10	S100A8	Directed	cytokine	42.09420411963213
TNFSF10	SELE	Directed	cytokine	42.09420411963213
TNFSF10	SERPINH1	Directed	cytokine	42.09420411963213
TNFSF10	SP100	Directed	cytokine	42.09420411963213
TNFSF10	STAT1	Directed	cytokine	42.09420411963213
TNFSF10	TFRC	Directed	cytokine	42.09420411963213
TNFSF10	TIMP1	Directed	cytokine	42.09420411963213
TNFSF10	TNF	Directed	cytokine	42.09420411963213
TNFSF10	TNFAIP2	Directed	cytokine	42.09420411963213
TNFSF10	TNFAIP3	Directed	cytokine	42.09420411963213
TNFSF10	TNFRSF10A	Directed	cytokine	42.09420411963213
TNFSF10	TNFRSF10B	Directed	cytokine	42.09420411963213
TNFSF10	TNFRSF10C	Directed	cytokine	42.09420411963213
TNFSF10	TNFSF10	Directed	cytokine	42.09420411963213
TNFSF10	TRAF1	Directed	cytokine	42.09420411963213
TNFSF10	VEGFA	Directed	cytokine	42.09420411963213
TNFSF10	ZAP70	Directed	cytokine	42.09420411963213
TNFSF11	ACOD1	Directed	cytokine	40.06905096883248
TNFSF11	ADGRE1	Directed	cytokine	40.06905096883248
TNFSF11	AIF1	Directed	cytokine	40.06905096883248
TNFSF11	C3AR1	Directed	cytokine	40.06905096883248
TNFSF11	CA2	Directed	cytokine	40.06905096883248
TNFSF11	CCL2	Directed	cytokine	40.06905096883248
TNFSF11	CCL5	Directed	cytokine	40.06905096883248
TNFSF11	CCND3	Directed	cytokine	40.06905096883248
TNFSF11	CCR1	Directed	cytokine	40.06905096883248
TNFSF11	CCR4	Directed	cytokine	40.06905096883248
TNFSF11	CD14	Directed	cytokine	40.06905096883248
TNFSF11	CD300LF	Directed	cytokine	40.06905096883248
TNFSF11	CD40	Directed	cytokine	40.06905096883248
TNFSF11	CD83	Directed	cytokine	40.06905096883248
TNFSF11	CDKN1A	Directed	cytokine	40.06905096883248
TNFSF11	CLEC4E	Directed	cytokine	40.06905096883248
TNFSF11	CSF1R	Directed	cytokine	40.06905096883248
TNFSF11	CSF3	Directed	cytokine	40.06905096883248
TNFSF11	CXCL8	Directed	cytokine	40.06905096883248
TNFSF11	DCSTAMP	Directed	cytokine	40.06905096883248
TNFSF11	DOK2	Directed	cytokine	40.06905096883248
TNFSF11	DUSP6	Directed	cytokine	40.06905096883248
TNFSF11	EHD1	Directed	cytokine	40.06905096883248
TNFSF11	ETS1	Directed	cytokine	40.06905096883248
TNFSF11	FAS	Directed	cytokine	40.06905096883248
TNFSF11	FERMT3	Directed	cytokine	40.06905096883248
TNFSF11	FGR	Directed	cytokine	40.06905096883248
TNFSF11	FOSL1	Directed	cytokine	40.06905096883248
TNFSF11	FPR1	Directed	cytokine	40.06905096883248
TNFSF11	GADD45B	Directed	cytokine	40.06905096883248
TNFSF11	GCH1	Directed	cytokine	40.06905096883248
TNFSF11	GPR68	Directed	cytokine	40.06905096883248
TNFSF11	HCK	Directed	cytokine	40.06905096883248
TNFSF11	HCLS1	Directed	cytokine	40.06905096883248
TNFSF11	HRH2	Directed	cytokine	40.06905096883248
TNFSF11	ICAM1	Directed	cytokine	40.06905096883248
TNFSF11	IER3	Directed	cytokine	40.06905096883248
TNFSF11	IFNB1	Directed	cytokine	40.06905096883248
TNFSF11	IFNG	Directed	cytokine	40.06905096883248
TNFSF11	IKBKE	Directed	cytokine	40.06905096883248
TNFSF11	IL10	Directed	cytokine	40.06905096883248
TNFSF11	IL12B	Directed	cytokine	40.06905096883248
TNFSF11	IL13	Directed	cytokine	40.06905096883248
TNFSF11	IL13RA1	Directed	cytokine	40.06905096883248
TNFSF11	IL15	Directed	cytokine	40.06905096883248
TNFSF11	IL15RA	Directed	cytokine	40.06905096883248
TNFSF11	IL17RA	Directed	cytokine	40.06905096883248
TNFSF11	IL1B	Directed	cytokine	40.06905096883248
TNFSF11	IL1RN	Directed	cytokine	40.06905096883248
TNFSF11	IL6	Directed	cytokine	40.06905096883248
TNFSF11	IL9	Directed	cytokine	40.06905096883248
TNFSF11	IRF4	Directed	cytokine	40.06905096883248
TNFSF11	IRF8	Directed	cytokine	40.06905096883248
TNFSF11	ITGA5	Directed	cytokine	40.06905096883248
TNFSF11	ITGAL	Directed	cytokine	40.06905096883248
TNFSF11	ITGAM	Directed	cytokine	40.06905096883248
TNFSF11	ITGB3	Directed	cytokine	40.06905096883248
TNFSF11	JUNB	Directed	cytokine	40.06905096883248
TNFSF11	LAT	Directed	cytokine	40.06905096883248
TNFSF11	LCN2	Directed	cytokine	40.06905096883248
TNFSF11	LIMK1	Directed	cytokine	40.06905096883248
TNFSF11	MARCKSL1	Directed	cytokine	40.06905096883248
TNFSF11	MMP1	Directed	cytokine	40.06905096883248
TNFSF11	MMP9	Directed	cytokine	40.06905096883248
TNFSF11	NFIL3	Directed	cytokine	40.06905096883248
TNFSF11	NFKB1	Directed	cytokine	40.06905096883248
TNFSF11	NFKB2	Directed	cytokine	40.06905096883248
TNFSF11	NFKBIA	Directed	cytokine	40.06905096883248
TNFSF11	NFKBIB	Directed	cytokine	40.06905096883248
TNFSF11	NFKBIE	Directed	cytokine	40.06905096883248
TNFSF11	NOS2	Directed	cytokine	40.06905096883248
TNFSF11	OSCAR	Directed	cytokine	40.06905096883248
TNFSF11	PAG1	Directed	cytokine	40.06905096883248
TNFSF11	PIM1	Directed	cytokine	40.06905096883248
TNFSF11	PLAUR	Directed	cytokine	40.06905096883248
TNFSF11	PTGER2	Directed	cytokine	40.06905096883248
TNFSF11	PTGER4	Directed	cytokine	40.06905096883248
TNFSF11	PTGS2	Directed	cytokine	40.06905096883248
TNFSF11	PTPRE	Directed	cytokine	40.06905096883248
TNFSF11	RELB	Directed	cytokine	40.06905096883248
TNFSF11	RGL1	Directed	cytokine	40.06905096883248
TNFSF11	RGS16	Directed	cytokine	40.06905096883248
TNFSF11	S100A8	Directed	cytokine	40.06905096883248
TNFSF11	S100A9	Directed	cytokine	40.06905096883248
TNFSF11	SAA1	Directed	cytokine	40.06905096883248
TNFSF11	SAA2	Directed	cytokine	40.06905096883248
TNFSF11	SERPINE1	Directed	cytokine	40.06905096883248
TNFSF11	SLC20A1	Directed	cytokine	40.06905096883248
TNFSF11	SLC7A7	Directed	cytokine	40.06905096883248
TNFSF11	SLC9B2	Directed	cytokine	40.06905096883248
TNFSF11	SOCS1	Directed	cytokine	40.06905096883248
TNFSF11	SOCS3	Directed	cytokine	40.06905096883248
TNFSF11	SOD2	Directed	cytokine	40.06905096883248
TNFSF11	SPIB	Directed	cytokine	40.06905096883248
TNFSF11	SPP1	Directed	cytokine	40.06905096883248
TNFSF11	SRC	Directed	cytokine	40.06905096883248
TNFSF11	STAT1	Directed	cytokine	40.06905096883248
TNFSF11	TCF7	Directed	cytokine	40.06905096883248
TNFSF11	TCIRG1	Directed	cytokine	40.06905096883248
TNFSF11	TGFB1	Directed	cytokine	40.06905096883248
TNFSF11	TLR2	Directed	cytokine	40.06905096883248
TNFSF11	TLR4	Directed	cytokine	40.06905096883248
TNFSF11	TNF	Directed	cytokine	40.06905096883248
TNFSF11	TNFRSF11B	Directed	cytokine	40.06905096883248
TNFSF11	TNFRSF1B	Directed	cytokine	40.06905096883248
TNFSF11	TNFSF11	Directed	cytokine	40.06905096883248
TNFSF11	TNIP1	Directed	cytokine	40.06905096883248
TNFSF11	TRAF1	Directed	cytokine	40.06905096883248
TNFSF11	USP18	Directed	cytokine	40.06905096883248
TNFSF11	VCAM1	Directed	cytokine	40.06905096883248
TNFSF13B	ADGRG3	Directed	cytokine	29.943095148663527
TNFSF13B	ADORA2A	Directed	cytokine	29.943095148663527
TNFSF13B	ASS1	Directed	cytokine	29.943095148663527
TNFSF13B	BAK1	Directed	cytokine	29.943095148663527
TNFSF13B	BAX	Directed	cytokine	29.943095148663527
TNFSF13B	BCAR1	Directed	cytokine	29.943095148663527
TNFSF13B	BCL2L11	Directed	cytokine	29.943095148663527
TNFSF13B	BTLA	Directed	cytokine	29.943095148663527
TNFSF13B	C2	Directed	cytokine	29.943095148663527
TNFSF13B	CCL2	Directed	cytokine	29.943095148663527
TNFSF13B	CCL4	Directed	cytokine	29.943095148663527
TNFSF13B	CCND2	Directed	cytokine	29.943095148663527
TNFSF13B	CCR1	Directed	cytokine	29.943095148663527
TNFSF13B	CCR7	Directed	cytokine	29.943095148663527
TNFSF13B	CD274	Directed	cytokine	29.943095148663527
TNFSF13B	CD40	Directed	cytokine	29.943095148663527
TNFSF13B	CD40LG	Directed	cytokine	29.943095148663527
TNFSF13B	CD74	Directed	cytokine	29.943095148663527
TNFSF13B	CD80	Directed	cytokine	29.943095148663527
TNFSF13B	CD83	Directed	cytokine	29.943095148663527
TNFSF13B	CD86	Directed	cytokine	29.943095148663527
TNFSF13B	CSF2	Directed	cytokine	29.943095148663527
TNFSF13B	CTSS	Directed	cytokine	29.943095148663527
TNFSF13B	CXCL6	Directed	cytokine	29.943095148663527
TNFSF13B	CXCL8	Directed	cytokine	29.943095148663527
TNFSF13B	CXCR5	Directed	cytokine	29.943095148663527
TNFSF13B	DUSP5	Directed	cytokine	29.943095148663527
TNFSF13B	FAS	Directed	cytokine	29.943095148663527
TNFSF13B	FCER2	Directed	cytokine	29.943095148663527
TNFSF13B	FFAR2	Directed	cytokine	29.943095148663527
TNFSF13B	FGR	Directed	cytokine	29.943095148663527
TNFSF13B	FLT3	Directed	cytokine	29.943095148663527
TNFSF13B	FOSL1	Directed	cytokine	29.943095148663527
TNFSF13B	FPR2	Directed	cytokine	29.943095148663527
TNFSF13B	GPR183	Directed	cytokine	29.943095148663527
TNFSF13B	GPR55	Directed	cytokine	29.943095148663527
TNFSF13B	HAVCR2	Directed	cytokine	29.943095148663527
TNFSF13B	HCAR2	Directed	cytokine	29.943095148663527
TNFSF13B	HLA-DMB	Directed	cytokine	29.943095148663527
TNFSF13B	HLA-DOA	Directed	cytokine	29.943095148663527
TNFSF13B	HLA-DQA1	Directed	cytokine	29.943095148663527
TNFSF13B	HSH2D	Directed	cytokine	29.943095148663527
TNFSF13B	ICAM1	Directed	cytokine	29.943095148663527
TNFSF13B	IL10	Directed	cytokine	29.943095148663527
TNFSF13B	IL15	Directed	cytokine	29.943095148663527
TNFSF13B	IL18RAP	Directed	cytokine	29.943095148663527
TNFSF13B	IL1RN	Directed	cytokine	29.943095148663527
TNFSF13B	IL2RG	Directed	cytokine	29.943095148663527
TNFSF13B	INHBA	Directed	cytokine	29.943095148663527
TNFSF13B	MAP3K14	Directed	cytokine	29.943095148663527
TNFSF13B	MCL1	Directed	cytokine	29.943095148663527
TNFSF13B	MEFV	Directed	cytokine	29.943095148663527
TNFSF13B	MMP9	Directed	cytokine	29.943095148663527
TNFSF13B	NAMPT	Directed	cytokine	29.943095148663527
TNFSF13B	NFKB2	Directed	cytokine	29.943095148663527
TNFSF13B	PGF	Directed	cytokine	29.943095148663527
TNFSF13B	PIM2	Directed	cytokine	29.943095148663527
TNFSF13B	PLAUR	Directed	cytokine	29.943095148663527
TNFSF13B	PLEK	Directed	cytokine	29.943095148663527
TNFSF13B	RELB	Directed	cytokine	29.943095148663527
TNFSF13B	SELL	Directed	cytokine	29.943095148663527
TNFSF13B	SH2B2	Directed	cytokine	29.943095148663527
TNFSF13B	SPP1	Directed	cytokine	29.943095148663527
TNFSF13B	THBS1	Directed	cytokine	29.943095148663527
TNFSF13B	TNFAIP6	Directed	cytokine	29.943095148663527
TNFSF13B	TNFRSF12A	Directed	cytokine	29.943095148663527
TNFSF13B	TNFRSF8	Directed	cytokine	29.943095148663527
TNFSF13B	TNFSF14	Directed	cytokine	29.943095148663527
TNFSF14	ADAM8	Directed	cytokine	16.2580609222708
TNFSF14	BIRC3	Directed	cytokine	16.2580609222708
TNFSF14	CCL19	Directed	cytokine	16.2580609222708
TNFSF14	CCL2	Directed	cytokine	16.2580609222708
TNFSF14	CCL20	Directed	cytokine	16.2580609222708
TNFSF14	CCL26	Directed	cytokine	16.2580609222708
TNFSF14	CCL5	Directed	cytokine	16.2580609222708
TNFSF14	CD40	Directed	cytokine	16.2580609222708
TNFSF14	CD86	Directed	cytokine	16.2580609222708
TNFSF14	CSF2	Directed	cytokine	16.2580609222708
TNFSF14	CXCL1	Directed	cytokine	16.2580609222708
TNFSF14	CXCL11	Directed	cytokine	16.2580609222708
TNFSF14	CXCL3	Directed	cytokine	16.2580609222708
TNFSF14	CXCL5	Directed	cytokine	16.2580609222708
TNFSF14	CXCL9	Directed	cytokine	16.2580609222708
TNFSF14	HIF1A	Directed	cytokine	16.2580609222708
TNFSF14	ICAM1	Directed	cytokine	16.2580609222708
TNFSF14	IFNG	Directed	cytokine	16.2580609222708
TNFSF14	IL13	Directed	cytokine	16.2580609222708
TNFSF14	IL6	Directed	cytokine	16.2580609222708
TNFSF14	INHBA	Directed	cytokine	16.2580609222708
TNFSF14	MMP9	Directed	cytokine	16.2580609222708
TNFSF14	NT5E	Directed	cytokine	16.2580609222708
TNFSF14	TGFB1	Directed	cytokine	16.2580609222708
TNFSF14	TNF	Directed	cytokine	16.2580609222708
TNFSF14	VCAM1	Directed	cytokine	16.2580609222708
TNFSF15	BIRC3	Directed	cytokine	13.272458742971443
TNFSF15	CCR7	Directed	cytokine	13.272458742971443
TNFSF15	CD40	Directed	cytokine	13.272458742971443
TNFSF15	CD80	Directed	cytokine	13.272458742971443
TNFSF15	CD83	Directed	cytokine	13.272458742971443
TNFSF15	CD86	Directed	cytokine	13.272458742971443
TNFSF15	CSF2	Directed	cytokine	13.272458742971443
TNFSF15	CXCL8	Directed	cytokine	13.272458742971443
TNFSF15	FLT1	Directed	cytokine	13.272458742971443
TNFSF15	GZMB	Directed	cytokine	13.272458742971443
TNFSF15	IFNG	Directed	cytokine	13.272458742971443
TNFSF15	IL13	Directed	cytokine	13.272458742971443
TNFSF15	IL17A	Directed	cytokine	13.272458742971443
TNFSF15	IL2	Directed	cytokine	13.272458742971443
TNFSF15	IL22	Directed	cytokine	13.272458742971443
TNFSF15	IL2RA	Directed	cytokine	13.272458742971443
TNFSF15	IL2RB	Directed	cytokine	13.272458742971443
TNFSF15	IL4	Directed	cytokine	13.272458742971443
TNFSF15	IL5	Directed	cytokine	13.272458742971443
TNFSF15	IL6	Directed	cytokine	13.272458742971443
TNFSF15	IL9	Directed	cytokine	13.272458742971443
TNFSF15	ITGA5	Directed	cytokine	13.272458742971443
TNFSF15	KLRK1	Directed	cytokine	13.272458742971443
TNFSF15	MMP9	Directed	cytokine	13.272458742971443
TNFSF15	SPP1	Directed	cytokine	13.272458742971443
TNFSF15	TBX21	Directed	cytokine	13.272458742971443
TNFSF15	TNF	Directed	cytokine	13.272458742971443
TSLP	CCL11	Directed	cytokine	14.047207556955907
TSLP	CCL17	Directed	cytokine	14.047207556955907
TSLP	CCR7	Directed	cytokine	14.047207556955907
TSLP	CD40	Directed	cytokine	14.047207556955907
TSLP	CD63	Directed	cytokine	14.047207556955907
TSLP	CD80	Directed	cytokine	14.047207556955907
TSLP	CD83	Directed	cytokine	14.047207556955907
TSLP	CD86	Directed	cytokine	14.047207556955907
TSLP	CISH	Directed	cytokine	14.047207556955907
TSLP	CSF2	Directed	cytokine	14.047207556955907
TSLP	CXCL8	Directed	cytokine	14.047207556955907
TSLP	CXCL9	Directed	cytokine	14.047207556955907
TSLP	ICAM1	Directed	cytokine	14.047207556955907
TSLP	IL10	Directed	cytokine	14.047207556955907
TSLP	IL12B	Directed	cytokine	14.047207556955907
TSLP	IL13	Directed	cytokine	14.047207556955907
TSLP	IL2RA	Directed	cytokine	14.047207556955907
TSLP	IL32	Directed	cytokine	14.047207556955907
TSLP	IL4	Directed	cytokine	14.047207556955907
TSLP	IL5	Directed	cytokine	14.047207556955907
TSLP	IL6	Directed	cytokine	14.047207556955907
TSLP	IL9	Directed	cytokine	14.047207556955907
TSLP	JAK2	Directed	cytokine	14.047207556955907
TSLP	MX1	Directed	cytokine	14.047207556955907
TSLP	NFKB1	Directed	cytokine	14.047207556955907
TSLP	NME1	Directed	cytokine	14.047207556955907
TSLP	SELE	Directed	cytokine	14.047207556955907
TSLP	SELL	Directed	cytokine	14.047207556955907
TSLP	SELP	Directed	cytokine	14.047207556955907
TSLP	TGFB1	Directed	cytokine	14.047207556955907
TSLP	TIMP1	Directed	cytokine	14.047207556955907
TSLP	VEGFA	Directed	cytokine	14.047207556955907
VEGFA	ACHE	Directed	cytokine	24.42481215507234
VEGFA	ADAMTS1	Directed	cytokine	24.42481215507234
VEGFA	ADRB3	Directed	cytokine	24.42481215507234
VEGFA	ALAS1	Directed	cytokine	24.42481215507234
VEGFA	ANPEP	Directed	cytokine	24.42481215507234
VEGFA	BATF	Directed	cytokine	24.42481215507234
VEGFA	BAX	Directed	cytokine	24.42481215507234
VEGFA	BCL2A1	Directed	cytokine	24.42481215507234
VEGFA	BTK	Directed	cytokine	24.42481215507234
VEGFA	BTLA	Directed	cytokine	24.42481215507234
VEGFA	CASP3	Directed	cytokine	24.42481215507234
VEGFA	CCL2	Directed	cytokine	24.42481215507234
VEGFA	CCN1	Directed	cytokine	24.42481215507234
VEGFA	CCRL2	Directed	cytokine	24.42481215507234
VEGFA	CD244	Directed	cytokine	24.42481215507234
VEGFA	CD40	Directed	cytokine	24.42481215507234
VEGFA	CD68	Directed	cytokine	24.42481215507234
VEGFA	CD80	Directed	cytokine	24.42481215507234
VEGFA	CD83	Directed	cytokine	24.42481215507234
VEGFA	CD86	Directed	cytokine	24.42481215507234
VEGFA	CDKN1A	Directed	cytokine	24.42481215507234
VEGFA	CDKN2A	Directed	cytokine	24.42481215507234
VEGFA	CEACAM1	Directed	cytokine	24.42481215507234
VEGFA	CSF2	Directed	cytokine	24.42481215507234
VEGFA	CSF3	Directed	cytokine	24.42481215507234
VEGFA	CTLA4	Directed	cytokine	24.42481215507234
VEGFA	CTSB	Directed	cytokine	24.42481215507234
VEGFA	CTSS	Directed	cytokine	24.42481215507234
VEGFA	CXCL10	Directed	cytokine	24.42481215507234
VEGFA	CXCL8	Directed	cytokine	24.42481215507234
VEGFA	CXCR4	Directed	cytokine	24.42481215507234
VEGFA	DUSP5	Directed	cytokine	24.42481215507234
VEGFA	E2F3	Directed	cytokine	24.42481215507234
VEGFA	EOMES	Directed	cytokine	24.42481215507234
VEGFA	ERAP1	Directed	cytokine	24.42481215507234
VEGFA	ETS1	Directed	cytokine	24.42481215507234
VEGFA	FASLG	Directed	cytokine	24.42481215507234
VEGFA	FLT1	Directed	cytokine	24.42481215507234
VEGFA	GART	Directed	cytokine	24.42481215507234
VEGFA	GBP1	Directed	cytokine	24.42481215507234
VEGFA	HAVCR2	Directed	cytokine	24.42481215507234
VEGFA	HBEGF	Directed	cytokine	24.42481215507234
VEGFA	HIF1A	Directed	cytokine	24.42481215507234
VEGFA	HLX	Directed	cytokine	24.42481215507234
VEGFA	HSPA5	Directed	cytokine	24.42481215507234
VEGFA	ICAM1	Directed	cytokine	24.42481215507234
VEGFA	IFNG	Directed	cytokine	24.42481215507234
VEGFA	IKBKE	Directed	cytokine	24.42481215507234
VEGFA	IL10	Directed	cytokine	24.42481215507234
VEGFA	IL17A	Directed	cytokine	24.42481215507234
VEGFA	IL1B	Directed	cytokine	24.42481215507234
VEGFA	IL6	Directed	cytokine	24.42481215507234
VEGFA	INPP5D	Directed	cytokine	24.42481215507234
VEGFA	ITGA4	Directed	cytokine	24.42481215507234
VEGFA	ITGB3	Directed	cytokine	24.42481215507234
VEGFA	JUNB	Directed	cytokine	24.42481215507234
VEGFA	KARS1	Directed	cytokine	24.42481215507234
VEGFA	KLRG1	Directed	cytokine	24.42481215507234
VEGFA	LAG3	Directed	cytokine	24.42481215507234
VEGFA	LEF1	Directed	cytokine	24.42481215507234
VEGFA	MCL1	Directed	cytokine	24.42481215507234
VEGFA	ME2	Directed	cytokine	24.42481215507234
VEGFA	MMP1	Directed	cytokine	24.42481215507234
VEGFA	MMP12	Directed	cytokine	24.42481215507234
VEGFA	MMP9	Directed	cytokine	24.42481215507234
VEGFA	MVP	Directed	cytokine	24.42481215507234
VEGFA	NME1	Directed	cytokine	24.42481215507234
VEGFA	NOS2	Directed	cytokine	24.42481215507234
VEGFA	PARP1	Directed	cytokine	24.42481215507234
VEGFA	PDCD1	Directed	cytokine	24.42481215507234
VEGFA	PIK3CG	Directed	cytokine	24.42481215507234
VEGFA	PIM1	Directed	cytokine	24.42481215507234
VEGFA	PLAU	Directed	cytokine	24.42481215507234
VEGFA	PPA1	Directed	cytokine	24.42481215507234
VEGFA	PTGS2	Directed	cytokine	24.42481215507234
VEGFA	RASGRP3	Directed	cytokine	24.42481215507234
VEGFA	RUNX1	Directed	cytokine	24.42481215507234
VEGFA	RUNX2	Directed	cytokine	24.42481215507234
VEGFA	SCO2	Directed	cytokine	24.42481215507234
VEGFA	SELE	Directed	cytokine	24.42481215507234
VEGFA	SERPINE1	Directed	cytokine	24.42481215507234
VEGFA	SOD2	Directed	cytokine	24.42481215507234
VEGFA	SPP1	Directed	cytokine	24.42481215507234
VEGFA	STARD8	Directed	cytokine	24.42481215507234
VEGFA	TGFB1	Directed	cytokine	24.42481215507234
VEGFA	THBS1	Directed	cytokine	24.42481215507234
VEGFA	TIMP1	Directed	cytokine	24.42481215507234
VEGFA	TLR1	Directed	cytokine	24.42481215507234
VEGFA	TMSB10	Directed	cytokine	24.42481215507234
VEGFA	TNC	Directed	cytokine	24.42481215507234
VEGFA	TNF	Directed	cytokine	24.42481215507234
VEGFA	TNFRSF9	Directed	cytokine	24.42481215507234
VEGFA	VASH1	Directed	cytokine	24.42481215507234
VEGFA	VCAM1	Directed	cytokine	24.42481215507234
VEGFA	VEGFA	Directed	cytokine	24.42481215507234
